timestamp,ip,protocol,port,hostname,packets,size,asn,geo,region,city,naics,sic,sector
8/1/2020 5:17,14.169.185.55,udp,123,static.vnpt.vn,1,80,45899,VN,HO CHI MINH,THANH PHO HO CHI MINH,517311,,Communications
8/1/2020 5:17,116.100.6.229,udp,123,dynamic-ip-adsl.viettel.vn,1,440,24086,VN,HA NOI,HANOI,517312,,Communications
8/1/2020 5:17,222.253.153.206,udp,123,static.vnpt.vn,100,44000,45899,VN,HO CHI MINH,THANH PHO HO CHI MINH,517311,,Communications
8/1/2020 5:18,171.245.251.131,udp,123,dynamic-ip-adsl.viettel.vn,100,44000,7552,VN,HO CHI MINH,THANH PHO HO CHI MINH,517312,,Communications
8/1/2020 5:18,14.249.203.186,udp,123,static.vnpt.vn,100,44000,45899,VN,HUNG YEN,HUNG YEN,517311,,Communications
8/1/2020 5:18,1.54.59.69,udp,123,,100,44000,18403,VN,KHANH HOA,NHA TRANG,517311,,Communications
8/1/2020 5:20,14.169.217.166,udp,123,static.vnpt.vn,1,80,45899,VN,HO CHI MINH,THANH PHO HO CHI MINH,517311,,Communications
8/1/2020 5:21,42.119.78.211,udp,123,,100,44000,18403,VN,HO CHI MINH,THANH PHO HO CHI MINH,517311,,Communications
8/1/2020 5:21,171.247.30.166,udp,123,dynamic-adsl.viettel.vn,60,26400,7552,VN,DONG NAI,DINH QUAN,517312,,Communications
8/1/2020 5:22,113.186.179.90,udp,123,static.vnpt.vn,100,44000,45899,VN,BAC NINH,BAC NINH,517311,,Communications
8/1/2020 5:22,171.251.47.44,udp,123,dynamic-ip-adsl.viettel.vn,100,44000,7552,VN,LAM DONG,DA LAT,517312,,Communications
8/1/2020 5:22,171.236.209.77,udp,123,dynamic-adsl.viettel.vn,9,3960,7552,VN,HA NOI,HANOI,517312,,Communications
8/1/2020 5:22,42.117.50.170,udp,123,,100,44000,18403,VN,HO CHI MINH,THANH PHO HO CHI MINH,517311,,Communications
8/1/2020 5:22,113.173.158.32,udp,123,static.vnpt.vn,1,80,45899,VN,HO CHI MINH,THANH PHO HO CHI MINH,517311,,Communications
8/1/2020 5:22,116.100.59.206,udp,123,dynamic-ip-adsl.viettel.vn,6,2640,7552,VN,HO CHI MINH,THANH PHO HO CHI MINH,517312,,Communications
8/1/2020 5:22,116.118.65.5,udp,123,,2,736,7602,VN,HO CHI MINH,THANH PHO HO CHI MINH,0,,Communications
8/1/2020 5:22,171.245.228.214,udp,123,dynamic-adsl.viettel.vn,99,43560,7552,VN,HA NOI,HANOI,517312,,Communications
8/1/2020 5:23,115.74.51.63,udp,123,adsl.viettel.vn,100,44000,7552,VN,HA NOI,HANOI,517312,,Communications
8/1/2020 5:23,14.248.146.58,udp,123,static.vnpt.vn,2,592,45899,VN,HA NOI,HANOI,517311,,Communications
8/1/2020 5:23,113.173.87.55,udp,123,static.vnpt.vn,100,44000,45899,VN,HO CHI MINH,THANH PHO HO CHI MINH,517311,,Communications
8/1/2020 5:23,116.108.171.130,udp,123,,74,32560,24086,VN,HO CHI MINH,THANH PHO HO CHI MINH,517312,,Communications
8/1/2020 5:23,115.77.22.120,udp,123,adsl.viettel.vn,100,44000,7552,VN,HO CHI MINH,THANH PHO HO CHI MINH,517312,,Communications
8/1/2020 5:23,118.69.87.199,udp,123,,100,44000,18403,VN,HA NOI,HANOI,517311,,Communications
8/1/2020 5:24,171.234.95.247,udp,123,dynamic-ip-adsl.viettel.vn,1,296,7552,VN,HAI DUONG,HAI DUONG,517312,,Communications
8/1/2020 5:24,116.105.89.74,udp,123,,100,44000,24086,VN,LAM DONG,DA LAT,517312,,Communications
8/1/2020 5:24,123.16.248.251,udp,123,static.vnpt.vn,1,368,45899,VN,HA NOI,HANOI,517311,,Communications
8/1/2020 5:24,115.75.230.242,udp,123,,100,44000,7552,VN,HA NOI,HANOI,517312,,Communications
8/1/2020 5:24,1.53.99.43,udp,123,,100,44000,18403,VN,HA NOI,HANOI,517311,,Communications
8/1/2020 5:24,27.69.203.252,udp,123,localhost,1,152,7552,VN,HO CHI MINH,THANH PHO HO CHI MINH,517312,,Communications
8/1/2020 5:24,118.70.181.238,udp,123,,1,224,18403,VN,HA NOI,HANOI,517311,,Communications
8/1/2020 5:24,123.20.3.107,udp,123,,100,44000,45899,VN,HO CHI MINH,THANH PHO HO CHI MINH,517311,,Communications
8/1/2020 5:25,113.173.100.102,udp,123,static.vnpt.vn,100,44000,45899,VN,HO CHI MINH,THANH PHO HO CHI MINH,517311,,Communications
8/1/2020 5:25,116.102.136.2,udp,123,,100,44000,24086,VN,HO CHI MINH,THANH PHO HO CHI MINH,517312,,Communications
8/1/2020 5:26,113.160.203.92,udp,123,static.vnpt.vn,3,1248,45899,VN,NINH BINH,NINH BINH,517311,,Communications
8/1/2020 5:26,171.231.108.84,udp,123,dynamic-adsl.viettel.vn,1,152,7552,VN,GIA LAI,PLEIKU,517312,,Communications
8/1/2020 5:26,42.113.4.191,udp,123,,1,368,18403,VN,HA NOI,HANOI,517311,,Communications
8/1/2020 5:26,171.243.125.170,udp,123,dynamic-ip-adsl.viettel.vn,1,296,7552,VN,HA NOI,HANOI,517312,,Communications
8/1/2020 5:27,171.227.65.128,udp,123,dynamic-ip-adsl.viettel.vn,79,34760,7552,VN,HO CHI MINH,THANH PHO HO CHI MINH,517312,,Communications
8/1/2020 5:27,1.54.20.112,udp,123,,100,44000,18403,VN,BA RIA-VUNG TAU,VUNG TAU,517311,,Communications
8/1/2020 5:27,171.231.27.199,udp,123,dynamic-ip-adsl.viettel.vn,3,1104,7552,VN,GIA LAI,PLEIKU,517312,,Communications
8/1/2020 5:27,58.187.248.10,udp,123,,100,44000,18403,VN,HA NAM,PHU LY,517311,,Communications
8/1/2020 5:28,27.75.202.253,udp,123,localhost,33,14520,7552,VN,HA NOI,HANOI,517312,,Communications
8/1/2020 5:28,171.246.58.78,udp,123,dynamic-ip-adsl.viettel.vn,6,2424,7552,VN,TIEN GIANG,MY THO,517312,,Communications
8/1/2020 5:28,113.190.130.143,udp,123,static.vnpt.vn,1,224,45899,VN,HA NOI,HANOI,517311,,Communications
8/1/2020 5:28,27.75.149.212,udp,123,localhost,2,592,7552,VN,HO CHI MINH,THANH PHO HO CHI MINH,517312,,Communications
8/1/2020 5:29,171.231.30.125,udp,123,dynamic-ip-adsl.viettel.vn,7,2864,7552,VN,GIA LAI,PLEIKU,517312,,Communications
8/1/2020 5:29,1.54.92.29,udp,123,,1,368,18403,VN,BINH DUONG,THU DAU MOT,517311,,Communications
8/1/2020 5:29,27.77.41.20,udp,123,localhost,1,224,7552,VN,DONG THAP,CAO LANH,517312,,Communications
8/1/2020 5:29,117.3.229.130,udp,123,,1,296,7552,VN,KON TUM,KON TUM,517312,,Communications
8/1/2020 5:29,115.73.133.137,udp,123,adsl.viettel.vn,2,736,7552,VN,HO CHI MINH,THANH PHO HO CHI MINH,517312,,Communications
8/1/2020 5:29,113.173.105.122,udp,123,static.vnpt.vn,2,520,45899,VN,HO CHI MINH,THANH PHO HO CHI MINH,517311,,Communications
8/1/2020 5:30,113.172.186.119,udp,123,static.vnpt.vn,8,3160,45899,VN,HO CHI MINH,THANH PHO HO CHI MINH,517311,,Communications
8/1/2020 5:30,14.186.53.75,udp,123,static.vnpt.vn,1,224,45899,VN,HO CHI MINH,THANH PHO HO CHI MINH,517311,,Communications
8/1/2020 5:30,27.68.9.103,udp,123,localhost,63,27720,7552,VN,HA NOI,HANOI,517312,,Communications
8/1/2020 5:30,27.79.52.111,udp,123,localhost,1,368,7552,VN,HO CHI MINH,THANH PHO HO CHI MINH,517312,,Communications
8/1/2020 5:30,171.251.45.97,udp,123,dynamic-ip-adsl.viettel.vn,100,44000,7552,VN,LAM DONG,DA LAT,517312,,Communications
8/1/2020 5:30,14.186.205.118,udp,123,static.vnpt.vn,92,40480,45899,VN,HA NOI,HANOI,517311,,Communications
8/1/2020 5:30,115.75.216.24,udp,123,,2,592,7552,VN,CAN THO,CAN THO,517312,,Communications
8/1/2020 5:30,115.77.214.183,udp,123,adsl.viettel.vn,1,224,7552,VN,VINH LONG,VINH LONG,517312,,Communications
8/1/2020 5:30,14.186.103.14,udp,123,static.vnpt.vn,100,44000,45899,VN,HO CHI MINH,THANH PHO HO CHI MINH,517311,,Communications
8/1/2020 5:31,171.247.175.109,udp,123,dynamic-ip-adsl.viettel.vn,1,80,7552,VN,HO CHI MINH,THANH PHO HO CHI MINH,517312,,Communications
8/1/2020 5:31,42.112.50.233,udp,123,,100,44000,18403,VN,HA NOI,HANOI,517311,,Communications
8/1/2020 5:32,171.250.46.160,udp,123,,1,80,7552,VN,HO CHI MINH,THANH PHO HO CHI MINH,517312,,Communications
8/1/2020 5:32,14.169.164.249,udp,123,static.vnpt.vn,100,44000,45899,VN,HO CHI MINH,THANH PHO HO CHI MINH,517311,,Communications
8/1/2020 5:32,125.212.208.18,udp,123,,100,44000,7552,VN,HO CHI MINH,THANH PHO HO CHI MINH,517312,,Communications
8/1/2020 5:32,14.169.109.18,udp,123,static.vnpt.vn,3,960,45899,VN,HO CHI MINH,THANH PHO HO CHI MINH,517311,,Communications
8/1/2020 5:32,123.20.212.87,udp,123,,4,1400,45899,VN,HO CHI MINH,THANH PHO HO CHI MINH,517311,,Communications
8/1/2020 5:33,171.226.164.237,udp,123,dynamic-ip-adsl.viettel.vn,78,34320,7552,VN,TAY NINH,TAY NINH,517312,,Communications
8/1/2020 5:34,116.108.170.87,udp,123,,1,152,24086,VN,HO CHI MINH,THANH PHO HO CHI MINH,517312,,Communications
8/1/2020 5:35,27.71.150.86,udp,123,localhost,100,44000,7552,VN,HO CHI MINH,THANH PHO HO CHI MINH,517312,,Communications
8/1/2020 5:36,113.22.23.115,udp,123,,100,44000,18403,VN,HA NOI,HANOI,517311,,Communications
8/1/2020 5:36,115.77.89.209,udp,123,adsl.viettel.vn,3,960,7552,VN,HO CHI MINH,THANH PHO HO CHI MINH,517312,,Communications
8/1/2020 5:36,171.226.160.207,udp,123,dynamic-ip-adsl.viettel.vn,100,44000,7552,VN,TAY NINH,TAY NINH,517312,,Communications
8/1/2020 5:36,113.178.32.79,udp,123,static.vnpt.vn,100,44000,45899,VN,HA NOI,HANOI,517311,,Communications
8/1/2020 5:36,27.79.85.200,udp,123,localhost,100,44000,7552,VN,LAM DONG,DA LAT,517312,,Communications
8/1/2020 5:36,116.106.235.109,udp,123,,8,3160,7552,VN,HA NOI,HANOI,517312,,Communications
8/1/2020 5:36,27.64.179.27,udp,123,localhost,100,44000,7552,VN,SOC TRANG,SOC TRANG,517312,,Communications
8/1/2020 5:36,171.227.196.157,udp,123,dynamic-ip-adsl.viettel.vn,1,152,7552,VN,HO CHI MINH,THANH PHO HO CHI MINH,517312,,Communications
8/1/2020 5:37,171.249.145.223,udp,123,,56,24640,7552,VN,HO CHI MINH,THANH PHO HO CHI MINH,517312,,Communications
8/1/2020 5:37,14.162.175.217,udp,123,,8,3520,45899,VN,HA NOI,HANOI,517311,,Communications
8/1/2020 5:37,171.226.135.102,udp,123,dynamic-ip-adsl.viettel.vn,10,4184,7552,VN,HO CHI MINH,THANH PHO HO CHI MINH,517312,,Communications
8/1/2020 5:37,116.106.192.152,udp,123,dynamic-ip-adsl.viettel.vn,1,80,24086,VN,TAY NINH,TAY NINH,517312,,Communications
8/1/2020 5:37,113.161.172.133,udp,123,static.vnpt.vn,1,152,45899,VN,HO CHI MINH,THANH PHO HO CHI MINH,517311,,Communications
8/1/2020 5:37,113.23.83.139,udp,123,,59,25960,18403,VN,QUANG NGAI,QUANG NGAI,517311,,Communications
8/1/2020 5:38,115.74.194.188,udp,123,,1,152,7552,VN,HA NOI,HANOI,517312,,Communications
8/1/2020 5:38,27.71.140.201,udp,123,localhost,1,224,7552,VN,LAM DONG,DA LAT,517312,,Communications
8/1/2020 5:38,117.2.5.18,udp,123,localhost,1,296,7552,VN,THUA THIEN-HUE,HUE,517312,,Communications
8/1/2020 5:38,171.231.10.50,udp,123,dynamic-ip-adsl.viettel.vn,1,368,7552,VN,HA NOI,HANOI,517312,,Communications
8/1/2020 5:38,116.98.196.127,udp,123,dynamic-ip-adsl.viettel.vn,83,36520,24086,VN,HO CHI MINH,THANH PHO HO CHI MINH,517312,,Communications
8/1/2020 5:39,42.115.61.4,udp,123,,1,80,131178,VN,HA NOI,HANOI,517311,,Communications
8/1/2020 5:39,171.240.147.3,udp,123,dynamic-adsl.viettel.vn,1,80,7552,VN,HO CHI MINH,THANH PHO HO CHI MINH,517312,,Communications
8/1/2020 5:39,115.77.188.214,udp,123,,1,224,7552,VN,HO CHI MINH,THANH PHO HO CHI MINH,517312,,Communications
8/1/2020 5:39,27.3.195.71,udp,123,,2,592,45543,VN,CAN THO,CAN THO,0,,Communications
8/1/2020 5:39,1.55.209.251,udp,123,,3,1320,18403,VN,HA NOI,HANOI,517311,,Communications
8/1/2020 5:39,14.169.24.212,udp,123,,2,520,45899,VN,HA NOI,HANOI,517311,,Communications
8/1/2020 5:40,118.68.15.41,udp,123,,3,1320,18403,VN,HO CHI MINH,THANH PHO HO CHI MINH,517311,,Communications
8/1/2020 5:40,171.235.169.223,udp,123,,1,296,7552,VN,HA NOI,HANOI,517312,,Communications
8/1/2020 5:40,27.64.140.3,udp,123,localhost,3,1032,7552,VN,HO CHI MINH,THANH PHO HO CHI MINH,517312,,Communications
8/1/2020 5:40,171.239.196.20,udp,123,,1,80,7552,VN,HA NOI,HANOI,517312,,Communications
8/1/2020 5:40,118.71.64.194,udp,123,ip-address-pool-xxx.fpt.vn,1,440,18403,VN,NGHE AN,VINH,517311,,Communications
8/1/2020 5:41,14.186.234.179,udp,123,,1,80,45899,VN,HO CHI MINH,THANH PHO HO CHI MINH,517311,,Communications
8/1/2020 5:41,113.22.47.187,udp,123,,85,37400,18403,VN,HA NOI,HANOI,517311,,Communications
8/1/2020 5:41,171.246.111.172,udp,123,,100,44000,7552,VN,HO CHI MINH,THANH PHO HO CHI MINH,517312,,Communications
8/1/2020 5:41,116.110.18.148,udp,123,,95,41800,24086,VN,DA NANG,DA NANG,517312,,Communications
8/1/2020 5:41,42.117.43.158,udp,123,,1,224,18403,VN,HO CHI MINH,THANH PHO HO CHI MINH,517311,,Communications
8/1/2020 5:41,113.22.94.144,udp,123,,39,17160,18403,VN,HA NOI,HANOI,517311,,Communications
8/1/2020 5:41,115.76.186.252,udp,123,adsl.viettel.vn,1,80,7552,VN,HO CHI MINH,THANH PHO HO CHI MINH,517312,,Communications
8/1/2020 5:42,171.225.158.178,udp,123,dynamic-ip-adsl.viettel.vn,99,43560,7552,VN,NINH THUAN,PHAN RANG-THAP CHAM,517312,,Communications
8/1/2020 5:42,27.75.78.115,udp,123,localhost,96,42240,7552,VN,HA NOI,HANOI,517312,,Communications
8/1/2020 5:42,27.75.129.201,udp,123,localhost,14,5944,7552,VN,HO CHI MINH,THANH PHO HO CHI MINH,517312,,Communications
8/1/2020 5:42,171.245.136.201,udp,123,dynamic-ip-adsl.viettel.vn,1,440,7552,VN,HO CHI MINH,THANH PHO HO CHI MINH,517312,,Communications
8/1/2020 5:42,1.52.85.177,udp,123,,100,44000,18403,VN,HO CHI MINH,THANH PHO HO CHI MINH,517311,,Communications
8/1/2020 5:42,118.69.77.143,udp,123,,100,44000,18403,VN,HO CHI MINH,THANH PHO HO CHI MINH,517311,,Communications
8/1/2020 5:42,171.248.122.227,udp,123,,2,520,7552,VN,HO CHI MINH,THANH PHO HO CHI MINH,517312,,Communications
8/1/2020 5:42,14.169.23.111,udp,123,,99,43560,45899,VN,HO CHI MINH,THANH PHO HO CHI MINH,517311,,Communications
8/1/2020 5:43,171.246.34.82,udp,123,dynamic-adsl.viettel.vn,1,296,7552,VN,HA NOI,HANOI,517312,,Communications
8/1/2020 5:43,42.119.166.91,udp,123,,1,296,18403,VN,DA NANG,DA NANG,517311,,Communications
8/1/2020 5:43,171.239.219.4,udp,123,dynamic-ip-adsl.viettel.vn,1,368,7552,VN,CAN THO,CAN THO,517312,,Communications
8/1/2020 5:44,14.169.124.123,udp,123,static.vnpt.vn,1,80,45899,VN,HO CHI MINH,THANH PHO HO CHI MINH,517311,,Communications
8/1/2020 5:44,115.77.189.155,udp,123,,4,1760,7552,VN,HO CHI MINH,THANH PHO HO CHI MINH,517312,,Communications
8/1/2020 5:44,118.68.117.162,udp,123,,100,44000,18403,VN,HO CHI MINH,THANH PHO HO CHI MINH,517311,,Communications
8/1/2020 5:44,115.74.151.104,udp,123,adsl.viettel.vn,100,44000,7552,VN,HO CHI MINH,THANH PHO HO CHI MINH,517312,,Communications
8/1/2020 5:45,27.64.178.63,udp,123,,63,27720,7552,VN,SOC TRANG,SOC TRANG,517312,,Communications
8/1/2020 5:45,116.100.178.10,udp,123,dynamic-ip-adsl.viettel.vn,31,13640,24086,VN,BEN TRE,BEN TRE,517312,,Communications
8/1/2020 5:45,171.243.247.162,udp,123,dynamic-ip-adsl.viettel.vn,1,440,7552,VN,HA NOI,HANOI,517312,,Communications
8/1/2020 5:45,116.105.118.183,udp,123,,100,44000,24086,VN,HA NOI,HANOI,517312,,Communications
8/1/2020 5:45,27.73.106.94,udp,123,localhost,1,80,7552,VN,HA NOI,HANOI,517312,,Communications
8/1/2020 5:45,42.116.136.156,udp,123,,100,44000,18403,VN,HA NOI,HANOI,517311,,Communications
8/1/2020 5:45,171.247.216.254,udp,123,dynamic-ip-adsl.viettel.vn,75,33000,7552,VN,TAY NINH,TAY NINH,517312,,Communications
8/1/2020 5:45,123.30.104.233,udp,123,static.vnpt.vn,13,5360,7643,VN,HA NOI,HANOI,517311,,Communications
8/1/2020 5:45,113.172.126.137,udp,123,static.vnpt.vn,100,44000,45899,VN,HO CHI MINH,THANH PHO HO CHI MINH,517311,,Communications
8/1/2020 5:46,123.21.220.226,udp,123,,100,44000,45899,VN,HO CHI MINH,THANH PHO HO CHI MINH,517311,,Communications
8/1/2020 5:46,123.21.119.251,udp,123,,2,592,45899,VN,HO CHI MINH,THANH PHO HO CHI MINH,517311,,Communications
8/1/2020 5:46,171.246.35.139,udp,123,,2,592,7552,VN,HA NOI,HANOI,517312,,Communications
8/1/2020 5:47,171.233.79.100,udp,123,dynamic-ip-adsl.viettel.vn,2,808,7552,VN,HO CHI MINH,THANH PHO HO CHI MINH,517312,,Communications
8/1/2020 5:47,1.54.29.65,udp,123,,1,368,18403,VN,HO CHI MINH,THANH PHO HO CHI MINH,517311,,Communications
8/1/2020 5:48,14.169.171.19,udp,123,static.vnpt.vn,1,80,45899,VN,HO CHI MINH,THANH PHO HO CHI MINH,517311,,Communications
8/1/2020 5:48,115.77.187.253,udp,123,,2,592,7552,VN,HO CHI MINH,THANH PHO HO CHI MINH,517312,,Communications
8/1/2020 5:48,118.69.112.9,udp,123,,1,80,18403,VN,HO CHI MINH,THANH PHO HO CHI MINH,517311,,Communications
8/1/2020 5:48,171.248.155.162,udp,123,dynamic-ip-adsl.viettel.vn,100,44000,7552,VN,HO CHI MINH,THANH PHO HO CHI MINH,517312,,Communications
8/1/2020 5:48,113.22.216.223,udp,123,,100,44000,18403,VN,HO CHI MINH,THANH PHO HO CHI MINH,517311,,Communications
8/1/2020 5:49,14.162.157.23,udp,123,static.vnpt.vn,97,42680,45899,VN,HA NOI,HANOI,517311,,Communications
8/1/2020 5:49,115.79.32.160,udp,123,,47,20680,7552,VN,HO CHI MINH,THANH PHO HO CHI MINH,517312,,Communications
8/1/2020 5:49,115.79.4.3,udp,123,adsl.viettel.vn,10,4040,7552,VN,HO CHI MINH,THANH PHO HO CHI MINH,517312,,Communications
8/1/2020 5:49,42.112.97.130,udp,123,,1,440,18403,VN,HA NOI,HANOI,517311,,Communications
8/1/2020 5:49,27.75.201.120,udp,123,localhost,100,44000,7552,VN,HA NOI,HANOI,517312,,Communications
8/1/2020 5:49,113.186.130.126,udp,123,,100,44000,45899,VN,HA NOI,HANOI,517311,,Communications
8/1/2020 5:49,27.74.174.30,udp,123,,7,2720,7552,VN,HO CHI MINH,THANH PHO HO CHI MINH,517312,,Communications
8/1/2020 5:49,123.20.21.181,udp,123,,100,44000,45899,VN,HO CHI MINH,THANH PHO HO CHI MINH,517311,,Communications
8/1/2020 5:49,171.231.195.37,udp,123,dynamic-adsl.viettel.vn,99,43560,7552,VN,BINH DINH,QUI NHON,517312,,Communications
8/1/2020 5:49,113.172.250.163,udp,123,,100,44000,45899,VN,HO CHI MINH,THANH PHO HO CHI MINH,517311,,Communications
8/1/2020 5:50,171.239.159.99,udp,123,dynamic-adsl.viettel.vn,1,368,7552,VN,HO CHI MINH,THANH PHO HO CHI MINH,517312,,Communications
8/1/2020 5:50,42.113.56.207,udp,123,,100,44000,18403,VN,HA NOI,HANOI,517311,,Communications
8/1/2020 5:50,171.231.144.1,udp,123,dynamic-ip-adsl.viettel.vn,1,152,7552,VN,HA NOI,HANOI,517312,,Communications
8/1/2020 5:50,118.68.40.158,udp,123,,1,224,18403,VN,DA NANG,DA NANG,517311,,Communications
8/1/2020 5:51,117.4.242.102,udp,123,,15,6312,7552,VN,HA NOI,HANOI,517312,,Communications
8/1/2020 5:51,223.27.108.57,udp,123,,1,152,56146,VN,HA NOI,HANOI,0,,Communications
8/1/2020 5:51,115.76.117.185,udp,123,adsl.viettel.vn,5,1984,7552,VN,HO CHI MINH,THANH PHO HO CHI MINH,517312,,Communications
8/1/2020 5:51,115.77.143.79,udp,123,,100,44000,7552,VN,BA RIA-VUNG TAU,VUNG TAU,517312,,Communications
8/1/2020 5:51,171.247.99.41,udp,123,dynamic-adsl.viettel.vn,1,80,7552,VN,SOC TRANG,SOC TRANG,517312,,Communications
8/1/2020 5:52,171.233.84.184,udp,123,,1,368,7552,VN,HA NOI,HANOI,517312,,Communications
8/1/2020 5:52,27.75.233.194,udp,123,,1,152,7552,VN,HO CHI MINH,THANH PHO HO CHI MINH,517312,,Communications
8/1/2020 5:53,183.80.116.17,udp,123,,50,22000,18403,VN,HO CHI MINH,THANH PHO HO CHI MINH,517311,,Communications
8/1/2020 5:53,14.166.168.192,udp,123,static.vnpt.vn,2,664,45899,VN,HAI PHONG,HAI PHONG,517311,,Communications
8/1/2020 5:53,14.186.57.176,udp,123,,100,44000,45899,VN,HO CHI MINH,THANH PHO HO CHI MINH,517311,,Communications
8/1/2020 5:53,1.55.60.43,udp,123,,2,520,18403,VN,HO CHI MINH,THANH PHO HO CHI MINH,517311,,Communications
8/1/2020 5:53,171.231.193.37,udp,123,dynamic-ip-adsl.viettel.vn,1,152,7552,VN,HO CHI MINH,THANH PHO HO CHI MINH,517312,,Communications
8/1/2020 5:53,27.71.135.196,udp,123,,99,43560,7552,VN,LAM DONG,DA LAT,517312,,Communications
8/1/2020 5:54,171.226.229.16,udp,123,,54,23760,7552,VN,HO CHI MINH,THANH PHO HO CHI MINH,517312,,Communications
8/1/2020 5:55,42.119.24.35,udp,123,,1,80,18403,VN,HA NOI,HANOI,517311,,Communications
8/1/2020 5:55,171.231.185.210,udp,123,,1,296,7552,VN,BINH DINH,QUI NHON,517312,,Communications
8/1/2020 5:56,115.74.128.215,udp,123,,69,30360,7552,VN,AN GIANG,LONG XUYEN,517312,,Communications
8/1/2020 5:56,42.117.246.190,udp,123,,1,440,18403,VN,GIA LAI,PLEIKU,517311,,Communications
8/1/2020 5:56,171.244.103.31,udp,123,dynamic-adsl.viettel.vn,1,80,7552,VN,HO CHI MINH,THANH PHO HO CHI MINH,517312,,Communications
8/1/2020 5:57,14.186.37.70,udp,123,static.vnpt.vn,100,44000,45899,VN,HO CHI MINH,THANH PHO HO CHI MINH,517311,,Communications
8/1/2020 5:57,171.250.201.189,udp,123,dynamic-ip-adsl.viettel.vn,100,44000,7552,VN,HA NOI,HANOI,517312,,Communications
8/1/2020 5:57,27.77.205.182,udp,123,,1,80,7552,VN,HA NOI,HANOI,517312,,Communications
8/1/2020 5:57,222.253.23.106,udp,123,static.vnpt.vn,100,44000,45899,VN,BINH DINH,QUI NHON,517311,,Communications
8/1/2020 5:57,115.79.237.245,udp,123,,2,592,7552,VN,HO CHI MINH,THANH PHO HO CHI MINH,517312,,Communications
8/1/2020 5:57,1.54.68.65,udp,123,,1,440,18403,VN,HA NOI,HANOI,517311,,Communications
8/1/2020 5:57,116.106.231.209,udp,123,,47,20680,7552,VN,HO CHI MINH,THANH PHO HO CHI MINH,517312,,Communications
8/1/2020 5:58,123.20.37.38,udp,123,,100,44000,45899,VN,HO CHI MINH,THANH PHO HO CHI MINH,517311,,Communications
8/1/2020 5:58,123.16.58.206,udp,123,,1,440,45899,VN,HA NOI,HANOI,517311,,Communications
8/1/2020 5:58,116.105.50.227,udp,123,,1,296,24086,VN,LAM DONG,DA LAT,517312,,Communications
8/1/2020 5:58,27.64.208.171,udp,123,localhost,11,4480,7552,VN,HA NOI,HANOI,517312,,Communications
8/1/2020 5:58,14.186.98.90,udp,123,static.vnpt.vn,1,296,45899,VN,HO CHI MINH,THANH PHO HO CHI MINH,517311,,Communications
8/1/2020 5:58,123.17.200.176,udp,123,static.vnpt.vn,100,44000,45899,VN,HAI PHONG,HAI PHONG,517311,,Communications
8/1/2020 5:58,1.55.144.157,udp,123,,100,44000,18403,VN,KHANH HOA,NHA TRANG,517311,,Communications
8/1/2020 5:58,14.169.159.211,udp,123,static.vnpt.vn,1,296,45899,VN,HO CHI MINH,THANH PHO HO CHI MINH,517311,,Communications
8/1/2020 5:58,115.74.121.86,udp,123,adsl.viettel.vn,92,40480,7552,VN,HO CHI MINH,THANH PHO HO CHI MINH,517312,,Communications
8/1/2020 5:59,171.227.219.222,udp,123,,100,44000,7552,VN,HO CHI MINH,THANH PHO HO CHI MINH,517312,,Communications
8/1/2020 5:59,118.70.70.81,udp,123,,100,44000,18403,VN,HA NOI,HANOI,517311,,Communications
8/1/2020 5:59,27.64.37.85,udp,123,localhost,1,80,7552,VN,HA NOI,HANOI,517312,,Communications
8/1/2020 5:59,171.239.82.187,udp,123,dynamic-ip-adsl.viettel.vn,99,43560,7552,VN,HA NOI,HANOI,517312,,Communications
8/1/2020 5:59,113.190.148.7,udp,123,static.vnpt.vn,1,224,45899,VN,HA NOI,HANOI,517311,,Communications
8/1/2020 5:59,113.173.211.149,udp,123,static.vnpt.vn,100,44000,45899,VN,HO CHI MINH,THANH PHO HO CHI MINH,517311,,Communications
8/1/2020 5:59,171.231.179.60,udp,123,dynamic-ip-adsl.viettel.vn,100,44000,7552,VN,BINH DINH,QUI NHON,517312,,Communications
8/1/2020 5:59,113.160.215.221,udp,123,,1,80,45899,VN,HAI PHONG,HAI PHONG,517311,,Communications
8/1/2020 6:00,27.3.115.102,udp,123,,1,296,45543,VN,CAN THO,CAN THO,0,,Communications
8/1/2020 6:00,113.172.177.53,udp,123,static.vnpt.vn,100,44000,45899,VN,HO CHI MINH,THANH PHO HO CHI MINH,517311,,Communications
8/1/2020 6:00,115.72.155.228,udp,123,adsl.viettel.vn,100,44000,7552,VN,VINH LONG,VINH LONG,517312,,Communications
8/1/2020 6:01,113.172.122.209,udp,123,,1,224,45899,VN,HO CHI MINH,THANH PHO HO CHI MINH,517311,,Communications
8/1/2020 6:01,171.227.169.204,udp,123,,59,25960,7552,VN,KHANH HOA,NHA TRANG,517312,,Communications
8/1/2020 6:01,116.102.2.64,udp,123,,1,224,24086,VN,HO CHI MINH,THANH PHO HO CHI MINH,517312,,Communications
8/1/2020 6:02,116.108.8.198,udp,123,,1,440,24086,VN,HO CHI MINH,THANH PHO HO CHI MINH,517312,,Communications
8/1/2020 6:02,123.21.129.105,udp,123,,100,44000,45899,VN,HO CHI MINH,THANH PHO HO CHI MINH,517311,,Communications
8/1/2020 6:02,58.187.243.140,udp,123,,1,152,18403,VN,HA NAM,PHU LY,517311,,Communications
8/1/2020 6:02,58.187.117.227,udp,123,,100,44000,18403,VN,HO CHI MINH,THANH PHO HO CHI MINH,517311,,Communications
8/1/2020 6:03,42.119.245.216,udp,123,,83,36520,18403,VN,HO CHI MINH,THANH PHO HO CHI MINH,517311,,Communications
8/1/2020 6:03,116.102.169.184,udp,123,,99,43560,24086,VN,HO CHI MINH,THANH PHO HO CHI MINH,517312,,Communications
8/1/2020 6:04,171.237.125.237,udp,123,dynamic-adsl.viettel.vn,2,808,7552,VN,HA NOI,HANOI,517312,,Communications
8/1/2020 6:04,171.227.117.100,udp,123,dynamic-ip-adsl.viettel.vn,3,1320,7552,VN,BINH DUONG,DI AN,517312,,Communications
8/1/2020 6:05,42.119.171.134,udp,123,,1,152,18403,VN,HO CHI MINH,THANH PHO HO CHI MINH,517311,,Communications
8/1/2020 6:05,113.23.83.33,udp,123,,1,80,18403,VN,QUANG NGAI,QUANG NGAI,517311,,Communications
8/1/2020 6:05,125.212.199.202,udp,123,,100,44000,38731,VN,HA NOI,HANOI,517312,,Communications
8/1/2020 6:05,115.76.61.250,udp,123,adsl.viettel.vn,13,5720,7552,VN,HO CHI MINH,THANH PHO HO CHI MINH,517312,,Communications
8/1/2020 6:05,171.231.147.136,udp,123,,12,5280,7552,VN,HA NOI,HANOI,517312,,Communications
8/1/2020 6:06,115.78.15.197,udp,123,,2,520,7552,VN,HO CHI MINH,THANH PHO HO CHI MINH,517312,,Communications
8/1/2020 6:06,27.77.76.111,udp,123,localhost,93,40920,7552,VN,HO CHI MINH,THANH PHO HO CHI MINH,517312,,Communications
8/1/2020 6:06,42.114.175.100,udp,123,,100,44000,18403,VN,THAI NGUYEN,THAI NGUYEN,517311,,Communications
8/1/2020 6:06,171.231.176.58,udp,123,dynamic-adsl.viettel.vn,98,43120,7552,VN,BINH DINH,QUI NHON,517312,,Communications
8/1/2020 6:06,171.237.117.198,udp,123,,1,224,7552,VN,NINH BINH,NINH BINH,517312,,Communications
8/1/2020 6:07,171.239.91.96,udp,123,,98,43120,7552,VN,BINH DUONG,DI AN,517312,,Communications
8/1/2020 6:07,222.253.153.237,udp,123,,1,368,45899,VN,HO CHI MINH,THANH PHO HO CHI MINH,517311,,Communications
8/1/2020 6:07,14.249.88.161,udp,123,static.vnpt.vn,10,4400,45899,VN,HA NOI,HANOI,517311,,Communications
8/1/2020 6:08,14.161.25.29,udp,123,static.vnpt.vn,1,152,45899,VN,HO CHI MINH,THANH PHO HO CHI MINH,517311,,Communications
8/1/2020 6:08,113.160.166.10,udp,123,static.vnpt.vn,1,368,45899,VN,TUYEN QUANG,TUYEN QUANG,517311,,Communications
8/1/2020 6:08,116.100.157.17,udp,123,dynamic-ip-adsl.viettel.vn,1,368,24086,VN,BEN TRE,THANH PHU,517312,,Communications
8/1/2020 6:08,171.237.81.60,udp,123,,1,80,7552,VN,NINH BINH,NINH BINH,517312,,Communications
8/1/2020 6:08,123.21.116.68,udp,123,,99,43560,45899,VN,HO CHI MINH,THANH PHO HO CHI MINH,517311,,Communications
8/1/2020 6:09,171.239.134.198,udp,123,,100,44000,7552,VN,HO CHI MINH,THANH PHO HO CHI MINH,517312,,Communications
8/1/2020 6:09,27.79.148.100,udp,123,localhost,3,1176,7552,VN,HA NOI,HANOI,517312,,Communications
8/1/2020 6:09,1.54.17.95,udp,123,,100,44000,18403,VN,HO CHI MINH,THANH PHO HO CHI MINH,517311,,Communications
8/1/2020 6:09,27.70.184.233,udp,123,localhost,68,29920,7552,VN,QUANG NGAI,QUANG NGAI,517312,,Communications
8/1/2020 6:10,171.232.17.128,udp,123,dynamic-ip-adsl.viettel.vn,99,43560,7552,VN,BEN TRE,BEN TRE,517312,,Communications
8/1/2020 6:10,171.250.73.147,udp,123,,1,80,7552,VN,HO CHI MINH,THANH PHO HO CHI MINH,517312,,Communications
8/1/2020 6:10,116.109.234.145,udp,123,,1,152,24086,VN,HO CHI MINH,THANH PHO HO CHI MINH,517312,,Communications
8/1/2020 6:11,1.54.14.22,udp,123,,1,368,18403,VN,HO CHI MINH,THANH PHO HO CHI MINH,517311,,Communications
8/1/2020 6:11,113.22.44.232,udp,123,,55,24200,18403,VN,HA NOI,HANOI,517311,,Communications
8/1/2020 6:11,117.4.185.182,udp,123,localhost,1,224,7552,VN,NINH BINH,NINH BINH,517312,,Communications
8/1/2020 6:12,14.186.248.248,udp,123,static.vnpt.vn,1,80,45899,VN,HO CHI MINH,THANH PHO HO CHI MINH,517311,,Communications
8/1/2020 6:12,210.211.114.242,udp,123,,100,44000,38731,VN,HO CHI MINH,THANH PHO HO CHI MINH,0,,Communications
8/1/2020 6:12,171.252.57.218,udp,123,dynamic-ip-adsl.viettel.vn,2,520,7552,VN,TAY NINH,TAY NINH,517312,,Communications
8/1/2020 6:12,27.75.16.244,udp,123,,100,44000,7552,VN,VINH LONG,VINH LONG,517312,,Communications
8/1/2020 6:13,42.115.129.138,udp,123,,2,880,18403,VN,HO CHI MINH,THANH PHO HO CHI MINH,517311,,Communications
8/1/2020 6:13,118.71.151.6,udp,123,,1,440,18403,VN,HO CHI MINH,THANH PHO HO CHI MINH,517311,,Communications
8/1/2020 6:13,27.69.168.26,udp,123,localhost,2,520,7552,VN,PHU YEN,TUY HOA,517312,,Communications
8/1/2020 6:13,171.235.198.46,udp,123,dynamic-ip-adsl.viettel.vn,46,20240,7552,VN,CA MAU,CA MAU,517312,,Communications
8/1/2020 6:14,118.69.181.140,udp,123,,1,440,18403,VN,DA NANG,DA NANG,517311,,Communications
8/1/2020 6:14,58.187.52.19,udp,123,adsl-dynamic-pool-xxx.fpt.vn,72,31680,18403,VN,NGHE AN,VINH,517311,,Communications
8/1/2020 6:14,118.69.244.51,udp,123,,2,664,18403,VN,HO CHI MINH,THANH PHO HO CHI MINH,517311,,Communications
8/1/2020 6:14,171.239.225.243,udp,123,dynamic-ip-adsl.viettel.vn,2,520,7552,VN,HA NOI,HANOI,517312,,Communications
8/1/2020 6:15,14.248.230.67,udp,123,,2,520,45899,VN,HA NOI,HANOI,517311,,Communications
8/1/2020 6:15,117.2.164.99,udp,123,,100,44000,7552,VN,HO CHI MINH,THANH PHO HO CHI MINH,517312,,Communications
8/1/2020 6:15,116.109.165.171,udp,123,,1,224,24086,VN,CAN THO,CAN THO,517312,,Communications
8/1/2020 6:15,113.22.167.7,udp,123,,1,80,18403,VN,HO CHI MINH,THANH PHO HO CHI MINH,517311,,Communications
8/1/2020 6:15,171.248.115.136,udp,123,dynamic-ip-adsl.viettel.vn,100,44000,7552,VN,HO CHI MINH,THANH PHO HO CHI MINH,517312,,Communications
8/1/2020 6:16,14.162.120.181,udp,123,,100,44000,45899,VN,HA NOI,HANOI,517311,,Communications
8/1/2020 6:16,42.116.43.35,udp,123,,100,44000,18403,VN,HO CHI MINH,THANH PHO HO CHI MINH,517311,,Communications
8/1/2020 6:17,117.0.198.138,udp,123,localhost,98,43120,7552,VN,HA NOI,HANOI,517312,,Communications
8/1/2020 6:17,113.172.185.76,udp,123,static.vnpt.vn,1,368,45899,VN,HO CHI MINH,THANH PHO HO CHI MINH,517311,,Communications
8/1/2020 6:17,42.116.179.176,udp,123,,100,44000,18403,VN,DA NANG,DA NANG,517311,,Communications
8/1/2020 6:17,113.22.22.170,udp,123,,1,152,18403,VN,HA NOI,HANOI,517311,,Communications
8/1/2020 6:18,171.233.101.139,udp,123,,1,80,7552,VN,HO CHI MINH,THANH PHO HO CHI MINH,517312,,Communications
8/1/2020 6:18,1.54.69.221,udp,123,,1,152,18403,VN,HA NOI,HANOI,517311,,Communications
8/1/2020 6:18,123.20.34.73,udp,123,,1,296,45899,VN,HO CHI MINH,THANH PHO HO CHI MINH,517311,,Communications
8/1/2020 6:19,42.114.100.155,udp,123,,1,80,18403,VN,HAI PHONG,HAI PHONG,517311,,Communications
8/1/2020 6:19,14.169.237.237,udp,123,static.vnpt.vn,1,80,45899,VN,HO CHI MINH,THANH PHO HO CHI MINH,517311,,Communications
8/1/2020 6:19,115.76.109.84,udp,123,adsl.viettel.vn,1,80,7552,VN,HA NOI,HANOI,517312,,Communications
8/1/2020 6:19,27.68.127.208,udp,123,localhost,99,43560,7552,VN,HO CHI MINH,THANH PHO HO CHI MINH,517312,,Communications
8/1/2020 6:19,116.106.125.139,udp,123,dynamic-ip-adsl.viettel.vn,100,44000,24086,VN,BEN TRE,BEN TRE,517312,,Communications
8/1/2020 6:19,117.5.217.106,udp,123,localhost,1,440,7552,VN,HA NOI,HANOI,517312,,Communications
8/1/2020 6:20,180.148.6.190,udp,123,,1,80,45557,VN,HO CHI MINH,THANH PHO HO CHI MINH,0,,Communications
8/1/2020 6:20,113.166.92.216,udp,123,static.vnpt.vn,1,152,45899,VN,CAN THO,CAN THO,517311,,Communications
8/1/2020 6:20,14.169.177.222,udp,123,static.vnpt.vn,100,44000,45899,VN,HO CHI MINH,THANH PHO HO CHI MINH,517311,,Communications
8/1/2020 6:21,117.3.174.221,udp,123,,1,80,7552,VN,HO CHI MINH,THANH PHO HO CHI MINH,517312,,Communications
8/1/2020 6:21,123.20.34.135,udp,123,,1,80,45899,VN,HO CHI MINH,THANH PHO HO CHI MINH,517311,,Communications
8/1/2020 6:22,115.79.180.213,udp,123,adsl.viettel.vn,100,44000,7552,VN,HA NOI,HANOI,517312,,Communications
8/1/2020 6:22,14.169.124.214,udp,123,,2,520,45899,VN,HO CHI MINH,THANH PHO HO CHI MINH,517311,,Communications
8/1/2020 6:22,116.110.102.253,udp,123,,14,6016,24086,VN,DA NANG,DA NANG,517312,,Communications
8/1/2020 6:22,14.187.146.185,udp,123,static.vnpt.vn,7,2936,45899,VN,HO CHI MINH,THANH PHO HO CHI MINH,517311,,Communications
8/1/2020 6:23,42.119.112.195,udp,123,,2,880,18403,VN,HO CHI MINH,THANH PHO HO CHI MINH,517311,,Communications
8/1/2020 6:23,171.252.224.90,udp,123,dynamic-ip-adsl.viettel.vn,3,1248,7552,VN,HO CHI MINH,THANH PHO HO CHI MINH,517312,,Communications
8/1/2020 6:24,113.178.68.145,udp,123,static.vnpt.vn,1,368,45899,VN,HA NOI,HANOI,517311,,Communications
8/1/2020 6:25,115.77.175.49,udp,123,adsl.viettel.vn,1,296,7552,VN,BA RIA-VUNG TAU,VUNG TAU,517312,,Communications
8/1/2020 6:25,14.187.182.12,udp,123,,1,152,45899,VN,HO CHI MINH,THANH PHO HO CHI MINH,517311,,Communications
8/1/2020 6:25,123.20.110.170,udp,123,,1,80,45899,VN,HO CHI MINH,THANH PHO HO CHI MINH,517311,,Communications
8/1/2020 6:25,42.117.148.73,udp,123,,3,1320,18403,VN,HO CHI MINH,THANH PHO HO CHI MINH,517311,,Communications
8/1/2020 6:25,42.113.251.61,udp,123,,8,3520,18403,VN,HA NOI,HANOI,517311,,Communications
8/1/2020 6:26,1.55.16.201,udp,123,,2,880,18403,VN,HA NOI,HANOI,517311,,Communications
8/1/2020 6:26,113.22.132.229,udp,123,,100,44000,18403,VN,HO CHI MINH,THANH PHO HO CHI MINH,517311,,Communications
8/1/2020 6:27,115.72.109.207,udp,123,adsl.viettel.vn,2,520,7552,VN,HO CHI MINH,THANH PHO HO CHI MINH,517312,,Communications
8/1/2020 6:27,171.233.224.138,udp,123,dynamic-adsl.viettel.vn,40,17600,7552,VN,HO CHI MINH,THANH PHO HO CHI MINH,517312,,Communications
8/1/2020 6:27,113.22.93.179,udp,123,,2,520,18403,VN,HA NOI,HANOI,517311,,Communications
8/1/2020 6:28,27.72.156.96,udp,123,dynamic-ip-adsl.viettel.vn,1,440,7552,VN,HUNG YEN,HUNG YEN,517312,,Communications
8/1/2020 6:28,171.241.126.190,udp,123,dynamic-adsl.viettel.vn,3,1032,7552,VN,HA NOI,HANOI,517312,,Communications
8/1/2020 6:28,171.245.248.51,udp,123,dynamic-adsl.viettel.vn,2,880,7552,VN,HO CHI MINH,THANH PHO HO CHI MINH,517312,,Communications
8/1/2020 6:29,115.78.232.70,udp,123,,1,80,7552,VN,HO CHI MINH,THANH PHO HO CHI MINH,517312,,Communications
8/1/2020 6:30,113.172.201.251,udp,123,,1,440,45899,VN,HO CHI MINH,THANH PHO HO CHI MINH,517311,,Communications
8/1/2020 6:30,27.79.84.129,udp,123,,100,44000,7552,VN,LAM DONG,DA LAT,517312,,Communications
8/1/2020 6:30,115.76.91.234,udp,123,adsl.viettel.vn,82,36080,7552,VN,HO CHI MINH,THANH PHO HO CHI MINH,517312,,Communications
8/1/2020 6:30,171.244.107.224,udp,123,dynamic-ip-adsl.viettel.vn,100,44000,7552,VN,HO CHI MINH,THANH PHO HO CHI MINH,517312,,Communications
8/1/2020 6:31,116.110.179.157,udp,123,,1,80,24086,VN,QUANG NGAI,QUANG NGAI,517312,,Communications
8/1/2020 6:31,115.72.139.184,udp,123,,1,224,7552,VN,LONG AN,LONG AN,517312,,Communications
8/1/2020 6:31,117.2.52.22,udp,123,localhost,1,80,7552,VN,HA NOI,HANOI,517312,,Communications
8/1/2020 6:32,117.7.121.22,udp,123,localhost,100,44000,7552,VN,KHANH HOA,NHA TRANG,517312,,Communications
8/1/2020 6:32,1.54.182.233,udp,123,,1,296,18403,VN,HO CHI MINH,THANH PHO HO CHI MINH,517311,,Communications
8/1/2020 6:32,42.119.223.23,udp,123,,100,44000,18403,VN,HO CHI MINH,THANH PHO HO CHI MINH,517311,,Communications
8/1/2020 6:32,14.169.141.178,udp,123,static.vnpt.vn,100,44000,45899,VN,HO CHI MINH,THANH PHO HO CHI MINH,517311,,Communications
8/1/2020 6:32,115.76.99.254,udp,123,,1,224,7552,VN,HA NOI,HANOI,517312,,Communications
8/1/2020 6:33,180.148.2.119,udp,123,,1,224,45557,VN,BINH DUONG,DI AN,0,,Communications
8/1/2020 6:33,42.115.252.152,udp,123,,61,26840,18403,VN,TAY NINH,TAY NINH,517311,,Communications
8/1/2020 6:33,42.118.181.238,udp,123,,1,440,18403,VN,HA NOI,HANOI,517311,,Communications
8/1/2020 6:33,1.53.222.167,udp,123,,1,368,18403,VN,HO CHI MINH,THANH PHO HO CHI MINH,517311,,Communications
8/1/2020 6:33,171.243.1.195,udp,123,,3,1176,7552,VN,BINH DINH,QUI NHON,517312,,Communications
8/1/2020 6:33,171.236.229.214,udp,123,dynamic-ip-adsl.viettel.vn,77,33880,7552,VN,HO CHI MINH,THANH PHO HO CHI MINH,517312,,Communications
8/1/2020 6:33,115.77.57.77,udp,123,adsl.viettel.vn,31,13640,7552,VN,HO CHI MINH,THANH PHO HO CHI MINH,517312,,Communications
8/1/2020 6:33,116.100.137.23,udp,123,dynamic-ip-adsl.viettel.vn,4,1760,24086,VN,HO CHI MINH,THANH PHO HO CHI MINH,517312,,Communications
8/1/2020 6:34,14.169.125.179,udp,123,static.vnpt.vn,1,80,45899,VN,HO CHI MINH,THANH PHO HO CHI MINH,517311,,Communications
8/1/2020 6:34,222.252.110.106,udp,123,static.vnpt.vn,9,3960,45899,VN,HA NOI,HANOI,517311,,Communications
8/1/2020 6:34,171.247.96.116,udp,123,dynamic-ip-adsl.viettel.vn,1,224,7552,VN,SOC TRANG,SOC TRANG,517312,,Communications
8/1/2020 6:35,115.75.211.218,udp,123,,11,4696,7552,VN,HO CHI MINH,THANH PHO HO CHI MINH,517312,,Communications
8/1/2020 6:35,116.102.227.200,udp,123,,1,440,24086,VN,HO CHI MINH,THANH PHO HO CHI MINH,517312,,Communications
8/1/2020 6:36,123.21.188.73,udp,123,,100,44000,45899,VN,HO CHI MINH,THANH PHO HO CHI MINH,517311,,Communications
8/1/2020 6:37,42.115.146.206,udp,123,,1,440,18403,VN,HA NOI,HANOI,517311,,Communications
8/1/2020 6:37,116.98.38.40,udp,123,dynamic-ip-adsl.viettel.vn,1,224,24086,VN,KHANH HOA,NHA TRANG,517312,,Communications
8/1/2020 6:37,171.240.152.221,udp,123,dynamic-ip-adsl.viettel.vn,86,37840,7552,VN,HO CHI MINH,THANH PHO HO CHI MINH,517312,,Communications
8/1/2020 6:37,42.112.215.5,udp,123,,1,80,18403,VN,HA NOI,HANOI,517311,,Communications
8/1/2020 6:37,27.74.89.49,udp,123,,1,80,7552,VN,HA NOI,HANOI,517312,,Communications
8/1/2020 6:37,116.106.117.175,udp,123,dynamic-ip-adsl.viettel.vn,1,440,24086,VN,TIEN GIANG,MY THO,517312,,Communications
8/1/2020 6:38,115.73.8.113,udp,123,,100,44000,7552,VN,HO CHI MINH,THANH PHO HO CHI MINH,517312,,Communications
8/1/2020 6:38,171.247.150.237,udp,123,,100,44000,7552,VN,HO CHI MINH,THANH PHO HO CHI MINH,517312,,Communications
8/1/2020 6:38,123.22.92.19,udp,123,,1,152,45899,VN,SOC TRANG,SOC TRANG,517311,,Communications
8/1/2020 6:38,14.162.200.246,udp,123,,100,44000,45899,VN,HA NOI,HANOI,517311,,Communications
8/1/2020 6:38,27.74.219.165,udp,123,localhost,100,44000,7552,VN,HA NOI,HANOI,517312,,Communications
8/1/2020 6:39,1.52.119.98,udp,123,,100,44000,18403,VN,HO CHI MINH,THANH PHO HO CHI MINH,517311,,Communications
8/1/2020 6:39,171.251.230.210,udp,123,dynamic-adsl.viettel.vn,1,80,7552,VN,HA NOI,HANOI,517312,,Communications
8/1/2020 6:39,123.21.214.47,udp,123,,1,152,45899,VN,HO CHI MINH,THANH PHO HO CHI MINH,517311,,Communications
8/1/2020 6:40,14.186.121.50,udp,123,static.vnpt.vn,1,80,45899,VN,HO CHI MINH,THANH PHO HO CHI MINH,517311,,Communications
8/1/2020 6:40,1.53.32.52,udp,123,,3,1248,18403,VN,HA NOI,HANOI,517311,,Communications
8/1/2020 6:40,116.109.179.223,udp,123,,100,44000,24086,VN,HO CHI MINH,THANH PHO HO CHI MINH,517312,,Communications
8/1/2020 6:40,14.169.161.110,udp,123,static.vnpt.vn,1,80,45899,VN,HO CHI MINH,THANH PHO HO CHI MINH,517311,,Communications
8/1/2020 6:40,171.245.255.252,udp,123,dynamic-ip-adsl.viettel.vn,1,296,7552,VN,HO CHI MINH,THANH PHO HO CHI MINH,517312,,Communications
8/1/2020 6:41,14.248.234.112,udp,123,static.vnpt.vn,100,44000,45899,VN,HA NOI,HANOI,517311,,Communications
8/1/2020 6:41,42.118.193.251,udp,123,,100,44000,18403,VN,HA NOI,HANOI,517311,,Communications
8/1/2020 6:41,115.79.166.86,udp,123,adsl.viettel.vn,100,44000,7552,VN,BEN TRE,BEN TRE,517312,,Communications
8/1/2020 6:41,42.117.50.79,udp,123,,1,440,18403,VN,HO CHI MINH,THANH PHO HO CHI MINH,517311,,Communications
8/1/2020 6:41,14.226.244.249,udp,123,static.vnpt.vn,98,43120,45899,VN,HO CHI MINH,THANH PHO HO CHI MINH,517311,,Communications
8/1/2020 6:41,171.225.161.17,udp,123,dynamic-ip-adsl.viettel.vn,1,368,7552,VN,HA NOI,HANOI,517312,,Communications
8/1/2020 6:42,115.73.116.211,udp,123,adsl.viettel.vn,1,440,7552,VN,DA NANG,DA NANG,517312,,Communications
8/1/2020 6:42,113.22.70.73,udp,123,,1,440,18403,VN,HO CHI MINH,THANH PHO HO CHI MINH,517311,,Communications
8/1/2020 6:42,116.106.4.145,udp,123,dynamic-adsl.viettel.vn,72,31680,24086,VN,HO CHI MINH,THANH PHO HO CHI MINH,517312,,Communications
8/1/2020 6:42,27.70.149.144,udp,123,localhost,100,44000,7552,VN,QUANG NGAI,QUANG NGAI,517312,,Communications
8/1/2020 6:43,123.21.229.98,udp,123,,100,44000,45899,VN,HO CHI MINH,THANH PHO HO CHI MINH,517311,,Communications
8/1/2020 6:43,42.113.214.44,udp,123,,1,440,18403,VN,HA NOI,HANOI,517311,,Communications
8/1/2020 6:43,113.173.110.33,udp,123,static.vnpt.vn,100,44000,45899,VN,HO CHI MINH,THANH PHO HO CHI MINH,517311,,Communications
8/1/2020 6:43,116.106.34.87,udp,123,dynamic-adsl.viettel.vn,1,296,24086,VN,HO CHI MINH,THANH PHO HO CHI MINH,517312,,Communications
8/1/2020 6:43,171.235.96.243,udp,123,dynamic-ip-adsl.viettel.vn,100,44000,7552,VN,BAC LIEU,BAC LIEU,517312,,Communications
8/1/2020 6:43,171.232.79.156,udp,123,dynamic-ip-adsl.viettel.vn,76,33152,7552,VN,HO CHI MINH,THANH PHO HO CHI MINH,517312,,Communications
8/1/2020 6:43,118.70.85.232,udp,123,,100,44000,18403,VN,HA NOI,HANOI,517311,,Communications
8/1/2020 6:44,115.72.214.22,udp,123,,1,224,7552,VN,AN GIANG,MY HOA,517312,,Communications
8/1/2020 6:44,115.78.6.169,udp,123,,8,3304,7552,VN,HO CHI MINH,THANH PHO HO CHI MINH,517312,,Communications
8/1/2020 6:44,115.72.192.119,udp,123,,3,1032,7552,VN,HO CHI MINH,THANH PHO HO CHI MINH,517312,,Communications
8/1/2020 6:44,113.190.20.101,udp,123,static.vnpt.vn,1,80,45899,VN,HA NOI,HANOI,517311,,Communications
8/1/2020 6:44,116.109.21.103,udp,123,,1,368,24086,VN,HO CHI MINH,THANH PHO HO CHI MINH,517312,,Communications
8/1/2020 6:45,171.233.80.164,udp,123,dynamic-ip-adsl.viettel.vn,39,17160,7552,VN,HA NOI,HANOI,517312,,Communications
8/1/2020 6:45,171.225.152.88,udp,123,dynamic-ip-adsl.viettel.vn,69,30360,7552,VN,HA NOI,HANOI,517312,,Communications
8/1/2020 6:45,171.225.139.78,udp,123,dynamic-adsl.viettel.vn,83,36520,7552,VN,BINH THUAN,PHAN THIET,517312,,Communications
8/1/2020 6:45,115.73.106.74,udp,123,,1,80,7552,VN,HO CHI MINH,THANH PHO HO CHI MINH,517312,,Communications
8/1/2020 6:45,14.169.40.91,udp,123,static.vnpt.vn,100,44000,45899,VN,HO CHI MINH,THANH PHO HO CHI MINH,517311,,Communications
8/1/2020 6:45,116.109.198.175,udp,123,,12,5208,24086,VN,HO CHI MINH,THANH PHO HO CHI MINH,517312,,Communications
8/1/2020 6:45,1.54.18.13,udp,123,,100,44000,18403,VN,HO CHI MINH,THANH PHO HO CHI MINH,517311,,Communications
8/1/2020 6:45,115.76.231.39,udp,123,,92,40480,7552,VN,HA NOI,HANOI,517312,,Communications
8/1/2020 6:45,116.105.57.15,udp,123,,100,44000,24086,VN,LAM DONG,DA LAT,517312,,Communications
8/1/2020 6:46,27.74.91.3,udp,123,,100,44000,7552,VN,HA NOI,HANOI,517312,,Communications
8/1/2020 6:46,112.197.124.151,udp,123,,1,152,45543,VN,HO CHI MINH,THANH PHO HO CHI MINH,0,,Communications
8/1/2020 6:46,113.173.251.207,udp,123,static.vnpt.vn,1,368,45899,VN,HO CHI MINH,THANH PHO HO CHI MINH,517311,,Communications
8/1/2020 6:46,171.243.101.105,udp,123,dynamic-ip-adsl.viettel.vn,100,44000,7552,VN,HA NOI,HANOI,517312,,Communications
8/1/2020 6:46,42.113.137.160,udp,123,,70,30800,18403,VN,HA NOI,HANOI,517311,,Communications
8/1/2020 6:46,27.72.31.83,udp,123,,1,368,7552,VN,HA NOI,HANOI,517312,,Communications
8/1/2020 6:46,14.187.30.38,udp,123,static.vnpt.vn,5,2200,45899,VN,HO CHI MINH,THANH PHO HO CHI MINH,517311,,Communications
8/1/2020 6:46,14.169.233.241,udp,123,static.vnpt.vn,100,44000,45899,VN,HO CHI MINH,THANH PHO HO CHI MINH,517311,,Communications
8/1/2020 6:47,116.109.139.60,udp,123,,100,44000,24086,VN,HO CHI MINH,THANH PHO HO CHI MINH,517312,,Communications
8/1/2020 6:47,27.79.120.81,udp,123,localhost,1,152,7552,VN,HO CHI MINH,THANH PHO HO CHI MINH,517312,,Communications
8/1/2020 6:47,123.20.92.237,udp,123,,13,5360,45899,VN,HO CHI MINH,THANH PHO HO CHI MINH,517311,,Communications
8/1/2020 6:48,115.74.16.35,udp,123,adsl.viettel.vn,1,152,7552,VN,HO CHI MINH,THANH PHO HO CHI MINH,517312,,Communications
8/1/2020 6:48,171.247.146.228,udp,123,dynamic-ip-adsl.viettel.vn,1,80,7552,VN,HO CHI MINH,THANH PHO HO CHI MINH,517312,,Communications
8/1/2020 6:48,113.22.212.6,udp,123,,1,152,18403,VN,HO CHI MINH,THANH PHO HO CHI MINH,517311,,Communications
8/1/2020 6:49,27.68.3.236,udp,123,localhost,1,152,7552,VN,TIEN GIANG,MY THO,517312,,Communications
8/1/2020 6:49,113.172.120.63,udp,123,,1,80,45899,VN,HO CHI MINH,THANH PHO HO CHI MINH,517311,,Communications
8/1/2020 6:49,118.68.123.23,udp,123,,1,224,18403,VN,HA NOI,HANOI,517311,,Communications
8/1/2020 6:49,183.80.221.7,udp,123,,1,224,18403,VN,HO CHI MINH,THANH PHO HO CHI MINH,517311,,Communications
8/1/2020 6:49,14.187.176.80,udp,123,static.vnpt.vn,100,44000,45899,VN,HO CHI MINH,THANH PHO HO CHI MINH,517311,,Communications
8/1/2020 6:50,14.161.26.102,udp,123,,62,27280,45899,VN,HO CHI MINH,THANH PHO HO CHI MINH,517311,,Communications
8/1/2020 6:50,123.20.182.91,udp,123,,1,368,45899,VN,HO CHI MINH,THANH PHO HO CHI MINH,517311,,Communications
8/1/2020 6:50,27.77.28.32,udp,123,,5,2056,7552,VN,HA NOI,HANOI,517312,,Communications
8/1/2020 6:50,113.162.155.241,udp,123,static.vnpt.vn,1,296,45899,VN,HO CHI MINH,THANH PHO HO CHI MINH,517311,,Communications
8/1/2020 6:50,116.106.166.86,udp,123,dynamic-ip-adsl.viettel.vn,100,44000,7552,VN,HO CHI MINH,THANH PHO HO CHI MINH,517312,,Communications
8/1/2020 6:50,171.250.90.161,udp,123,,1,80,7552,VN,HA NOI,HANOI,517312,,Communications
8/1/2020 6:50,125.212.165.194,udp,123,,83,36520,24086,VN,HA NOI,HANOI,517312,,Communications
8/1/2020 6:50,14.161.36.218,udp,123,static.vnpt.vn,4,1400,45899,VN,HO CHI MINH,THANH PHO HO CHI MINH,517311,,Communications
8/1/2020 6:51,171.250.159.94,udp,123,dynamic-ip-adsl.viettel.vn,1,152,7552,VN,BEN TRE,BEN TRE,517312,,Communications
8/1/2020 6:51,115.74.25.242,udp,123,adsl.viettel.vn,1,224,7552,VN,HO CHI MINH,THANH PHO HO CHI MINH,517312,,Communications
8/1/2020 6:51,42.118.232.60,udp,123,,2,880,18403,VN,HO CHI MINH,THANH PHO HO CHI MINH,517311,,Communications
8/1/2020 6:51,113.172.179.69,udp,123,,1,152,45899,VN,HO CHI MINH,THANH PHO HO CHI MINH,517311,,Communications
8/1/2020 6:51,115.75.10.245,udp,123,,8,3520,7552,VN,HA NOI,HANOI,517312,,Communications
8/1/2020 6:52,113.164.79.251,udp,123,,1,152,45899,VN,CAN THO,CAN THO,517311,,Communications
8/1/2020 6:52,113.161.128.128,udp,123,static.vnpt.vn,1,368,45899,VN,BA RIA-VUNG TAU,VUNG TAU,517311,,Communications
8/1/2020 6:52,115.72.165.36,udp,123,adsl.viettel.vn,2,520,7552,VN,BA RIA-VUNG TAU,VUNG TAU,517312,,Communications
8/1/2020 6:53,42.116.238.113,udp,123,,1,152,18403,VN,HO CHI MINH,THANH PHO HO CHI MINH,517311,,Communications
8/1/2020 6:53,118.70.22.52,udp,123,,2,880,18403,VN,HO CHI MINH,THANH PHO HO CHI MINH,517311,,Communications
8/1/2020 6:53,171.225.232.112,udp,123,dynamic-ip-adsl.viettel.vn,94,41360,7552,VN,KHANH HOA,NHA TRANG,517312,,Communications
8/1/2020 6:53,14.169.196.92,udp,123,static.vnpt.vn,1,296,45899,VN,HO CHI MINH,THANH PHO HO CHI MINH,517311,,Communications
8/1/2020 6:53,1.55.72.95,udp,123,,1,224,18403,VN,HA NOI,HANOI,517311,,Communications
8/1/2020 6:53,116.105.81.87,udp,123,,1,224,24086,VN,HO CHI MINH,THANH PHO HO CHI MINH,517312,,Communications
8/1/2020 6:54,42.114.224.57,udp,123,,100,44000,18403,VN,HA NOI,HANOI,517311,,Communications
8/1/2020 6:54,1.53.33.45,udp,123,,1,152,18403,VN,HO CHI MINH,THANH PHO HO CHI MINH,517311,,Communications
8/1/2020 6:54,42.117.22.186,udp,123,,1,440,18403,VN,HO CHI MINH,THANH PHO HO CHI MINH,517311,,Communications
8/1/2020 6:54,116.99.161.227,udp,123,dynamic-adsl.viettel.vn,1,152,24086,VN,BINH DINH,QUI NHON,517312,,Communications
8/1/2020 6:55,27.70.237.161,udp,123,localhost,58,25520,7552,VN,BINH THUAN,PHAN THIET,517312,,Communications
8/1/2020 6:55,27.68.30.37,udp,123,localhost,95,41800,7552,VN,HO CHI MINH,THANH PHO HO CHI MINH,517312,,Communications
8/1/2020 6:55,183.80.43.166,udp,123,,1,296,18403,VN,BINH DINH,QUI NHON,517311,,Communications
8/1/2020 6:55,14.169.140.29,udp,123,static.vnpt.vn,2,664,45899,VN,HO CHI MINH,THANH PHO HO CHI MINH,517311,,Communications
8/1/2020 6:55,27.74.95.115,udp,123,localhost,100,44000,7552,VN,HA NOI,HANOI,517312,,Communications
8/1/2020 6:55,14.229.142.195,udp,123,static.vnpt.vn,100,44000,45899,VN,HA NOI,HANOI,517311,,Communications
8/1/2020 6:55,113.173.113.52,udp,123,static.vnpt.vn,100,44000,45899,VN,HO CHI MINH,THANH PHO HO CHI MINH,517311,,Communications
8/1/2020 6:56,27.77.86.161,udp,123,localhost,1,80,7552,VN,LONG AN,TAN AN,517312,,Communications
8/1/2020 6:56,113.172.50.159,udp,123,static.vnpt.vn,60,26400,45899,VN,HO CHI MINH,THANH PHO HO CHI MINH,517311,,Communications
8/1/2020 6:57,27.79.103.219,udp,123,localhost,100,44000,7552,VN,HO CHI MINH,THANH PHO HO CHI MINH,517312,,Communications
8/1/2020 6:57,171.247.190.131,udp,123,dynamic-ip-adsl.viettel.vn,100,44000,7552,VN,HO CHI MINH,THANH PHO HO CHI MINH,517312,,Communications
8/1/2020 6:57,117.2.104.160,udp,123,,2,520,7552,VN,DA NANG,DA NANG,517312,,Communications
8/1/2020 6:58,116.106.8.243,udp,123,dynamic-ip-adsl.viettel.vn,88,38720,24086,VN,HO CHI MINH,THANH PHO HO CHI MINH,517312,,Communications
8/1/2020 6:58,118.71.154.116,udp,123,,1,440,18403,VN,HA NOI,HANOI,517311,,Communications
8/1/2020 6:58,115.77.63.2,udp,123,adsl.viettel.vn,1,224,7552,VN,HO CHI MINH,THANH PHO HO CHI MINH,517312,,Communications
8/1/2020 6:58,115.76.246.42,udp,123,,1,80,7552,VN,HO CHI MINH,THANH PHO HO CHI MINH,517312,,Communications
8/1/2020 6:58,118.69.148.4,udp,123,,100,44000,18403,VN,DA NANG,DA NANG,517311,,Communications
8/1/2020 6:58,42.112.50.40,udp,123,,100,44000,18403,VN,HA NOI,HANOI,517311,,Communications
8/1/2020 6:59,171.230.62.56,udp,123,,3,1320,7552,VN,HA NOI,HANOI,517312,,Communications
8/1/2020 6:59,171.250.13.148,udp,123,dynamic-ip-adsl.viettel.vn,100,44000,7552,VN,HO CHI MINH,THANH PHO HO CHI MINH,517312,,Communications
8/1/2020 6:59,183.80.183.11,udp,123,,100,44000,18403,VN,HO CHI MINH,THANH PHO HO CHI MINH,517311,,Communications
8/1/2020 6:59,27.75.121.54,udp,123,localhost,100,44000,7552,VN,TIEN GIANG,MY THO,517312,,Communications
8/1/2020 7:00,115.76.122.42,udp,123,adsl.viettel.vn,1,224,7552,VN,HO CHI MINH,THANH PHO HO CHI MINH,517312,,Communications
8/1/2020 7:00,113.23.127.56,udp,123,,6,2640,18403,VN,HA NOI,HANOI,517311,,Communications
8/1/2020 7:01,116.103.38.113,udp,123,,6,2352,24086,VN,THUA THIEN-HUE,HUE,517312,,Communications
8/1/2020 7:01,171.231.126.158,udp,123,dynamic-adsl.viettel.vn,1,80,7552,VN,BINH DINH,QUI NHON,517312,,Communications
8/1/2020 7:01,116.102.82.114,udp,123,,44,19360,24086,VN,HO CHI MINH,THANH PHO HO CHI MINH,517312,,Communications
8/1/2020 7:01,171.246.234.165,udp,123,dynamic-ip-adsl.viettel.vn,1,152,7552,VN,HO CHI MINH,THANH PHO HO CHI MINH,517312,,Communications
8/1/2020 7:01,171.247.64.75,udp,123,,79,34760,7552,VN,HA NOI,HANOI,517312,,Communications
8/1/2020 7:02,118.68.78.171,udp,123,,2,664,18403,VN,HA NOI,HANOI,517311,,Communications
8/1/2020 7:02,203.205.52.70,udp,123,static.cmcti.vn,1,296,45903,VN,DA NANG,DA NANG,0,,Communications
8/1/2020 7:02,113.160.198.248,udp,123,,6,2568,45899,VN,HA NAM,PHU LY,517311,,Communications
8/1/2020 7:02,116.100.226.151,udp,123,dynamic-adsl.viettel.vn,91,40040,24086,VN,HO CHI MINH,THANH PHO HO CHI MINH,517312,,Communications
8/1/2020 7:02,171.239.167.178,udp,123,,1,224,7552,VN,HO CHI MINH,THANH PHO HO CHI MINH,517312,,Communications
8/1/2020 7:02,42.114.152.182,udp,123,,1,440,18403,VN,HA NOI,HANOI,517311,,Communications
8/1/2020 7:03,171.243.7.252,udp,123,dynamic-ip-adsl.viettel.vn,1,80,7552,VN,HO CHI MINH,THANH PHO HO CHI MINH,517312,,Communications
8/1/2020 7:03,171.246.39.26,udp,123,dynamic-ip-adsl.viettel.vn,1,224,7552,VN,HA NOI,HANOI,517312,,Communications
8/1/2020 7:03,42.115.93.183,udp,123,,1,80,131178,VN,HA NOI,HANOI,517311,,Communications
8/1/2020 7:03,27.69.184.146,udp,123,localhost,1,152,7552,VN,KHANH HOA,NHA TRANG,517312,,Communications
8/1/2020 7:04,27.74.76.192,udp,123,localhost,1,224,7552,VN,HO CHI MINH,THANH PHO HO CHI MINH,517312,,Communications
8/1/2020 7:04,123.20.102.213,udp,123,,97,42680,45899,VN,BEN TRE,BEN TRE,517311,,Communications
8/1/2020 7:04,1.54.11.7,udp,123,,73,32120,18403,VN,HA NOI,HANOI,517311,,Communications
8/1/2020 7:04,14.161.44.87,udp,123,,4,1472,45899,VN,HO CHI MINH,THANH PHO HO CHI MINH,517311,,Communications
8/1/2020 7:04,171.228.112.22,udp,123,,98,43120,7552,VN,HA NOI,HANOI,517312,,Communications
8/1/2020 7:05,123.16.41.203,udp,123,static.vnpt.vn,100,44000,45899,VN,HA NOI,HANOI,517311,,Communications
8/1/2020 7:05,27.79.192.180,udp,123,localhost,100,44000,7552,VN,HA NOI,HANOI,517312,,Communications
8/1/2020 7:05,171.231.121.223,udp,123,dynamic-adsl.viettel.vn,76,33440,7552,VN,HA NOI,HANOI,517312,,Communications
8/1/2020 7:05,27.64.72.248,udp,123,localhost,100,44000,7552,VN,HO CHI MINH,THANH PHO HO CHI MINH,517312,,Communications
8/1/2020 7:05,113.173.124.212,udp,123,static.vnpt.vn,100,44000,45899,VN,HO CHI MINH,THANH PHO HO CHI MINH,517311,,Communications
8/1/2020 7:06,118.71.106.169,udp,123,ip-address-pool-xxx.fpt.vn,100,44000,18403,VN,HO CHI MINH,THANH PHO HO CHI MINH,517311,,Communications
8/1/2020 7:06,116.108.32.175,udp,123,,100,44000,24086,VN,HO CHI MINH,THANH PHO HO CHI MINH,517312,,Communications
8/1/2020 7:06,115.77.96.161,udp,123,adsl.viettel.vn,1,80,7552,VN,HO CHI MINH,THANH PHO HO CHI MINH,517312,,Communications
8/1/2020 7:06,171.225.177.50,udp,123,dynamic-adsl.viettel.vn,11,4480,7552,VN,HA NOI,HANOI,517312,,Communications
8/1/2020 7:06,14.186.214.192,udp,123,,1,224,45899,VN,HO CHI MINH,THANH PHO HO CHI MINH,517311,,Communications
8/1/2020 7:06,113.22.177.10,udp,123,,3,1320,18403,VN,HA NOI,HANOI,517311,,Communications
8/1/2020 7:06,42.113.71.25,udp,123,,25,11000,18403,VN,HA NOI,HANOI,517311,,Communications
8/1/2020 7:06,27.72.96.13,udp,123,,1,440,7552,VN,HA NOI,HANOI,517312,,Communications
8/1/2020 7:06,42.115.169.194,udp,123,,24,10560,18403,VN,DA NANG,DA NANG,517311,,Communications
8/1/2020 7:06,115.72.208.63,udp,123,adsl.viettel.vn,1,80,7552,VN,AN GIANG,MY HOA,517312,,Communications
8/1/2020 7:06,115.76.22.166,udp,123,adsl.viettel.vn,1,152,7552,VN,AN GIANG,LONG XUYEN,517312,,Communications
8/1/2020 7:06,58.187.56.61,udp,123,,100,44000,18403,VN,HA NOI,HANOI,517311,,Communications
8/1/2020 7:07,171.231.159.197,udp,123,dynamic-ip-adsl.viettel.vn,1,152,7552,VN,BINH DINH,QUI NHON,517312,,Communications
8/1/2020 7:07,115.76.150.223,udp,123,adsl.viettel.vn,99,43560,7552,VN,HA NOI,HANOI,517312,,Communications
8/1/2020 7:07,27.75.207.206,udp,123,,74,32560,7552,VN,HA NOI,HANOI,517312,,Communications
8/1/2020 7:07,1.54.19.24,udp,123,,100,44000,18403,VN,HO CHI MINH,THANH PHO HO CHI MINH,517311,,Communications
8/1/2020 7:08,113.22.246.83,udp,123,,2,520,18403,VN,HO CHI MINH,THANH PHO HO CHI MINH,517311,,Communications
8/1/2020 7:08,42.119.93.131,udp,123,,1,368,18403,VN,HO CHI MINH,THANH PHO HO CHI MINH,517311,,Communications
8/1/2020 7:08,116.102.182.83,udp,123,,1,80,24086,VN,HO CHI MINH,THANH PHO HO CHI MINH,517312,,Communications
8/1/2020 7:08,183.81.105.244,udp,123,,97,42680,18403,VN,KHANH HOA,NHA TRANG,517311,,Communications
8/1/2020 7:08,116.109.237.109,udp,123,,100,44000,24086,VN,HO CHI MINH,THANH PHO HO CHI MINH,517312,,Communications
8/1/2020 7:09,116.108.72.162,udp,123,,13,5504,24086,VN,CAN THO,CAN THO,517312,,Communications
8/1/2020 7:09,116.118.63.63,udp,123,,1,80,7602,VN,HO CHI MINH,THANH PHO HO CHI MINH,0,,Communications
8/1/2020 7:09,27.75.85.195,udp,123,localhost,2,664,7552,VN,BA RIA-VUNG TAU,VUNG TAU,517312,,Communications
8/1/2020 7:10,116.103.175.63,udp,123,,2,520,24086,VN,QUANG NGAI,QUANG NGAI,517312,,Communications
8/1/2020 7:10,42.116.46.108,udp,123,,1,368,18403,VN,HA NOI,HANOI,517311,,Communications
8/1/2020 7:10,27.76.203.157,udp,123,localhost,100,44000,7552,VN,HA NOI,HANOI,517312,,Communications
8/1/2020 7:10,171.246.21.138,udp,123,dynamic-adsl.viettel.vn,1,152,7552,VN,HO CHI MINH,THANH PHO HO CHI MINH,517312,,Communications
8/1/2020 7:10,116.98.193.76,udp,123,,1,80,24086,VN,HO CHI MINH,THANH PHO HO CHI MINH,517312,,Communications
8/1/2020 7:11,118.68.53.86,udp,123,,3,1320,18403,VN,HO CHI MINH,THANH PHO HO CHI MINH,517311,,Communications
8/1/2020 7:11,171.229.169.145,udp,123,dynamic-ip-adsl.viettel.vn,6,2568,7552,VN,HA NOI,HANOI,517312,,Communications
8/1/2020 7:11,1.54.173.196,udp,123,,99,43560,18403,VN,HO CHI MINH,THANH PHO HO CHI MINH,517311,,Communications
8/1/2020 7:11,115.74.252.166,udp,123,adsl.viettel.vn,4,1688,7552,VN,HO CHI MINH,THANH PHO HO CHI MINH,517312,,Communications
8/1/2020 7:11,113.172.246.185,udp,123,static.vnpt.vn,100,44000,45899,VN,HO CHI MINH,THANH PHO HO CHI MINH,517311,,Communications
8/1/2020 7:11,42.113.229.87,udp,123,,1,80,18403,VN,TRA VINH,TRA VINH,517311,,Communications
8/1/2020 7:11,116.108.169.244,udp,123,,1,440,24086,VN,HO CHI MINH,THANH PHO HO CHI MINH,517312,,Communications
8/1/2020 7:11,14.187.168.166,udp,123,static.vnpt.vn,1,440,45899,VN,HO CHI MINH,THANH PHO HO CHI MINH,517311,,Communications
8/1/2020 7:12,171.235.241.36,udp,123,dynamic-ip-adsl.viettel.vn,98,43120,7552,VN,DONG NAI,DINH QUAN,517312,,Communications
8/1/2020 7:12,183.80.117.12,udp,123,,2,664,18403,VN,HO CHI MINH,THANH PHO HO CHI MINH,517311,,Communications
8/1/2020 7:12,116.106.125.68,udp,123,dynamic-ip-adsl.viettel.vn,2,592,24086,VN,BEN TRE,BEN TRE,517312,,Communications
8/1/2020 7:12,14.187.171.227,udp,123,static.vnpt.vn,1,224,45899,VN,HA NOI,HANOI,517311,,Communications
8/1/2020 7:12,123.20.158.44,udp,123,,12,5136,45899,VN,HO CHI MINH,THANH PHO HO CHI MINH,517311,,Communications
8/1/2020 7:13,58.187.22.230,udp,123,adsl-dynamic-pool-xxx.fpt.vn,1,440,18403,VN,HO CHI MINH,THANH PHO HO CHI MINH,517311,,Communications
8/1/2020 7:13,27.75.168.204,udp,123,localhost,9,3960,7552,VN,BEN TRE,BEN TRE,517312,,Communications
8/1/2020 7:13,113.173.110.42,udp,123,static.vnpt.vn,1,152,45899,VN,HO CHI MINH,THANH PHO HO CHI MINH,517311,,Communications
8/1/2020 7:13,171.249.229.200,udp,123,,99,43560,7552,VN,HO CHI MINH,THANH PHO HO CHI MINH,517312,,Communications
8/1/2020 7:14,171.232.100.58,udp,123,dynamic-adsl.viettel.vn,1,152,7552,VN,HO CHI MINH,THANH PHO HO CHI MINH,517312,,Communications
8/1/2020 7:14,116.105.128.247,udp,123,,1,296,24086,VN,QUANG NGAI,QUANG NGAI,517312,,Communications
8/1/2020 7:14,58.187.243.31,udp,123,,1,80,18403,VN,HA NAM,PHU LY,517311,,Communications
8/1/2020 7:14,27.78.135.5,udp,123,localhost,79,34760,7552,VN,HO CHI MINH,THANH PHO HO CHI MINH,517312,,Communications
8/1/2020 7:14,171.231.201.3,udp,123,dynamic-ip-adsl.viettel.vn,100,44000,7552,VN,HA NOI,HANOI,517312,,Communications
8/1/2020 7:14,171.231.172.72,udp,123,,100,44000,7552,VN,BINH DINH,QUI NHON,517312,,Communications
8/1/2020 7:14,58.186.109.168,udp,123,,100,44000,18403,VN,HA NOI,HANOI,517311,,Communications
8/1/2020 7:14,58.186.224.26,udp,123,,100,44000,18403,VN,CAN THO,CAN THO,517311,,Communications
8/1/2020 7:15,123.20.156.246,udp,123,,1,152,45899,VN,HO CHI MINH,THANH PHO HO CHI MINH,517311,,Communications
8/1/2020 7:15,42.115.197.233,udp,123,,100,44000,18403,VN,HA NOI,HANOI,517311,,Communications
8/1/2020 7:15,14.187.164.85,udp,123,static.vnpt.vn,80,35200,45899,VN,HO CHI MINH,THANH PHO HO CHI MINH,517311,,Communications
8/1/2020 7:15,27.71.139.119,udp,123,localhost,100,44000,7552,VN,HA NOI,HANOI,517312,,Communications
8/1/2020 7:15,42.117.225.252,udp,123,,100,44000,18403,VN,HA NOI,HANOI,517311,,Communications
8/1/2020 7:15,27.71.146.24,udp,123,localhost,1,296,7552,VN,LAM DONG,DA LAT,517312,,Communications
8/1/2020 7:15,113.22.175.78,udp,123,,1,152,18403,VN,HA NOI,HANOI,517311,,Communications
8/1/2020 7:16,171.233.140.123,udp,123,,1,152,7552,VN,HO CHI MINH,THANH PHO HO CHI MINH,517312,,Communications
8/1/2020 7:16,115.72.158.18,udp,123,adsl.viettel.vn,94,41360,7552,VN,VINH LONG,VINH LONG,517312,,Communications
8/1/2020 7:17,58.187.52.113,udp,123,adsl-dynamic-pool-xxx.fpt.vn,100,44000,18403,VN,NGHE AN,VINH,517311,,Communications
8/1/2020 7:17,42.115.34.130,udp,123,,1,224,131178,VN,HA NOI,HANOI,517311,,Communications
8/1/2020 7:17,171.238.254.130,udp,123,dynamic-ip-adsl.viettel.vn,100,44000,7552,VN,HA NOI,HANOI,517312,,Communications
8/1/2020 7:17,115.72.221.132,udp,123,adsl.viettel.vn,1,80,7552,VN,AN GIANG,MY HOA,517312,,Communications
8/1/2020 7:17,183.80.118.77,udp,123,,1,440,18403,VN,HO CHI MINH,THANH PHO HO CHI MINH,517311,,Communications
8/1/2020 7:18,27.71.64.66,udp,123,localhost,7,2936,7552,VN,HO CHI MINH,THANH PHO HO CHI MINH,517312,,Communications
8/1/2020 7:18,1.53.193.70,udp,123,,1,224,18403,VN,HO CHI MINH,THANH PHO HO CHI MINH,517311,,Communications
8/1/2020 7:18,1.54.95.211,udp,123,,1,80,18403,VN,SOC TRANG,SOC TRANG,517311,,Communications
8/1/2020 7:19,14.186.238.228,udp,123,static.vnpt.vn,100,44000,45899,VN,HO CHI MINH,THANH PHO HO CHI MINH,517311,,Communications
8/1/2020 7:19,116.118.33.53,udp,123,,11,4840,7602,VN,HO CHI MINH,THANH PHO HO CHI MINH,0,,Communications
8/1/2020 7:19,116.102.119.109,udp,123,,1,80,7552,VN,TRA VINH,TRA VINH,517312,,Communications
8/1/2020 7:20,115.77.242.149,udp,123,adsl.viettel.vn,1,368,7552,VN,HO CHI MINH,THANH PHO HO CHI MINH,517312,,Communications
8/1/2020 7:20,118.71.202.222,udp,123,ip-address-pool-xxx.fpt.vn,100,44000,18403,VN,HA NOI,HANOI,517311,,Communications
8/1/2020 7:20,42.114.218.212,udp,123,,100,44000,18403,VN,HAI PHONG,HAI PHONG,517311,,Communications
8/1/2020 7:20,27.65.40.92,udp,123,localhost,99,43560,7552,VN,HO CHI MINH,THANH PHO HO CHI MINH,517312,,Communications
8/1/2020 7:20,58.186.95.242,udp,123,,100,44000,18403,VN,HA NOI,HANOI,517311,,Communications
8/1/2020 7:20,115.72.237.114,udp,123,adsl.viettel.vn,100,44000,7552,VN,HO CHI MINH,THANH PHO HO CHI MINH,517312,,Communications
8/1/2020 7:20,123.16.15.126,udp,123,static.vnpt.vn,99,43200,45899,VN,HA NOI,HANOI,517311,,Communications
8/1/2020 7:21,171.226.5.87,udp,123,dynamic-ip-adsl.viettel.vn,1,80,7552,VN,HO CHI MINH,THANH PHO HO CHI MINH,517312,,Communications
8/1/2020 7:21,171.227.244.144,udp,123,dynamic-ip-adsl.viettel.vn,85,37400,7552,VN,HO CHI MINH,THANH PHO HO CHI MINH,517312,,Communications
8/1/2020 7:21,115.77.190.197,udp,123,,1,440,7552,VN,HO CHI MINH,THANH PHO HO CHI MINH,517312,,Communications
8/1/2020 7:22,27.79.108.130,udp,123,localhost,100,44000,7552,VN,LAM DONG,DA LAT,517312,,Communications
8/1/2020 7:22,171.251.127.51,udp,123,dynamic-ip-adsl.viettel.vn,8,3520,7552,VN,QUANG NGAI,QUANG NGAI,517312,,Communications
8/1/2020 7:22,171.232.52.233,udp,123,dynamic-ip-adsl.viettel.vn,1,296,7552,VN,HO CHI MINH,THANH PHO HO CHI MINH,517312,,Communications
8/1/2020 7:22,27.64.52.143,udp,123,localhost,1,440,7552,VN,HO CHI MINH,THANH PHO HO CHI MINH,517312,,Communications
8/1/2020 7:23,1.55.132.121,udp,123,,3,1320,18403,VN,HA NOI,HANOI,517311,,Communications
8/1/2020 7:23,116.103.176.176,udp,123,,1,368,24086,VN,HA NOI,HANOI,517312,,Communications
8/1/2020 7:23,123.20.125.83,udp,123,,1,224,45899,VN,HO CHI MINH,THANH PHO HO CHI MINH,517311,,Communications
8/1/2020 7:23,171.237.122.122,udp,123,dynamic-ip-adsl.viettel.vn,100,44000,7552,VN,HA NOI,HANOI,517312,,Communications
8/1/2020 7:23,171.231.123.240,udp,123,dynamic-adsl.viettel.vn,100,44000,7552,VN,HO CHI MINH,THANH PHO HO CHI MINH,517312,,Communications
8/1/2020 7:23,14.226.251.26,udp,123,static.vnpt.vn,97,42680,45899,VN,HO CHI MINH,THANH PHO HO CHI MINH,517311,,Communications
8/1/2020 7:24,171.231.93.49,udp,123,dynamic-ip-adsl.viettel.vn,1,296,7552,VN,GIA LAI,PLEIKU,517312,,Communications
8/1/2020 7:24,171.246.201.62,udp,123,dynamic-adsl.viettel.vn,26,11368,7552,VN,HA NOI,HANOI,517312,,Communications
8/1/2020 7:24,27.79.167.246,udp,123,localhost,100,44000,7552,VN,HA NOI,HANOI,517312,,Communications
8/1/2020 7:24,171.234.2.17,udp,123,dynamic-ip-adsl.viettel.vn,79,34760,7552,VN,KHANH HOA,NHA TRANG,517312,,Communications
8/1/2020 7:25,58.186.233.151,udp,123,,1,224,18403,VN,CAN THO,CAN THO,517311,,Communications
8/1/2020 7:25,171.247.207.171,udp,123,dynamic-ip-adsl.viettel.vn,100,44000,7552,VN,CAN THO,CAN THO,517312,,Communications
8/1/2020 7:25,113.190.157.195,udp,123,static.vnpt.vn,2,592,45899,VN,HA NOI,HANOI,517311,,Communications
8/1/2020 7:25,117.3.216.186,udp,123,,2,592,7552,VN,HO CHI MINH,THANH PHO HO CHI MINH,517312,,Communications
8/1/2020 7:25,1.54.169.234,udp,123,,3,1320,18403,VN,HO CHI MINH,THANH PHO HO CHI MINH,517311,,Communications
8/1/2020 7:25,171.231.167.211,udp,123,dynamic-adsl.viettel.vn,1,224,7552,VN,BINH DINH,QUI NHON,517312,,Communications
8/1/2020 7:26,222.254.6.54,udp,123,static.vnpt.vn,2,592,45899,VN,HA NOI,HANOI,517311,,Communications
8/1/2020 7:26,1.55.113.19,udp,123,,100,44000,18403,VN,HA NOI,HANOI,517311,,Communications
8/1/2020 7:26,27.75.24.101,udp,123,localhost,100,44000,7552,VN,VINH LONG,VINH LONG,517312,,Communications
8/1/2020 7:27,58.187.231.4,udp,123,,100,44000,18403,VN,HAI PHONG,HAI PHONG,517311,,Communications
8/1/2020 7:27,42.113.50.234,udp,123,,100,44000,18403,VN,CAN THO,CAN THO,517311,,Communications
8/1/2020 7:27,116.98.150.15,udp,123,dynamic-adsl.viettel.vn,1,296,24086,VN,DA NANG,DA NANG,517312,,Communications
8/1/2020 7:27,171.235.129.21,udp,123,dynamic-ip-adsl.viettel.vn,1,296,7552,VN,BAC LIEU,BAC LIEU,517312,,Communications
8/1/2020 7:28,14.226.236.79,udp,123,static.vnpt.vn,100,44000,45899,VN,HO CHI MINH,THANH PHO HO CHI MINH,517311,,Communications
8/1/2020 7:28,14.187.39.28,udp,123,static.vnpt.vn,100,44000,45899,VN,HO CHI MINH,THANH PHO HO CHI MINH,517311,,Communications
8/1/2020 7:29,27.74.109.113,udp,123,localhost,100,44000,7552,VN,HA NOI,HANOI,517312,,Communications
8/1/2020 7:29,14.226.244.208,udp,123,static.vnpt.vn,1,440,45899,VN,HO CHI MINH,THANH PHO HO CHI MINH,517311,,Communications
8/1/2020 7:29,116.118.5.38,udp,123,,6,2352,7602,VN,HO CHI MINH,THANH PHO HO CHI MINH,0,,Communications
8/1/2020 7:29,1.53.139.76,udp,123,,2,880,18403,VN,HO CHI MINH,THANH PHO HO CHI MINH,517311,,Communications
8/1/2020 7:29,14.163.64.203,udp,123,static.vnpt.vn,1,80,45899,VN,HAI PHONG,HAI PHONG,517311,,Communications
8/1/2020 7:30,115.77.191.192,udp,123,,1,368,7552,VN,HO CHI MINH,THANH PHO HO CHI MINH,517312,,Communications
8/1/2020 7:30,14.186.54.2,udp,123,static.vnpt.vn,87,38280,45899,VN,HO CHI MINH,THANH PHO HO CHI MINH,517311,,Communications
8/1/2020 7:30,27.68.66.16,udp,123,localhost,1,152,7552,VN,HO CHI MINH,THANH PHO HO CHI MINH,517312,,Communications
8/1/2020 7:30,113.172.248.149,udp,123,static.vnpt.vn,100,44000,45899,VN,HO CHI MINH,THANH PHO HO CHI MINH,517311,,Communications
8/1/2020 7:30,42.117.133.79,udp,123,,100,44000,18403,VN,HO CHI MINH,THANH PHO HO CHI MINH,517311,,Communications
8/1/2020 7:30,14.186.113.208,udp,123,static.vnpt.vn,2,592,45899,VN,HO CHI MINH,THANH PHO HO CHI MINH,517311,,Communications
8/1/2020 7:31,42.117.235.158,udp,123,,1,224,18403,VN,KHANH HOA,NHA TRANG,517311,,Communications
8/1/2020 7:31,42.115.211.117,udp,123,,3,1320,18403,VN,HA NOI,HANOI,517311,,Communications
8/1/2020 7:32,14.187.231.132,udp,123,static.vnpt.vn,100,44000,45899,VN,HO CHI MINH,THANH PHO HO CHI MINH,517311,,Communications
8/1/2020 7:32,42.116.93.221,udp,123,,100,44000,18403,VN,HO CHI MINH,THANH PHO HO CHI MINH,517311,,Communications
8/1/2020 7:32,116.105.120.17,udp,123,,69,30360,24086,VN,HA NOI,HANOI,517312,,Communications
8/1/2020 7:32,1.54.41.194,udp,123,,79,34760,18403,VN,THUA THIEN-HUE,HUE,517311,,Communications
8/1/2020 7:32,27.74.240.148,udp,123,localhost,1,152,7552,VN,HO CHI MINH,THANH PHO HO CHI MINH,517312,,Communications
8/1/2020 7:32,171.237.108.116,udp,123,dynamic-ip-adsl.viettel.vn,1,296,7552,VN,HA NOI,HANOI,517312,,Communications
8/1/2020 7:32,171.252.200.64,udp,123,dynamic-ip-adsl.viettel.vn,2,664,7552,VN,HO CHI MINH,THANH PHO HO CHI MINH,517312,,Communications
8/1/2020 7:33,183.80.118.4,udp,123,,2,808,18403,VN,HO CHI MINH,THANH PHO HO CHI MINH,517311,,Communications
8/1/2020 7:33,58.187.30.122,udp,123,adsl-dynamic-pool-xxx.fpt.vn,1,368,18403,VN,HA NOI,HANOI,517311,,Communications
8/1/2020 7:33,171.246.36.239,udp,123,dynamic-adsl.viettel.vn,1,368,7552,VN,HA NOI,HANOI,517312,,Communications
8/1/2020 7:33,113.173.177.225,udp,123,static.vnpt.vn,82,36080,45899,VN,HO CHI MINH,THANH PHO HO CHI MINH,517311,,Communications
8/1/2020 7:33,27.118.17.10,udp,123,,83,36520,55313,VN,HO CHI MINH,THANH PHO HO CHI MINH,0,,Communications
8/1/2020 7:33,42.115.246.33,udp,123,,100,44000,18403,VN,HO CHI MINH,THANH PHO HO CHI MINH,517311,,Communications
8/1/2020 7:33,42.115.146.133,udp,123,,3,1320,18403,VN,HA NOI,HANOI,517311,,Communications
8/1/2020 7:34,113.22.21.114,udp,123,,100,44000,18403,VN,HA NOI,HANOI,517311,,Communications
8/1/2020 7:34,116.111.117.160,udp,123,,7,3008,7552,VN,HA NOI,HANOI,517312,,Communications
8/1/2020 7:34,115.77.189.209,udp,123,,1,80,7552,VN,HO CHI MINH,THANH PHO HO CHI MINH,517312,,Communications
8/1/2020 7:34,42.112.73.253,udp,123,,1,224,18403,VN,HO CHI MINH,THANH PHO HO CHI MINH,517311,,Communications
8/1/2020 7:34,42.119.25.98,udp,123,,1,152,18403,VN,HA NOI,HANOI,517311,,Communications
8/1/2020 7:35,45.118.136.240,udp,123,,2,808,45557,VN,BINH DUONG,THU DAU MOT,0,,Communications
8/1/2020 7:35,116.106.16.193,udp,123,dynamic-ip-adsl.viettel.vn,1,152,24086,VN,HO CHI MINH,THANH PHO HO CHI MINH,517312,,Communications
8/1/2020 7:35,171.238.201.190,udp,123,dynamic-adsl.viettel.vn,60,26400,7552,VN,HA NOI,HANOI,517312,,Communications
8/1/2020 7:35,171.232.196.44,udp,123,dynamic-adsl.viettel.vn,100,44000,7552,VN,HA NOI,HANOI,517312,,Communications
8/1/2020 7:36,113.173.237.241,udp,123,static.vnpt.vn,100,44000,45899,VN,HO CHI MINH,THANH PHO HO CHI MINH,517311,,Communications
8/1/2020 7:36,171.251.249.18,udp,123,dynamic-ip-adsl.viettel.vn,1,224,7552,VN,QUANG NAM,TAM KY,517312,,Communications
8/1/2020 7:36,42.114.221.88,udp,123,,2,520,18403,VN,HO CHI MINH,THANH PHO HO CHI MINH,517311,,Communications
8/1/2020 7:36,42.114.127.240,udp,123,,100,44000,18403,VN,HA NOI,HANOI,517311,,Communications
8/1/2020 7:36,27.75.72.5,udp,123,localhost,31,13640,7552,VN,HA NOI,HANOI,517312,,Communications
8/1/2020 7:36,115.72.165.247,udp,123,adsl.viettel.vn,1,224,7552,VN,BA RIA-VUNG TAU,VUNG TAU,517312,,Communications
8/1/2020 7:37,171.239.210.85,udp,123,dynamic-ip-adsl.viettel.vn,76,33440,7552,VN,CAN THO,CAN THO,517312,,Communications
8/1/2020 7:37,115.76.221.6,udp,123,adsl.viettel.vn,1,296,7552,VN,HA NOI,HANOI,517312,,Communications
8/1/2020 7:37,27.2.123.10,udp,123,,1,224,45543,VN,HO CHI MINH,THANH PHO HO CHI MINH,0,,Communications
8/1/2020 7:38,58.186.212.143,udp,123,,1,80,18403,VN,HAI DUONG,HAI DUONG,517311,,Communications
8/1/2020 7:38,115.75.215.110,udp,123,,1,440,7552,VN,HO CHI MINH,THANH PHO HO CHI MINH,517312,,Communications
8/1/2020 7:38,27.65.233.63,udp,123,localhost,31,13640,7552,VN,HA NOI,HANOI,517312,,Communications
8/1/2020 7:38,27.74.236.53,udp,123,localhost,58,25520,7552,VN,HO CHI MINH,THANH PHO HO CHI MINH,517312,,Communications
8/1/2020 7:38,42.116.32.164,udp,123,,100,44000,18403,VN,HO CHI MINH,THANH PHO HO CHI MINH,517311,,Communications
8/1/2020 7:39,42.112.218.254,udp,123,,2,520,18403,VN,HA TINH,HA TINH,517311,,Communications
8/1/2020 7:39,1.55.16.242,udp,123,,1,152,18403,VN,HA NOI,HANOI,517311,,Communications
8/1/2020 7:39,171.246.32.124,udp,123,dynamic-ip-adsl.viettel.vn,100,44000,7552,VN,HA NOI,HANOI,517312,,Communications
8/1/2020 7:39,171.250.59.163,udp,123,dynamic-ip-adsl.viettel.vn,2,520,7552,VN,LONG AN,TAN AN,517312,,Communications
8/1/2020 7:40,171.232.72.177,udp,123,dynamic-ip-adsl.viettel.vn,24,10560,7552,VN,HO CHI MINH,THANH PHO HO CHI MINH,517312,,Communications
8/1/2020 7:41,14.188.160.33,udp,123,static.vnpt.vn,10,4256,45899,VN,HAI DUONG,HAI DUONG,517311,,Communications
8/1/2020 7:41,123.21.153.200,udp,123,,100,44000,45899,VN,HO CHI MINH,THANH PHO HO CHI MINH,517311,,Communications
8/1/2020 7:42,42.118.23.230,udp,123,,100,44000,18403,VN,HO CHI MINH,THANH PHO HO CHI MINH,517311,,Communications
8/1/2020 7:43,115.79.199.8,udp,123,,1,368,7552,VN,HO CHI MINH,THANH PHO HO CHI MINH,517312,,Communications
8/1/2020 7:43,42.113.109.55,udp,123,,2,592,18403,VN,HO CHI MINH,THANH PHO HO CHI MINH,517311,,Communications
8/1/2020 7:43,27.68.162.248,udp,123,localhost,1,296,7552,VN,BEN TRE,BEN TRE,517312,,Communications
8/1/2020 7:43,171.236.243.50,udp,123,dynamic-ip-adsl.viettel.vn,2,664,7552,VN,HO CHI MINH,THANH PHO HO CHI MINH,517312,,Communications
8/1/2020 7:43,113.172.194.156,udp,123,static.vnpt.vn,1,296,45899,VN,HO CHI MINH,THANH PHO HO CHI MINH,517311,,Communications
8/1/2020 7:44,171.227.101.35,udp,123,dynamic-ip-adsl.viettel.vn,2,664,7552,VN,HO CHI MINH,THANH PHO HO CHI MINH,517312,,Communications
8/1/2020 7:44,14.169.189.171,udp,123,static.vnpt.vn,100,44000,45899,VN,HO CHI MINH,THANH PHO HO CHI MINH,517311,,Communications
8/1/2020 7:44,27.75.140.40,udp,123,localhost,30,13056,7552,VN,HO CHI MINH,THANH PHO HO CHI MINH,517312,,Communications
8/1/2020 7:44,14.186.131.78,udp,123,static.vnpt.vn,100,44000,45899,VN,HO CHI MINH,THANH PHO HO CHI MINH,517311,,Communications
8/1/2020 7:44,1.52.69.165,udp,123,,2,736,18403,VN,KON TUM,KON TUM,517311,,Communications
8/1/2020 7:45,113.164.230.58,udp,123,static.vnpt.vn,100,44000,45899,VN,HA NOI,HANOI,517311,,Communications
8/1/2020 7:45,118.71.124.237,udp,123,ip-address-pool-xxx.fpt.vn,43,18920,18403,VN,HA NOI,HANOI,517311,,Communications
8/1/2020 7:45,42.119.183.225,udp,123,,100,44000,18403,VN,HA NOI,HANOI,517311,,Communications
8/1/2020 7:45,171.227.100.128,udp,123,dynamic-adsl.viettel.vn,73,32120,7552,VN,HO CHI MINH,THANH PHO HO CHI MINH,517312,,Communications
8/1/2020 7:45,14.182.76.132,udp,123,static.vnpt.vn,100,44000,45899,VN,NGHE AN,VINH,517311,,Communications
8/1/2020 7:45,27.75.115.114,udp,123,localhost,1,80,7552,VN,HA NOI,HANOI,517312,,Communications
8/1/2020 7:46,116.105.131.105,udp,123,,2,520,24086,VN,QUANG NGAI,QUANG NGAI,517312,,Communications
8/1/2020 7:47,14.186.167.97,udp,123,static.vnpt.vn,100,44000,45899,VN,HO CHI MINH,THANH PHO HO CHI MINH,517311,,Communications
8/1/2020 7:47,171.240.130.201,udp,123,dynamic-ip-adsl.viettel.vn,100,44000,7552,VN,HO CHI MINH,THANH PHO HO CHI MINH,517312,,Communications
8/1/2020 7:47,171.231.244.150,udp,123,dynamic-ip-adsl.viettel.vn,100,44000,7552,VN,DA NANG,DA NANG,517312,,Communications
8/1/2020 7:48,27.71.141.246,udp,123,localhost,1,152,7552,VN,LAM DONG,DA LAT,517312,,Communications
8/1/2020 7:48,171.250.202.74,udp,123,dynamic-adsl.viettel.vn,99,43560,7552,VN,HA NOI,HANOI,517312,,Communications
8/1/2020 7:48,14.186.59.230,udp,123,static.vnpt.vn,91,40040,45899,VN,HO CHI MINH,THANH PHO HO CHI MINH,517311,,Communications
8/1/2020 7:48,171.231.130.18,udp,123,dynamic-ip-adsl.viettel.vn,1,440,7552,VN,BINH DINH,QUI NHON,517312,,Communications
8/1/2020 7:49,123.20.143.238,udp,123,,11,4696,45899,VN,HO CHI MINH,THANH PHO HO CHI MINH,517311,,Communications
8/1/2020 7:49,180.93.41.23,udp,123,,17,7264,7602,VN,DA NANG,DA NANG,0,,Communications
8/1/2020 7:49,171.225.151.248,udp,123,dynamic-ip-adsl.viettel.vn,1,80,7552,VN,HA NOI,HANOI,517312,,Communications
8/1/2020 7:49,14.162.207.156,udp,123,static.vnpt.vn,1,152,45899,VN,HA NOI,HANOI,517311,,Communications
8/1/2020 7:49,42.114.80.194,udp,123,,100,44000,18403,VN,CAN THO,CAN THO,517311,,Communications
8/1/2020 7:49,123.20.176.182,udp,123,,4,1760,45899,VN,HO CHI MINH,THANH PHO HO CHI MINH,517311,,Communications
8/1/2020 7:50,1.54.100.133,udp,123,,100,44000,18403,VN,HA NOI,HANOI,517311,,Communications
8/1/2020 7:50,183.80.176.127,udp,123,,7,3080,18403,VN,HO CHI MINH,THANH PHO HO CHI MINH,517311,,Communications
8/1/2020 7:50,1.55.191.254,udp,123,,2,520,18403,VN,HA NOI,HANOI,517311,,Communications
8/1/2020 7:51,171.248.220.126,udp,123,dynamic-ip-adsl.viettel.vn,60,26400,7552,VN,HA NOI,HANOI,517312,,Communications
8/1/2020 7:51,171.232.105.165,udp,123,dynamic-ip-adsl.viettel.vn,100,44000,7552,VN,HO CHI MINH,THANH PHO HO CHI MINH,517312,,Communications
8/1/2020 7:51,171.241.5.81,udp,123,dynamic-ip-adsl.viettel.vn,1,152,7552,VN,HA NOI,HANOI,517312,,Communications
8/1/2020 7:51,115.73.114.99,udp,123,adsl.viettel.vn,98,43120,7552,VN,DA NANG,DA NANG,517312,,Communications
8/1/2020 7:51,14.186.86.106,udp,123,,100,44000,45899,VN,HO CHI MINH,THANH PHO HO CHI MINH,517311,,Communications
8/1/2020 7:52,1.55.226.115,udp,123,,63,27720,18403,VN,BINH DINH,QUI NHON,517311,,Communications
8/1/2020 7:52,42.113.172.185,udp,123,,1,80,18403,VN,HAI PHONG,HAI PHONG,517311,,Communications
8/1/2020 7:52,42.119.40.31,udp,123,,60,26400,18403,VN,HO CHI MINH,THANH PHO HO CHI MINH,517311,,Communications
8/1/2020 7:52,115.74.24.38,udp,123,,1,152,7552,VN,HO CHI MINH,THANH PHO HO CHI MINH,517312,,Communications
8/1/2020 7:52,171.245.224.159,udp,123,dynamic-ip-adsl.viettel.vn,99,43560,7552,VN,KHANH HOA,NHA TRANG,517312,,Communications
8/1/2020 7:53,1.52.45.75,udp,123,,30,12984,18403,VN,HO CHI MINH,THANH PHO HO CHI MINH,517311,,Communications
8/1/2020 7:53,115.72.17.153,udp,123,adsl.viettel.vn,1,368,7552,VN,HO CHI MINH,THANH PHO HO CHI MINH,517312,,Communications
8/1/2020 7:53,171.226.231.76,udp,123,dynamic-ip-adsl.viettel.vn,1,368,7552,VN,HO CHI MINH,THANH PHO HO CHI MINH,517312,,Communications
8/1/2020 7:53,115.72.122.47,udp,123,adsl.viettel.vn,1,80,7552,VN,HA NOI,HANOI,517312,,Communications
8/1/2020 7:53,183.80.122.29,udp,123,,1,80,18403,VN,HA NOI,HANOI,517311,,Communications
8/1/2020 7:54,171.229.218.168,udp,123,dynamic-ip-adsl.viettel.vn,59,25960,7552,VN,HA NOI,HANOI,517312,,Communications
8/1/2020 7:54,27.74.129.246,udp,123,,2,520,7552,VN,HO CHI MINH,THANH PHO HO CHI MINH,517312,,Communications
8/1/2020 7:54,118.71.221.63,udp,123,ip-address-pool-xxx.fpt.vn,1,440,18403,VN,HA NOI,HANOI,517311,,Communications
8/1/2020 7:54,171.239.174.65,udp,123,dynamic-ip-adsl.viettel.vn,100,44000,7552,VN,HO CHI MINH,THANH PHO HO CHI MINH,517312,,Communications
8/1/2020 7:54,113.177.115.177,udp,123,static.vnpt.vn,98,43120,45899,VN,HO CHI MINH,THANH PHO HO CHI MINH,517311,,Communications
8/1/2020 7:55,42.113.126.185,udp,123,,12,5208,18403,VN,HA NOI,HANOI,517311,,Communications
8/1/2020 7:55,42.113.88.143,udp,123,,1,152,18403,VN,HA NOI,HANOI,517311,,Communications
8/1/2020 7:56,58.187.228.15,udp,123,,99,43560,18403,VN,HAI PHONG,HAI PHONG,517311,,Communications
8/1/2020 7:56,42.118.132.112,udp,123,,1,80,18403,VN,HO CHI MINH,THANH PHO HO CHI MINH,517311,,Communications
8/1/2020 7:56,27.2.21.144,udp,123,,100,44000,45543,VN,HO CHI MINH,THANH PHO HO CHI MINH,0,,Communications
8/1/2020 7:57,180.93.46.135,udp,123,,1,152,7602,VN,DA NANG,DA NANG,0,,Communications
8/1/2020 7:57,115.74.192.146,udp,123,,24,10560,7552,VN,HA NOI,HANOI,517312,,Communications
8/1/2020 7:57,58.187.30.13,udp,123,adsl-dynamic-pool-xxx.fpt.vn,100,44000,18403,VN,HA NOI,HANOI,517311,,Communications
8/1/2020 7:58,27.79.100.17,udp,123,localhost,100,44000,7552,VN,HA NOI,HANOI,517312,,Communications
8/1/2020 7:58,58.186.129.190,udp,123,,100,44000,18403,VN,HO CHI MINH,THANH PHO HO CHI MINH,517311,,Communications
8/1/2020 7:58,42.117.22.47,udp,123,,1,440,18403,VN,HO CHI MINH,THANH PHO HO CHI MINH,517311,,Communications
8/1/2020 7:59,118.68.43.146,udp,123,,1,296,18403,VN,DA NANG,DA NANG,517311,,Communications
8/1/2020 7:59,113.173.116.217,udp,123,,100,44000,45899,VN,HO CHI MINH,THANH PHO HO CHI MINH,517311,,Communications
8/1/2020 7:59,1.53.29.153,udp,123,,100,44000,18403,VN,HO CHI MINH,THANH PHO HO CHI MINH,517311,,Communications
8/1/2020 7:59,27.68.54.60,udp,123,localhost,1,152,7552,VN,CA MAU,CA MAU,517312,,Communications
8/1/2020 8:00,27.64.196.61,udp,123,localhost,5,1912,7552,VN,HO CHI MINH,THANH PHO HO CHI MINH,517312,,Communications
8/1/2020 8:00,171.246.54.197,udp,123,dynamic-ip-adsl.viettel.vn,1,368,7552,VN,TIEN GIANG,MY THO,517312,,Communications
8/1/2020 8:01,171.233.107.184,udp,123,,22,9680,7552,VN,HO CHI MINH,THANH PHO HO CHI MINH,517312,,Communications
8/1/2020 8:01,171.243.107.190,udp,123,,91,40040,7552,VN,KHANH HOA,NHA TRANG,517312,,Communications
8/1/2020 8:02,171.235.102.5,udp,123,dynamic-adsl.viettel.vn,1,80,7552,VN,BAC LIEU,BAC LIEU,517312,,Communications
8/1/2020 8:02,116.109.94.140,udp,123,,1,440,24086,VN,HA NOI,HANOI,517312,,Communications
8/1/2020 8:02,42.114.124.97,udp,123,,3,1320,18403,VN,HA NOI,HANOI,517311,,Communications
8/1/2020 8:02,116.105.88.212,udp,123,,100,44000,24086,VN,LAM DONG,DA LAT,517312,,Communications
8/1/2020 8:02,42.115.93.137,udp,123,,1,152,131178,VN,HA NOI,HANOI,517311,,Communications
8/1/2020 8:04,171.250.161.93,udp,123,dynamic-ip-adsl.viettel.vn,2,592,7552,VN,LONG AN,TAN AN,517312,,Communications
8/1/2020 8:04,115.74.36.50,udp,123,adsl.viettel.vn,91,40040,7552,VN,HO CHI MINH,THANH PHO HO CHI MINH,517312,,Communications
8/1/2020 8:05,42.112.132.151,udp,123,,1,152,18403,VN,HA NOI,HANOI,517311,,Communications
8/1/2020 8:05,42.117.185.253,udp,123,,100,44000,18403,VN,HA NOI,HANOI,517311,,Communications
8/1/2020 8:05,171.229.251.198,udp,123,,1,152,7552,VN,HA NOI,HANOI,517312,,Communications
8/1/2020 8:06,14.161.0.122,udp,123,static.vnpt.vn,1,152,45899,VN,HO CHI MINH,THANH PHO HO CHI MINH,517311,,Communications
8/1/2020 8:06,27.3.196.127,udp,123,,1,296,45543,VN,HO CHI MINH,THANH PHO HO CHI MINH,0,,Communications
8/1/2020 8:06,27.74.92.59,udp,123,,1,80,7552,VN,HA NOI,HANOI,517312,,Communications
8/1/2020 8:06,58.187.51.93,udp,123,adsl-dynamic-pool-xxx.fpt.vn,100,44000,18403,VN,HO CHI MINH,THANH PHO HO CHI MINH,517311,,Communications
8/1/2020 8:06,42.118.200.165,udp,123,,1,80,18403,VN,HO CHI MINH,THANH PHO HO CHI MINH,517311,,Communications
8/1/2020 8:07,171.250.143.68,udp,123,dynamic-ip-adsl.viettel.vn,90,39600,7552,VN,DONG NAI,BIEN HOA,517312,,Communications
8/1/2020 8:07,14.186.36.110,udp,123,static.vnpt.vn,100,44000,45899,VN,HO CHI MINH,THANH PHO HO CHI MINH,517311,,Communications
8/1/2020 8:07,116.98.200.51,udp,123,dynamic-adsl.viettel.vn,1,152,24086,VN,LAM DONG,DA LAT,517312,,Communications
8/1/2020 8:08,117.0.192.55,udp,123,,100,44000,7552,VN,HA NOI,HANOI,517312,,Communications
8/1/2020 8:08,14.190.0.189,udp,123,static.vnpt.vn,3,1104,45899,VN,VINH PHUC,VINH YEN,517311,,Communications
8/1/2020 8:08,115.76.172.38,udp,123,,1,368,7552,VN,HO CHI MINH,THANH PHO HO CHI MINH,517312,,Communications
8/1/2020 8:08,171.233.96.58,udp,123,dynamic-adsl.viettel.vn,2,520,7552,VN,HO CHI MINH,THANH PHO HO CHI MINH,517312,,Communications
8/1/2020 8:08,171.233.80.176,udp,123,,2,664,7552,VN,HA NOI,HANOI,517312,,Communications
8/1/2020 8:08,113.23.32.251,udp,123,,1,296,18403,VN,HO CHI MINH,THANH PHO HO CHI MINH,517311,,Communications
8/1/2020 8:08,113.176.95.51,udp,123,,1,80,45899,VN,HO CHI MINH,THANH PHO HO CHI MINH,517311,,Communications
8/1/2020 8:09,118.68.54.198,udp,123,,99,43560,18403,VN,HO CHI MINH,THANH PHO HO CHI MINH,517311,,Communications
8/1/2020 8:09,171.232.153.18,udp,123,dynamic-ip-adsl.viettel.vn,1,80,7552,VN,HO CHI MINH,THANH PHO HO CHI MINH,517312,,Communications
8/1/2020 8:09,42.119.53.125,udp,123,,3,1320,18403,VN,HO CHI MINH,THANH PHO HO CHI MINH,517311,,Communications
8/1/2020 8:09,1.55.218.104,udp,123,,1,296,18403,VN,HA NOI,HANOI,517311,,Communications
8/1/2020 8:09,14.169.125.38,udp,123,static.vnpt.vn,1,80,45899,VN,HO CHI MINH,THANH PHO HO CHI MINH,517311,,Communications
8/1/2020 8:10,27.79.95.69,udp,123,localhost,100,44000,7552,VN,LAM DONG,DA LAT,517312,,Communications
8/1/2020 8:10,171.238.252.73,udp,123,dynamic-ip-adsl.viettel.vn,100,44000,7552,VN,HA NOI,HANOI,517312,,Communications
8/1/2020 8:10,171.247.179.94,udp,123,,1,224,7552,VN,HO CHI MINH,THANH PHO HO CHI MINH,517312,,Communications
8/1/2020 8:11,171.249.224.132,udp,123,dynamic-ip-adsl.viettel.vn,1,80,7552,VN,HO CHI MINH,THANH PHO HO CHI MINH,517312,,Communications
8/1/2020 8:11,27.75.129.127,udp,123,localhost,40,17600,7552,VN,HO CHI MINH,THANH PHO HO CHI MINH,517312,,Communications
8/1/2020 8:12,27.74.91.143,udp,123,localhost,87,38280,7552,VN,HA NOI,HANOI,517312,,Communications
8/1/2020 8:12,171.238.157.204,udp,123,dynamic-ip-adsl.viettel.vn,100,44000,7552,VN,DA NANG,DA NANG,517312,,Communications
8/1/2020 8:12,116.102.49.191,udp,123,,1,152,24086,VN,HA NOI,HANOI,517312,,Communications
8/1/2020 8:12,123.20.210.42,udp,123,,100,44000,45899,VN,HO CHI MINH,THANH PHO HO CHI MINH,517311,,Communications
8/1/2020 8:12,14.186.3.167,udp,123,,2,736,45899,VN,HO CHI MINH,THANH PHO HO CHI MINH,517311,,Communications
8/1/2020 8:12,116.110.150.119,udp,123,,100,44000,24086,VN,QUANG NAM,HOI AN,517312,,Communications
8/1/2020 8:13,27.64.10.144,udp,123,localhost,78,34320,7552,VN,HO CHI MINH,THANH PHO HO CHI MINH,517312,,Communications
8/1/2020 8:13,183.80.230.91,udp,123,,100,44000,18403,VN,HA NOI,HANOI,517311,,Communications
8/1/2020 8:13,116.105.111.248,udp,123,,81,35640,24086,VN,HO CHI MINH,THANH PHO HO CHI MINH,517312,,Communications
8/1/2020 8:13,116.106.195.1,udp,123,dynamic-ip-adsl.viettel.vn,100,44000,24086,VN,TAY NINH,TAY NINH,517312,,Communications
8/1/2020 8:13,42.115.219.157,udp,123,,11,4840,18403,VN,HA NOI,HANOI,517311,,Communications
8/1/2020 8:13,113.176.226.179,udp,123,static.vnpt.vn,1,368,45899,VN,KHANH HOA,NHA TRANG,517311,,Communications
8/1/2020 8:13,14.169.1.53,udp,123,static.vnpt.vn,1,440,45899,VN,HO CHI MINH,THANH PHO HO CHI MINH,517311,,Communications
8/1/2020 8:13,171.231.23.67,udp,123,,100,44000,7552,VN,GIA LAI,PLEIKU,517312,,Communications
8/1/2020 8:14,1.54.18.206,udp,123,,1,152,18403,VN,HO CHI MINH,THANH PHO HO CHI MINH,517311,,Communications
8/1/2020 8:14,42.119.167.115,udp,123,,1,152,18403,VN,DA NANG,DA NANG,517311,,Communications
8/1/2020 8:14,14.232.81.56,udp,123,static.vnpt.vn,1,224,45899,VN,HA NOI,HANOI,517311,,Communications
