timestamp,ip,protocol,port,hostname,tag,version,asn,geo,region,city,naics,sic,pid,pointer_size,uptime,time,curr_connections,total_connections,sector
8/1/2020 8:36,103.48.80.119,udp,11211,sv-80119.bkns.vn,memcached,1.4.15,135905,VN,HA NOI,HANOI,0,,895,64,5528684,36:58.0,9,2607,Communications
8/1/2020 8:45,125.212.212.88,udp,11211,,memcached,1.4.15,7552,VN,HO CHI MINH,THANH PHO HO CHI MINH,517312,,181471,64,8974780,45:48.0,9,319,Communications
8/1/2020 9:02,45.119.84.149,udp,11211,,memcached,1.4.15,131386,VN,HA NOI,HANOI,0,,1928,64,1058522,04:00.0,9,101,Communications
8/1/2020 9:15,103.56.157.178,udp,11211,,memcached,1.4.15,45899,VN,HA NOI,HANOI,0,,19820,64,412143,15:49.0,11,64,Communications
8/1/2020 9:18,45.124.86.23,udp,11211,sv-86023.bkns.vn,memcached,1.4.15,135905,VN,HA NOI,HANOI,0,,883,64,28072218,18:45.0,9,2963,Communications
8/1/2020 9:21,123.31.12.207,udp,11211,static.vnpt.vn,memcached,1.4.22,135905,VN,HA NOI,HANOI,517311,,1047,64,2509320,21:01.0,9,530,Communications
8/1/2020 9:25,150.95.109.216,udp,11211,v150-95-109-216.a00b.g.han1.static.cnode.io,memcached,1.4.15,131392,VN,HA NOI,HANOI,0,,22428,64,43950994,25:46.0,14,129,Communications
8/1/2020 9:34,123.30.237.48,udp,11211,static.vnpt.vn,memcached,1.4.4,45899,VN,HA NOI,HANOI,517311,,1337,64,123416,29:53.0,9,20,Communications
8/1/2020 9:44,203.205.63.110,udp,11211,static.cmcti.vn,memcached,1.4.15,45903,VN,HO CHI MINH,THANH PHO HO CHI MINH,0,,1059,64,6133029,39:44.0,9,434,Communications
8/1/2020 9:58,103.9.206.41,udp,11211,,memcached,1.4.15,135905,VN,THUA THIEN-HUE,HUE,0,,5822,64,2077352,58:27.0,11,2394169,Communications
8/1/2020 10:04,124.158.5.133,udp,11211,tsejun.specialitems.net,memcached,1.4.22,38732,VN,HA NOI,HANOI,0,,1639,64,46366790,33:01.0,26,6006,Communications
8/1/2020 10:07,103.9.76.210,udp,11211,,memcached,1.4.15,45899,VN,HO CHI MINH,THANH PHO HO CHI MINH,0,,21923,64,23441,50:17.0,9,12,Communications
8/1/2020 10:11,27.71.227.226,udp,11211,,memcached,1.4.4-14-g9c660c0,38731,VN,HA NOI,HANOI,517312,,1628,64,3057325103,27:37.0,9,452,Communications
8/1/2020 10:27,103.21.148.164,udp,11211,,memcached,1.4.15,38732,VN,HA NOI,HANOI,0,,1080,64,42576656,47:51.0,12,7665,Communications
8/1/2020 10:36,103.92.31.106,udp,11211,,memcached,1.4.15,56150,VN,HA NOI,HANOI,0,,923,64,244566,36:54.0,9,17,Communications
8/1/2020 10:39,45.125.239.87,udp,11211,static.ftech.vn,memcached,1.4.4,18403,VN,HA NOI,HANOI,0,,9434,64,2706833,38:57.0,9,7551,Communications
8/1/2020 10:39,203.162.56.197,udp,11211,,memcached,1.4.15,7643,VN,HA NOI,HANOI,517311,,19083,64,1562558,39:36.0,9,2974,Communications
8/1/2020 10:43,123.30.59.49,udp,11211,static.vnpt.vn,memcached,1.4.4,45899,VN,HA NOI,HANOI,517311,,28230,64,2623,43:42.0,10,12,Communications
8/1/2020 10:49,23.228.65.85,udp,11211,,memcached,1.4.5_4_gaa7839e,46573,VN,VIET NAM,?,0,,2852,64,161781,49:48.0,9,10,Communications
8/1/2020 10:57,152.32.162.173,udp,11211,,memcached,1.4.15,135377,VN,HO CHI MINH,THANH PHO HO CHI MINH,0,,75162,64,101089,57:25.0,9,11,Information Technology
8/1/2020 10:58,123.31.19.102,udp,11211,static.vnpt.vn,memcached,1.4.4,45899,VN,HA NOI,HANOI,517311,,2514,64,2739046,58:55.0,14,15,Communications
8/1/2020 11:05,14.225.74.4,udp,11211,mail.hazacorp.vn,memcached,1.4.37,45899,VN,HA NOI,HANOI,517311,,13451,64,12799192,00:00.0,13,2265,Communications
8/1/2020 11:06,103.92.28.235,udp,11211,,memcached,1.4.15,56150,VN,HA NOI,HANOI,0,,2886,64,372784,06:25.0,17,129830,Communications
8/1/2020 11:07,203.162.54.24,udp,11211,static.vnpt.vn,memcached,1.4.15,45899,VN,HA NOI,HANOI,517311,,1478,64,11666832,57:38.0,9,649,Communications
8/1/2020 11:15,222.255.237.141,udp,11211,nctmail.com,memcached,1.4.15,7643,VN,HA NOI,HANOI,517311,,958,64,180185,10:48.0,10,2386303,Communications
8/1/2020 11:19,203.205.37.227,tcp,11211,static.cmcti.vn,memcached,1.5.16,45903,VN,HO CHI MINH,THANH PHO HO CHI MINH,0,,13702,64,32478088,00:00.0,10,9542,Communications
8/1/2020 11:19,103.7.40.232,tcp,11211,mx40232.superdata.vn,memcached,1.4.4,45544,VN,HO CHI MINH,THANH PHO HO CHI MINH,0,,1262,64,13939361,31:36.0,10,683,Communications
8/1/2020 11:19,103.75.177.119,tcp,11211,,memcached,1.5.6,63762,VN,HO CHI MINH,THANH PHO HO CHI MINH,0,,2642,64,30016384,00:00.0,120,15961231,Communications
8/1/2020 11:19,45.122.223.8,tcp,11211,mail.taewoongvn.com,memcached,1.4.37,56150,VN,HA NOI,HANOI,0,,13008,64,280678,00:00.0,6,26,Communications
8/1/2020 11:19,103.27.236.206,tcp,11211,touchvietnam.vn,memcached,1.4.4,131386,VN,TUYEN QUANG,TUYEN QUANG,0,,1782,64,3394260,35:06.0,49,179650,Communications
8/1/2020 11:20,103.75.177.101,tcp,11211,,memcached,1.5.6,63762,VN,HO CHI MINH,THANH PHO HO CHI MINH,0,,2642,64,30016423,00:00.0,122,15961234,Communications
8/1/2020 11:20,103.141.144.25,tcp,11211,,memcached,1.4.4,18403,VN,HA NOI,HANOI,0,,2137,64,2459977,20:48.0,10,171,Communications
8/1/2020 11:20,103.75.177.106,tcp,11211,,memcached,1.5.6,63762,VN,HO CHI MINH,THANH PHO HO CHI MINH,0,,2642,64,30016435,00:00.0,125,15961238,Communications
8/1/2020 11:20,103.75.177.100,tcp,11211,,memcached,1.5.6,63762,VN,HO CHI MINH,THANH PHO HO CHI MINH,0,,2642,64,30016437,00:00.0,125,15961239,Communications
8/1/2020 11:20,103.48.83.137,tcp,11211,sv-83137.bkns.vn,memcached,1.5.6,135905,VN,HA NOI,HANOI,0,,1480,64,629063,00:00.0,2,2874,Communications
8/1/2020 11:20,103.249.103.57,tcp,11211,,memcached,1.4.15,45538,VN,DONG NAI,BIEN HOA,0,,1531,64,1160490,26:27.0,10,1337,Communications
8/1/2020 11:20,103.75.177.68,tcp,11211,,memcached,1.5.6,63762,VN,HO CHI MINH,THANH PHO HO CHI MINH,0,,2642,64,30016446,00:00.0,126,15961241,Communications
8/1/2020 11:21,103.48.83.127,tcp,11211,mail.btec.vn,memcached,1.4.37,135905,VN,HA NOI,HANOI,0,,3922,64,9363529,00:00.0,6,558,Communications
8/1/2020 11:21,103.221.223.34,tcp,11211,,memcached,1.4.15,18403,VN,HO CHI MINH,THANH PHO HO CHI MINH,0,,910,64,2944819,21:08.0,10,246,Communications
8/1/2020 11:21,113.164.234.26,tcp,11211,static.vnpt.vn,memcached,1.5.19,45899,VN,HA NOI,HANOI,517311,,2742,64,14952815,00:00.0,2,743,Communications
8/1/2020 11:21,103.92.26.26,tcp,11211,,memcached,1.5.7,135915,VN,HO CHI MINH,THANH PHO HO CHI MINH,0,,1846,64,9477270,00:00.0,2,512,Communications
8/1/2020 11:21,123.30.128.28,tcp,11211,static.vnpt.vn,memcached,1.5.0,7643,VN,HA NOI,HANOI,517311,,1,64,32308189,00:00.0,44,134587,Communications
8/1/2020 11:21,222.255.237.141,tcp,11211,nctmail.com,memcached,1.4.15,7643,VN,HA NOI,HANOI,517311,,958,64,180542,16:45.0,10,2388192,Communications
8/1/2020 11:21,103.75.177.38,tcp,11211,,memcached,1.5.6,63762,VN,HO CHI MINH,THANH PHO HO CHI MINH,0,,2642,64,30016474,00:00.0,134,15961262,Communications
8/1/2020 11:21,210.245.20.119,tcp,11211,,memcached,1.4.15,18403,VN,HO CHI MINH,THANH PHO HO CHI MINH,517311,,1284,64,61252585,28:05.0,10,148971,Communications
8/1/2020 11:21,45.119.82.79,tcp,11211,,memcached,1.4.4-14-g9c660c0,131386,VN,HO CHI MINH,THANH PHO HO CHI MINH,0,,1080,64,3054739026,37:13.0,10,19,Communications
8/1/2020 11:21,45.117.83.137,tcp,11211,mail.facare.com.vn,memcached,1.4.37,131353,VN,HA NOI,HANOI,0,,3956,64,13804237,00:00.0,6,6965,Communications
8/1/2020 11:21,103.77.160.6,tcp,11211,,memcached,1.4.15,45544,VN,HO CHI MINH,THANH PHO HO CHI MINH,0,,618,64,5506704,23:52.0,10,37925,Communications
8/1/2020 11:21,123.16.190.154,tcp,11211,vietmail.net,memcached,1.4.15,45899,VN,HA NOI,HANOI,517311,,1164,64,6102415,21:56.0,10,437,Communications
8/1/2020 11:21,61.14.237.52,tcp,11211,,memcached,1.4.15,63731,VN,HO CHI MINH,THANH PHO HO CHI MINH,0,,706,64,633223,21:57.0,10,67,Communications
8/1/2020 11:22,123.31.43.241,tcp,11211,,memcached,1.4.4,45899,VN,HA NOI,HANOI,517311,,84129,64,1414964,22:01.0,10,453405,Communications
8/1/2020 11:22,103.75.177.26,tcp,11211,,memcached,1.5.6,63762,VN,HO CHI MINH,THANH PHO HO CHI MINH,0,,2642,64,30016511,00:00.0,144,15961281,Communications
8/1/2020 11:22,103.221.222.34,tcp,11211,,memcached,1.4.15,18403,VN,HO CHI MINH,THANH PHO HO CHI MINH,0,,391,64,8484132,12:01.0,10,578,Communications
8/1/2020 11:22,103.199.18.96,tcp,11211,,memcached,1.4.4,63734,VN,HA NOI,HANOI,0,,1424,64,23508323,15:36.0,11,2899357,Communications
8/1/2020 11:22,123.31.29.14,tcp,11211,static.vnpt.vn,memcached,1.4.15,135905,VN,HA NOI,HANOI,517311,,1333,64,21099452,24:11.0,14,11385232,Communications
8/1/2020 11:22,103.200.22.33,tcp,11211,,memcached,1.5.19,18403,VN,HO CHI MINH,THANH PHO HO CHI MINH,0,,22259,64,23954676,00:00.0,18,366063,Communications
8/1/2020 11:22,103.48.81.72,tcp,11211,mail.ducbao.vn,memcached,1.4.37,135905,VN,HA NOI,HANOI,0,,4252,64,22630894,00:00.0,6,8841,Communications
8/1/2020 11:22,103.75.177.96,tcp,11211,,memcached,1.5.6,63762,VN,HO CHI MINH,THANH PHO HO CHI MINH,0,,2642,64,30016550,00:00.0,150,15961299,Communications
8/1/2020 11:22,112.213.86.169,tcp,11211,mx86169.superdata.vn,memcached,1.4.15,45544,VN,HO CHI MINH,THANH PHO HO CHI MINH,0,,785,64,14075266,19:57.0,10,2495433,Communications
8/1/2020 11:22,103.74.117.251,tcp,11211,,memcached,1.4.15,63759,VN,HO CHI MINH,THANH PHO HO CHI MINH,0,,712,64,22271599,13:34.0,10,27302,Communications
8/1/2020 11:22,103.23.144.59,tcp,11211,,memcached,1.4.37,131349,VN,HA NOI,HANOI,0,,5949,64,32236,00:00.0,6,7,Communications
8/1/2020 11:22,14.225.74.4,tcp,11211,mail.hazacorp.vn,memcached,1.4.37,45899,VN,HA NOI,HANOI,517311,,13451,64,12800242,00:00.0,14,2266,Communications
8/1/2020 11:23,103.81.85.145,tcp,11211,,memcached,1.5.9,18403,VN,HA NOI,HANOI,0,,821,64,2845328,00:00.0,2,179,Communications
8/1/2020 11:23,203.205.37.205,tcp,11211,static.cmcti.vn,memcached,1.4.4,45903,VN,HO CHI MINH,THANH PHO HO CHI MINH,0,,29828,64,68634378,23:23.0,10,66673,Communications
8/1/2020 11:23,14.225.7.151,tcp,11211,static.vnpt.vn,memcached,1.5.6 Ubuntu,135905,VN,HA NOI,HANOI,517311,,770,64,26715620,00:00.0,317,179021,Communications
8/1/2020 11:23,103.31.127.101,tcp,11211,,memcached,1.5.10,131372,VN,HA NOI,HANOI,0,,11925,64,37265754,00:00.0,17,1277,Communications
8/1/2020 11:23,123.31.45.72,tcp,11211,static.vnpt.vn,memcached,1.5.6,45899,VN,HA NOI,HANOI,517311,,1176,64,700094,00:00.0,28,725,Communications
8/1/2020 11:23,210.245.90.149,tcp,11211,mail.sbvamc.vn,memcached,1.4.17,18403,VN,HA NOI,HANOI,517311,,21340,64,465119,12:45.0,14,54,Communications
8/1/2020 11:23,103.48.83.148,tcp,11211,sv-83148.bkns.vn,memcached,1.5.10,135905,VN,HA NOI,HANOI,0,,1333,64,102607,00:00.0,2,6,Communications
8/1/2020 11:23,103.9.76.213,tcp,11211,,memcached,1.4.15,45899,VN,HO CHI MINH,THANH PHO HO CHI MINH,0,,21923,64,28031,06:47.0,10,13,Communications
8/1/2020 11:23,163.44.192.71,tcp,11211,v163-44-192-71.a001.g.han1.static.cnode.io,memcached,1.4.4,131392,VN,HA NOI,HANOI,0,,1985,64,1451322,23:45.0,10,90,Communications
8/1/2020 11:23,103.75.177.61,tcp,11211,,memcached,1.5.6,63762,VN,HO CHI MINH,THANH PHO HO CHI MINH,0,,2642,64,30016623,00:00.0,117,15961315,Communications
8/1/2020 11:23,103.28.38.45,tcp,11211,mail.rubyfitness.vn,memcached,1.4.37,131353,VN,HA NOI,HANOI,0,,29757,64,357050,00:00.0,6,33,Communications
8/1/2020 11:24,103.221.221.250,tcp,11211,,memcached,1.5.9,18403,VN,HO CHI MINH,THANH PHO HO CHI MINH,0,,9620,64,3613318,00:00.0,2,200901,Communications
8/1/2020 11:24,27.0.12.185,tcp,11211,ns10.phuctoan.net,memcached,1.4.15,45544,VN,HO CHI MINH,THANH PHO HO CHI MINH,0,,2401,64,1846785,23:46.0,10,321,Communications
8/1/2020 11:24,103.63.109.214,tcp,11211,static.cmcti.vn,memcached,1.4.15,38732,VN,HO CHI MINH,THANH PHO HO CHI MINH,0,,720,64,72868479,24:00.0,10,10770,Communications
8/1/2020 11:24,58.187.9.130,tcp,11211,adsl-dynamic-pool-xxx.fpt.vn,memcached,1.4.25 Ubuntu,18403,VN,HA NOI,HANOI,517311,,16353,64,28121453,00:00.0,156,107709,Communications
8/1/2020 11:24,45.122.222.142,tcp,11211,,memcached,1.4.37,56150,VN,HA NOI,HANOI,0,,9839,64,2146584,00:00.0,6,133,Communications
8/1/2020 11:24,171.244.10.246,tcp,11211,,memcached,1.4.4,38731,VN,HA NOI,HANOI,517312,,3781,64,38788471,37:12.0,10,60352323,Communications
8/1/2020 11:24,123.16.190.156,tcp,11211,vietnambrief.com,memcached,1.4.15,45899,VN,HA NOI,HANOI,517311,,1201,64,100306,24:49.0,10,16,Communications
8/1/2020 11:24,171.244.22.36,tcp,11211,mail.scvivocity.com.vn,memcached,1.4.37,38731,VN,HO CHI MINH,THANH PHO HO CHI MINH,517312,,13380,64,214970,00:00.0,6,13,Communications
8/1/2020 11:24,27.0.12.184,tcp,11211,mx12184.superdata.vn,memcached,1.4.15,45544,VN,HO CHI MINH,THANH PHO HO CHI MINH,0,,2401,64,1846837,24:38.0,10,322,Communications
8/1/2020 11:24,61.28.235.160,tcp,11211,,memcached,1.6.6,38244,VN,HO CHI MINH,THANH PHO HO CHI MINH,0,,1470,64,2705107,00:00.0,2,204,Communications
8/1/2020 11:24,183.91.160.6,tcp,11211,,memcached,1.4.37,131127,VN,HO CHI MINH,THANH PHO HO CHI MINH,517919,,4111,64,3491192,00:00.0,6,248,Communications
8/1/2020 11:25,161.202.185.233,tcp,11211,e9.b9.caa1.ip4.static.sl-reverse.com,memcached,1.4.4,36351,VN,VIET NAM,?,518210,,13970,64,10634841,28:06.0,10,677,Information Technology
8/1/2020 11:25,103.9.76.217,tcp,11211,,memcached,1.4.15,45899,VN,HO CHI MINH,THANH PHO HO CHI MINH,0,,21923,64,28116,08:12.0,10,14,Communications
8/1/2020 11:25,123.31.45.65,tcp,11211,static.vnpt.vn,memcached,1.4.4,45899,VN,HA NOI,HANOI,517311,,2020,64,20233328,25:12.0,15,241123,Communications
8/1/2020 11:25,123.30.59.47,tcp,11211,static.vnpt.vn,memcached,1.4.4,45899,VN,HA NOI,HANOI,517311,,3574,64,1521,25:20.0,14,18,Communications
8/1/2020 11:25,42.117.4.208,tcp,11211,,memcached,2cd4779162506eb09d8b7667a6500b76050098fe,18403,VN,HO CHI MINH,THANH PHO HO CHI MINH,517311,,,,,00:00.0,108,,Communications
8/1/2020 11:25,150.95.109.121,tcp,11211,v150-95-109-121.a00b.g.han1.static.cnode.io,memcached,1.4.15,131392,VN,HA NOI,HANOI,0,,807,64,22550947,24:39.0,10,1233245,Communications
8/1/2020 11:25,103.92.28.235,tcp,11211,,memcached,1.4.15,56150,VN,HA NOI,HANOI,0,,2886,64,373930,25:31.0,18,130356,Communications
8/1/2020 11:25,103.28.38.126,tcp,11211,,memcached,1.4.37,131353,VN,HA NOI,HANOI,0,,2634,64,500005,00:00.0,6,46,Communications
8/1/2020 11:25,103.75.177.18,tcp,11211,,memcached,1.5.6,63762,VN,HO CHI MINH,THANH PHO HO CHI MINH,0,,2642,64,30016722,00:00.0,119,15961318,Communications
8/1/2020 11:25,1.55.145.217,tcp,11211,,memcached,1.4.15,18403,VN,KHANH HOA,NHA TRANG,517311,,2311,64,8528965,25:35.0,2,1168170,Communications
8/1/2020 11:25,210.211.97.116,tcp,11211,,memcached,1.4.5,38731,VN,HO CHI MINH,THANH PHO HO CHI MINH,0,,4399,64,10121933,25:36.0,10,988932,Communications
8/1/2020 11:25,103.221.220.99,tcp,11211,,memcached,1.4.15,18403,VN,HO CHI MINH,THANH PHO HO CHI MINH,0,,415,64,2935571,25:38.0,10,205,Communications
8/1/2020 11:25,125.234.131.204,tcp,11211,125.234.131.204.hcm.viettel.vn,memcached,1.5.16,7552,VN,HO CHI MINH,THANH PHO HO CHI MINH,0,,3721,64,35688502,00:00.0,2,2197,Communications
8/1/2020 11:25,103.75.177.86,tcp,11211,,memcached,1.5.6,63762,VN,HO CHI MINH,THANH PHO HO CHI MINH,0,,2642,64,30016735,00:00.0,126,15961326,Communications
8/1/2020 11:25,103.75.177.97,tcp,11211,,memcached,1.5.6,63762,VN,HO CHI MINH,THANH PHO HO CHI MINH,0,,2642,64,30016736,00:00.0,126,15961327,Communications
8/1/2020 11:26,101.99.3.89,udp,11211,static.cmcti.vn,memcached,1.4.15,38732,VN,HA NOI,HANOI,0,,668,64,628682,25:06.0,9,64,Communications
8/1/2020 11:26,118.69.198.232,tcp,11211,,memcached,1.2.1,18403,VN,HO CHI MINH,THANH PHO HO CHI MINH,517311,,13600,32,12821800,26:17.0,21,96130,Communications
8/1/2020 11:26,103.68.81.47,tcp,11211,,memcached,1.4.4,45538,VN,HA NOI,HANOI,0,,1939,64,6716123,27:22.0,10,697,Communications
8/1/2020 11:26,222.255.113.253,tcp,11211,static.vnpt.vn,memcached,1.4.15,45899,VN,HA NOI,HANOI,517311,,1478,64,11667937,16:03.0,10,650,Communications
8/1/2020 11:26,103.75.177.85,tcp,11211,,memcached,1.5.6,63762,VN,HO CHI MINH,THANH PHO HO CHI MINH,0,,2642,64,30016767,00:00.0,131,15961348,Communications
8/1/2020 11:26,103.127.207.98,tcp,11211,,memcached,1.4.15,135961,VN,HA NOI,HANOI,0,,2535,64,232817,26:23.0,23,95,Communications
8/1/2020 11:26,125.235.8.136,tcp,11211,125.235.8.136.adsl.viettel.vn,memcached,1.5.20,7552,VN,HA NOI,HANOI,0,,1,64,1025356,00:00.0,50,102651,Communications
8/1/2020 11:26,45.117.171.45,tcp,11211,mx17145.superdata.vn,memcached,1.4.24,45544,VN,HA NOI,HANOI,0,,8761,64,61373409,52:06.0,13,59987,Communications
8/1/2020 11:26,45.118.146.33,tcp,11211,,memcached,1.4.37,131414,VN,HA NOI,HANOI,0,,8596,64,11166530,00:00.0,2,752,Communications
8/1/2020 11:26,203.205.21.25,tcp,11211,static.cmcti.vn,memcached,1.5.6 Ubuntu,45903,VN,HO CHI MINH,THANH PHO HO CHI MINH,0,,30619,64,22036124,00:00.0,4,1766,Communications
8/1/2020 11:26,103.48.81.82,tcp,11211,sv-81082.bkns.vn,memcached,1.4.37,135905,VN,HA NOI,HANOI,0,,11306,64,20033850,00:00.0,6,8770,Communications
8/1/2020 11:27,45.117.171.235,tcp,11211,mx171235.superdata.vn,memcached,1.4.15,45544,VN,HA NOI,HANOI,0,,662,64,30212567,30:39.0,13,10076,Communications
8/1/2020 11:27,123.30.238.208,tcp,11211,mail.tanhalab.com,memcached,1.4.4,45899,VN,HA NOI,HANOI,517311,,1172,64,12020116,27:23.0,10,888,Communications
8/1/2020 11:27,103.75.177.73,tcp,11211,,memcached,1.5.6,63762,VN,HO CHI MINH,THANH PHO HO CHI MINH,0,,2642,64,30016831,00:00.0,142,15961377,Communications
8/1/2020 11:27,45.119.84.149,tcp,11211,,memcached,1.4.15,131386,VN,HA NOI,HANOI,0,,1928,64,1067192,28:30.0,10,102,Communications
8/1/2020 11:27,150.95.104.102,tcp,11211,v150-95-104-102.a005.g.han1.static.cnode.io,memcached,1.4.4,131392,VN,HA NOI,HANOI,0,,1787,64,3482997,26:56.0,10,214,Communications
8/1/2020 11:27,103.48.80.55,tcp,11211,sv-80055.bkns.vn,memcached,1.4.15,135905,VN,HA NOI,HANOI,0,,895,64,5538913,27:27.0,10,2609,Communications
8/1/2020 11:27,103.63.212.142,tcp,11211,static-ptr.ehost.vn,memcached,1.4.15,135920,VN,HO CHI MINH,THANH PHO HO CHI MINH,0,,1003,64,3207376,59:11.0,10,207,Communications
8/1/2020 11:27,210.245.85.28,udp,11211,,memcached,1.4.15,18403,VN,HA NOI,HANOI,517311,,32059,64,584330,18:49.0,9,80,Communications
8/1/2020 11:27,14.225.16.55,tcp,11211,mail.burwitz.vn,memcached,1.4.37,135905,VN,HA NOI,HANOI,517311,,996,64,895808,00:00.0,6,93,Communications
8/1/2020 11:27,27.118.22.14,tcp,11211,,memcached,1.4.15,55313,VN,HA NOI,HANOI,0,,18547,64,11763562,27:42.0,18,884,Communications
8/1/2020 11:27,103.75.177.110,tcp,11211,,memcached,1.5.6,63762,VN,HO CHI MINH,THANH PHO HO CHI MINH,0,,2642,64,30016852,00:00.0,149,15961385,Communications
8/1/2020 11:27,103.92.31.106,tcp,11211,,memcached,1.4.15,56150,VN,HA NOI,HANOI,0,,923,64,247615,27:43.0,10,18,Communications
8/1/2020 11:27,103.110.84.188,tcp,11211,,memcached,1.4.4,63760,VN,DA NANG,DA NANG,0,,957,64,4126625,27:37.0,16,716,Communications
8/1/2020 11:27,171.244.27.185,tcp,11211,,memcached,1.4.15,38731,VN,HO CHI MINH,THANH PHO HO CHI MINH,517312,,4410,64,878327,30:50.0,10,77,Communications
8/1/2020 11:27,183.81.33.3,tcp,11211,,memcached,1.4.4,18403,VN,HA NOI,HANOI,517311,,32356,64,27073412,21:04.0,10,1702,Communications
8/1/2020 11:27,112.78.10.190,tcp,11211,mail.benhvienbinhdinh.com,memcached,1.4.17,45538,VN,HO CHI MINH,THANH PHO HO CHI MINH,0,,2239,64,8825278,52:00.0,14,691,Communications
8/1/2020 11:28,103.75.177.20,tcp,11211,,memcached,1.5.6,63762,VN,HO CHI MINH,THANH PHO HO CHI MINH,0,,2642,64,30016874,00:00.0,151,15961388,Communications
8/1/2020 11:28,103.92.29.172,tcp,11211,,memcached,1.4.37,56150,VN,HA NOI,HANOI,0,,3335,64,3991764,00:00.0,6,183,Communications
8/1/2020 11:28,210.245.83.75,tcp,11211,,memcached,1.5.9,18403,VN,HA NOI,HANOI,517311,,5271,64,38364175,00:00.0,3,1742355668,Communications
8/1/2020 11:28,103.21.149.108,tcp,11211,,memcached,1.4.37,38732,VN,HA NOI,HANOI,0,,3883,64,5024044,00:00.0,6,380,Communications
8/1/2020 11:28,103.221.221.173,tcp,11211,,memcached,1.4.15,18403,VN,HO CHI MINH,THANH PHO HO CHI MINH,0,,373,64,243819,28:14.0,10,22,Communications
8/1/2020 11:28,103.75.177.130,tcp,11211,,memcached,1.5.6,63762,VN,HO CHI MINH,THANH PHO HO CHI MINH,0,,2642,64,30016882,00:00.0,152,15961390,Communications
8/1/2020 11:28,103.75.177.63,tcp,11211,,memcached,1.5.6,63762,VN,HO CHI MINH,THANH PHO HO CHI MINH,0,,2642,64,30016883,00:00.0,152,15961391,Communications
8/1/2020 11:28,45.122.220.232,tcp,11211,,memcached,1.4.37,56150,VN,HA NOI,HANOI,0,,7280,64,6457599,00:00.0,6,440,Communications
8/1/2020 11:28,112.78.3.162,tcp,11211,,memcached,1.4.15,45538,VN,HO CHI MINH,THANH PHO HO CHI MINH,0,,1162,64,6294341,28:57.0,10,551,Communications
8/1/2020 11:28,115.146.123.104,tcp,11211,clevernet.vn,memcached,1.5.22,38732,VN,HA NOI,HANOI,0,,2514,64,12286645,00:00.0,70,827023,Communications
8/1/2020 11:28,123.31.36.97,tcp,11211,static.vnpt.vn,memcached,1.5.19,45899,VN,HA NOI,HANOI,517311,,1,64,24395418,00:00.0,2,946049,Communications
8/1/2020 11:28,27.71.227.226,tcp,11211,,memcached,1.4.4-14-g9c660c0,38731,VN,HA NOI,HANOI,517312,,1628,64,3057329701,44:15.0,10,453,Communications
8/1/2020 11:28,113.161.65.13,tcp,11211,static.vnpt.vn,memcached,1.4.4-14-g9c660c0,45899,VN,HO CHI MINH,THANH PHO HO CHI MINH,517311,,15256,64,3054539560,44:26.0,10,11,Communications
8/1/2020 11:28,210.245.8.194,tcp,11211,,memcached,1.4.15,18403,VN,HA NOI,HANOI,517311,,1211,64,1081957,28:42.0,10,92,Communications
8/1/2020 11:28,103.75.177.102,tcp,11211,,memcached,1.5.6,63762,VN,HO CHI MINH,THANH PHO HO CHI MINH,0,,2642,64,30016911,00:00.0,152,15961396,Communications
8/1/2020 11:28,103.1.238.251,tcp,11211,mx238251.superdata.vn,memcached,1.4.15,45544,VN,HA NOI,HANOI,0,,813,64,4467578,26:32.0,10,17351542,Communications
8/1/2020 11:28,103.216.121.64,tcp,11211,,memcached,1.4.15,18403,VN,HA NOI,HANOI,0,,2630,64,1482332,28:38.0,1,2881,Communications
8/1/2020 11:28,203.205.37.206,tcp,11211,static.cmcti.vn,memcached,1.4.4,45903,VN,HO CHI MINH,THANH PHO HO CHI MINH,0,,4948,64,68635217,28:44.0,10,55842,Communications
8/1/2020 11:28,123.31.12.207,tcp,11211,static.vnpt.vn,memcached,1.4.22,135905,VN,HA NOI,HANOI,517311,,1047,64,2516995,28:56.0,10,531,Communications
8/1/2020 11:28,210.245.80.49,tcp,11211,z.hgtravel.com,memcached,1.4.15,18403,VN,HA NOI,HANOI,517311,,1972,64,14172295,28:55.0,10,2302795,Communications
8/1/2020 11:29,123.29.75.132,tcp,11211,static.vnpt.vn,memcached,1.4.4,45899,VN,HA NOI,HANOI,517311,,21043,64,38886076,29:07.0,66,355151,Communications
8/1/2020 11:29,103.75.177.129,tcp,11211,,memcached,1.5.6,63762,VN,HO CHI MINH,THANH PHO HO CHI MINH,0,,2642,64,30016935,00:00.0,152,15961401,Communications
8/1/2020 11:29,118.99.13.221,tcp,11211,,memcached,1.2.6,38186,VN,CAO BANG,THANG LOI,0,,5004,32,11093,29:08.0,3,4,Communications
8/1/2020 11:29,112.78.10.199,tcp,11211,mail.viettin.net.vn,memcached,1.4.17,45538,VN,HO CHI MINH,THANH PHO HO CHI MINH,0,,2438,64,3145507,53:26.0,14,284,Communications
8/1/2020 11:29,103.75.177.65,tcp,11211,,memcached,1.5.6,63762,VN,HO CHI MINH,THANH PHO HO CHI MINH,0,,2642,64,30016963,00:00.0,152,15961402,Communications
8/1/2020 11:29,103.221.223.36,tcp,11211,,memcached,1.4.15,18403,VN,HO CHI MINH,THANH PHO HO CHI MINH,0,,372,64,1660937,29:26.0,10,135,Communications
8/1/2020 11:29,103.221.220.232,tcp,11211,,memcached,1.4.4,18403,VN,HO CHI MINH,THANH PHO HO CHI MINH,0,,881,64,9627336,29:37.0,10,669,Communications
8/1/2020 11:29,45.119.83.22,tcp,11211,,memcached,1.4.4-14-g9c660c0,131386,VN,HO CHI MINH,THANH PHO HO CHI MINH,0,,892,64,3070030867,45:24.0,10,855,Communications
8/1/2020 11:29,103.254.14.130,tcp,11211,mail.tuantv.name.vn,memcached,1.4.17,56151,VN,QUANG NGAI,BINH THANH,0,,6478,64,22493179,29:28.0,14,7940,Communications
8/1/2020 11:29,103.75.177.87,tcp,11211,,memcached,1.5.6,63762,VN,HO CHI MINH,THANH PHO HO CHI MINH,0,,2642,64,30016966,00:00.0,154,15961405,Communications
8/1/2020 11:29,103.23.144.99,tcp,11211,mail.dgn.vn,memcached,1.4.37,131349,VN,HA NOI,HANOI,0,,17464,64,3844302,00:00.0,6,67,Communications
8/1/2020 11:29,103.28.38.120,tcp,11211,mail.ibossgroup.com,memcached,1.4.17,131353,VN,HA NOI,HANOI,0,,14725,64,4953079,29:40.0,15,362,Communications
8/1/2020 11:29,27.0.15.111,tcp,11211,mx15111.superdata.vn,memcached,1.6.6,45544,VN,HA NOI,HANOI,0,,1,64,147921,00:00.0,2,9,Communications
8/1/2020 11:29,103.75.177.70,tcp,11211,,memcached,1.5.6,63762,VN,HO CHI MINH,THANH PHO HO CHI MINH,0,,2642,64,30016969,00:00.0,154,15961406,Communications
8/1/2020 11:30,103.63.109.190,tcp,11211,static.cmcti.vn,memcached,1.4.15,38732,VN,HO CHI MINH,THANH PHO HO CHI MINH,0,,726,64,72836660,26:51.0,10,2718,Communications
8/1/2020 11:30,45.122.221.198,tcp,11211,,memcached,1.6.6,56150,VN,HA NOI,HANOI,0,,786,64,3895625,00:00.0,20,142364,Communications
8/1/2020 11:30,103.75.177.23,tcp,11211,,memcached,1.5.6,63762,VN,HO CHI MINH,THANH PHO HO CHI MINH,0,,2642,64,30016992,00:00.0,154,15961407,Communications
8/1/2020 11:30,45.119.81.79,tcp,11211,,memcached,1.5.7,131386,VN,HO CHI MINH,THANH PHO HO CHI MINH,0,,1114,64,845511,00:00.0,2,56,Communications
8/1/2020 11:30,103.75.177.31,tcp,11211,,memcached,1.5.6,63762,VN,HO CHI MINH,THANH PHO HO CHI MINH,0,,2642,64,30016996,00:00.0,154,15961408,Communications
8/1/2020 11:30,150.95.112.122,tcp,11211,nhathuocnhanhoa,memcached,1.5.17,131392,VN,HA NOI,HANOI,0,,1,64,9346008,00:00.0,5,943,Communications
8/1/2020 11:30,103.254.14.160,tcp,11211,mail11.digistar.vn,memcached,1.4.17,56151,VN,QUANG NGAI,BINH THANH,0,,6478,64,22493233,30:22.0,14,7941,Communications
8/1/2020 11:30,103.249.103.19,tcp,11211,,memcached,1.4.4,45538,VN,DONG NAI,BIEN HOA,0,,1575,64,25605039,36:44.0,10,4806,Communications
8/1/2020 11:30,103.75.177.19,tcp,11211,,memcached,1.5.6,63762,VN,HO CHI MINH,THANH PHO HO CHI MINH,0,,2642,64,30017024,00:00.0,160,15961424,Communications
8/1/2020 11:30,103.28.37.225,tcp,11211,mail.hanelpt.com.vn,memcached,1.4.37,131353,VN,HA NOI,HANOI,0,,16373,64,5806251,00:00.0,7,529,Communications
8/1/2020 11:30,103.28.38.111,tcp,11211,mail.thangth.name.vn,memcached,1.4.37,131353,VN,HA NOI,HANOI,0,,1267,64,3463886,00:00.0,6,287,Communications
8/1/2020 11:31,103.48.192.30,tcp,11211,,memcached,1.4.4,131423,VN,HA NOI,HANOI,0,,1595,64,1290749,31:03.0,10,1010,Communications
8/1/2020 11:31,103.254.14.212,tcp,11211,mail11.digistar.vn,memcached,1.4.17,56151,VN,QUANG NGAI,BINH THANH,0,,6478,64,22493283,31:12.0,14,7942,Communications
8/1/2020 11:31,118.69.81.242,tcp,11211,,memcached,1.4.24,18403,VN,HO CHI MINH,THANH PHO HO CHI MINH,517311,,2241,64,9623474,27:13.0,4,170228,Communications
8/1/2020 11:31,101.99.3.89,tcp,11211,static.cmcti.vn,memcached,1.4.15,38732,VN,HA NOI,HANOI,0,,668,64,629000,30:24.0,10,65,Communications
8/1/2020 11:31,103.75.177.67,tcp,11211,,memcached,1.5.6,63762,VN,HO CHI MINH,THANH PHO HO CHI MINH,0,,2642,64,30017076,00:00.0,165,15961430,Communications
8/1/2020 11:31,103.75.177.98,tcp,11211,,memcached,1.5.6,63762,VN,HO CHI MINH,THANH PHO HO CHI MINH,0,,2642,64,30017085,00:00.0,165,15961431,Communications
8/1/2020 11:31,45.117.175.52,tcp,11211,,memcached,1.4.37,56151,VN,QUANG NGAI,BINH THANH,0,,17558,64,200182,00:00.0,6,30,Communications
8/1/2020 11:31,103.21.148.52,tcp,11211,,memcached,1.4.4,38732,VN,HA NOI,HANOI,0,,1753,64,96424580,31:37.0,10,8583,Communications
8/1/2020 11:31,123.31.30.118,tcp,11211,static.vnpt.vn,memcached,1.5.6,45899,VN,HA NOI,HANOI,517311,,1358,64,94412,00:00.0,29,348,Communications
8/1/2020 11:31,123.30.240.50,tcp,11211,static.vnpt.vn,memcached,1.6.5,45899,VN,HA NOI,HANOI,517311,,1,64,5688610,00:00.0,3,357,Communications
8/1/2020 11:31,103.75.177.29,tcp,11211,,memcached,1.5.6,63762,VN,HO CHI MINH,THANH PHO HO CHI MINH,0,,2642,64,30017092,00:00.0,168,15961435,Communications
8/1/2020 11:32,103.101.161.74,tcp,11211,,memcached,1.4.15,131353,VN,HA NOI,HANOI,0,,8877,64,17356182,28:53.0,62,16688418,Communications
8/1/2020 11:32,103.92.30.165,tcp,11211,,memcached,1.4.15,56150,VN,HA NOI,HANOI,0,,883,64,7551915,33:05.0,10,37259,Communications
8/1/2020 11:32,103.74.117.209,tcp,11211,,memcached,1.4.4,63759,VN,HO CHI MINH,THANH PHO HO CHI MINH,0,,1182,64,25063539,36:51.0,16,36462,Communications
8/1/2020 11:32,103.75.177.35,tcp,11211,,memcached,1.5.6,63762,VN,HO CHI MINH,THANH PHO HO CHI MINH,0,,2642,64,30017115,00:00.0,169,15961437,Communications
8/1/2020 11:32,103.75.177.116,tcp,11211,,memcached,1.5.6,63762,VN,HO CHI MINH,THANH PHO HO CHI MINH,0,,2642,64,30017135,00:00.0,169,15961438,Communications
8/1/2020 11:32,103.48.194.133,tcp,11211,,memcached,1.4.4,131423,VN,HA NOI,HANOI,0,,1815,64,203447,33:24.0,10,18,Communications
8/1/2020 11:32,103.75.177.43,tcp,11211,,memcached,1.5.6,63762,VN,HO CHI MINH,THANH PHO HO CHI MINH,0,,2642,64,30017135,00:00.0,170,15961439,Communications
8/1/2020 11:32,124.158.5.133,tcp,11211,tsejun.specialitems.net,memcached,1.4.22,38732,VN,HA NOI,HANOI,0,,1639,64,46372089,01:20.0,27,6007,Communications
8/1/2020 11:32,115.146.126.210,tcp,11211,techesnews.net,memcached,1.2.4,38732,VN,HA NOI,HANOI,0,,7560,32,9078399,32:10.0,1,9415,Communications
8/1/2020 11:32,103.1.209.122,tcp,11211,,memcached,1.4.4,38731,VN,HA NOI,HANOI,0,,1755,64,51067460,47:07.0,42,12608688,Communications
8/1/2020 11:32,210.245.107.43,tcp,11211,,memcached,1.4.15,18403,VN,HO CHI MINH,THANH PHO HO CHI MINH,517311,,859,64,22508584,35:21.0,25,4683,Communications
8/1/2020 11:32,42.112.30.142,tcp,11211,,memcached,1.4.15,18403,VN,HO CHI MINH,THANH PHO HO CHI MINH,517311,,3741,64,14263727,28:19.0,10,8756,Communications
8/1/2020 11:32,125.253.116.246,tcp,11211,,memcached,1.4.39,45538,VN,BAC GIANG,BAC GIANG,0,,1548,64,6378592,00:00.0,10,9081,Communications
8/1/2020 11:32,103.9.76.216,tcp,11211,,memcached,1.4.15,45899,VN,HO CHI MINH,THANH PHO HO CHI MINH,0,,21923,64,28576,15:52.0,10,15,Communications
8/1/2020 11:32,171.244.37.66,tcp,11211,,memcached,1.5.10,38731,VN,HA NOI,HANOI,517312,,2129,64,4923236,00:00.0,2,634049,Communications
8/1/2020 11:33,103.27.239.10,tcp,11211,,memcached,1.4.4,131386,VN,HA NOI,HANOI,0,,1802,64,4237244,27:34.0,10,311,Communications
8/1/2020 11:33,103.75.177.25,tcp,11211,,memcached,1.5.6,63762,VN,HO CHI MINH,THANH PHO HO CHI MINH,0,,2642,64,30017168,00:00.0,164,15961451,Communications
8/1/2020 11:33,171.244.34.245,tcp,11211,,memcached,1.4.15,38731,VN,HA NOI,HANOI,517312,,814,64,1548063,33:07.0,10,93,Communications
8/1/2020 11:33,103.28.38.179,tcp,11211,mail.volco.vn,memcached,1.4.37,131353,VN,HA NOI,HANOI,0,,3586,64,550229,00:00.0,6,38,Communications
8/1/2020 11:33,103.75.177.81,tcp,11211,,memcached,1.5.6,63762,VN,HO CHI MINH,THANH PHO HO CHI MINH,0,,2642,64,30017181,00:00.0,164,15961452,Communications
8/1/2020 11:33,103.48.81.234,tcp,11211,mail.viramie.vn,memcached,1.4.37,135905,VN,HA NOI,HANOI,0,,23694,64,947056,00:00.0,6,69,Communications
8/1/2020 11:33,103.56.158.97,tcp,11211,,memcached,1.4.14 (Ubuntu),45899,VN,HAU GIANG,VI THANH,0,,1569,64,16620531,33:28.0,1,752,Communications
8/1/2020 11:33,152.32.161.166,tcp,11211,,memcached,1.4.15,135377,VN,HO CHI MINH,THANH PHO HO CHI MINH,0,,84620,64,91371,33:30.0,30,105,Information Technology
8/1/2020 11:33,103.1.239.45,tcp,11211,mx23945.superdata.vn,memcached,1.6.5,45544,VN,HA NOI,HANOI,0,,1039,64,7710782,00:00.0,2,461,Communications
8/1/2020 11:33,103.56.157.201,tcp,11211,,memcached,1.4.4,45899,VN,HA NOI,HANOI,0,,2693,64,1446629,33:56.0,10,88,Communications
8/1/2020 11:33,103.75.177.66,tcp,11211,,memcached,1.5.6,63762,VN,HO CHI MINH,THANH PHO HO CHI MINH,0,,2642,64,30017200,00:00.0,165,15961458,Communications
8/1/2020 11:33,125.253.112.67,tcp,11211,,memcached,1.4.4,45538,VN,BAC GIANG,BAC GIANG,0,,2209,64,28186006,29:22.0,20,2321105,Communications
8/1/2020 11:33,103.75.177.122,tcp,11211,,memcached,1.5.6,63762,VN,HO CHI MINH,THANH PHO HO CHI MINH,0,,2642,64,30017213,00:00.0,169,15961467,Communications
8/1/2020 11:33,103.221.221.249,tcp,11211,,memcached,1.5.9,18403,VN,HO CHI MINH,THANH PHO HO CHI MINH,0,,9620,64,3613908,00:00.0,2,200973,Communications
8/1/2020 11:33,202.43.108.42,tcp,11211,mail.teamnoc.net,memcached,1.4.37,45552,VN,DIEN BIEN,DIEN BIEN,423390,,6563,64,350878,00:00.0,6,27,Communications
8/1/2020 11:34,103.75.177.90,tcp,11211,,memcached,1.5.6,63762,VN,HO CHI MINH,THANH PHO HO CHI MINH,0,,2642,64,30017234,00:00.0,169,15961468,Communications
8/1/2020 11:34,103.48.81.73,tcp,11211,mail.thanhnamad.com,memcached,1.4.37,135905,VN,HA NOI,HANOI,0,,14390,64,29743568,00:00.0,6,9323,Communications
8/1/2020 11:34,203.162.56.197,tcp,11211,,memcached,1.4.15,7643,VN,HA NOI,HANOI,517311,,19083,64,1565829,34:07.0,10,2979,Communications
8/1/2020 11:34,210.245.107.76,tcp,11211,,memcached,1.5.12,18403,VN,HO CHI MINH,THANH PHO HO CHI MINH,517311,,13428,64,49362969,00:00.0,2,2113,Communications
8/1/2020 11:34,45.122.223.113,tcp,11211,,memcached,1.4.37,56150,VN,HA NOI,HANOI,0,,3668,64,6456668,00:00.0,6,406,Communications
8/1/2020 11:34,103.35.64.139,tcp,11211,,memcached,1.4.4,18403,VN,HA NOI,HANOI,517311,,1463,64,84560,35:42.0,10,11,Communications
8/1/2020 11:34,103.48.81.81,tcp,11211,sv-81081.bkns.vn,memcached,1.4.37,135905,VN,HA NOI,HANOI,0,,27815,64,4088097,00:00.0,6,281,Communications
8/1/2020 11:34,123.24.204.50,tcp,11211,static.vnpt.vn,memcached,1.2.6,45899,VN,HA NOI,HANOI,517311,,2836,64,176262,41:13.0,3,8,Communications
8/1/2020 11:34,113.161.73.36,tcp,11211,static.vnpt.vn,memcached,1.4.4-14-g9c660c0,45899,VN,HO CHI MINH,THANH PHO HO CHI MINH,517311,,3744,64,3056067757,50:11.0,10,141,Communications
8/1/2020 11:34,103.35.64.229,tcp,11211,,memcached,1.4.15,18403,VN,HA NOI,HANOI,517311,,4278,64,19859087,34:23.0,10,8957,Communications
8/1/2020 11:34,103.221.223.205,tcp,11211,,memcached,1.4.15,18403,VN,HO CHI MINH,THANH PHO HO CHI MINH,0,,863,64,8745132,34:21.0,10,592,Communications
8/1/2020 11:34,103.249.103.31,tcp,11211,,memcached,1.4.4,45538,VN,DONG NAI,BIEN HOA,0,,1713,64,707361,40:26.0,10,19844,Communications
8/1/2020 11:34,112.137.129.214,tcp,11211,,memcached,1.5.6,45542,VN,HA NOI,HANOI,0,,149915,64,1296441,00:00.0,92,1248,Communications
8/1/2020 11:34,103.221.221.244,tcp,11211,,memcached,1.5.9,18403,VN,HO CHI MINH,THANH PHO HO CHI MINH,0,,9620,64,3613942,00:00.0,2,200975,Communications
8/1/2020 11:34,103.75.177.108,tcp,11211,,memcached,1.5.6,63762,VN,HO CHI MINH,THANH PHO HO CHI MINH,0,,2642,64,30017253,00:00.0,173,15961477,Communications
8/1/2020 11:34,45.119.82.59,tcp,11211,,memcached,1.4.4,131386,VN,HO CHI MINH,THANH PHO HO CHI MINH,0,,1701,64,9446881,34:09.0,10,766,Communications
8/1/2020 11:34,150.95.104.224,tcp,11211,v150-95-104-224.a005.g.han1.static.cnode.io,memcached,1.5.9,131392,VN,HA NOI,HANOI,0,,903,64,3355267,00:00.0,6,1546703,Communications
8/1/2020 11:34,113.164.234.27,tcp,11211,static.vnpt.vn,memcached,1.5.7,45899,VN,HA NOI,HANOI,517311,,20617,64,70616964,00:00.0,2,10024,Communications
8/1/2020 11:34,45.117.169.203,tcp,11211,mx169203.superdata.vn,memcached,1.4.4,45544,VN,HA NOI,HANOI,0,,1253,64,7629500,28:33.0,10,388,Communications
8/1/2020 11:34,152.32.162.173,tcp,11211,,memcached,1.4.15,135377,VN,HO CHI MINH,THANH PHO HO CHI MINH,0,,75162,64,103337,34:53.0,10,12,Information Technology
8/1/2020 11:34,123.31.17.46,tcp,11211,static.vnpt.vn,memcached,1.4.4,45899,VN,HA NOI,HANOI,517311,,1362,64,69533972,34:57.0,15,207007,Communications
8/1/2020 11:35,125.253.116.131,tcp,11211,,memcached,1.4.36,45538,VN,BAC GIANG,BAC GIANG,0,,1288,64,75324347,00:00.0,13,22451,Communications
8/1/2020 11:35,118.70.240.42,tcp,11211,mail.scic.vn,memcached,1.4.37,18403,VN,HA NOI,HANOI,517311,,9117,64,63140,00:00.0,14,24,Communications
8/1/2020 11:35,27.71.227.127,tcp,11211,,memcached,1.4.25 Ubuntu,38731,VN,HA NOI,HANOI,517312,,1039,64,2020378,00:00.0,1,2392741,Communications
8/1/2020 11:35,171.244.38.185,tcp,11211,,memcached,1.2.1,38731,VN,HA NOI,HANOI,517312,,1672,32,7005595,34:43.0,1,2818,Communications
8/1/2020 11:35,163.44.206.139,tcp,11211,v163-44-206-139.a005.g.han1.static.cnode.io,memcached,1.4.15,131392,VN,HA NOI,HANOI,0,,892,64,9164100,35:33.0,10,40041,Communications
8/1/2020 11:35,103.75.177.125,tcp,11211,,memcached,1.5.6,63762,VN,HO CHI MINH,THANH PHO HO CHI MINH,0,,2642,64,30017320,00:00.0,178,15961487,Communications
8/1/2020 11:35,103.92.28.64,tcp,11211,,memcached,1.4.37,56150,VN,HA NOI,HANOI,0,,31920,64,1265,00:00.0,6,7,Communications
8/1/2020 11:35,103.81.87.30,tcp,11211,,memcached,1.6.5,18403,VN,HA NOI,HANOI,0,,832,64,2775815,00:00.0,2,193,Communications
8/1/2020 11:35,103.7.41.79,tcp,11211,mx4179.superdata.vn,memcached,1.4.15,45544,VN,HO CHI MINH,THANH PHO HO CHI MINH,0,,685,64,7581483,35:53.0,46,3739589,Communications
8/1/2020 11:35,203.162.166.97,tcp,11211,mail.nhatkim.com.vn,memcached,1.4.37,45899,VN,HA NOI,HANOI,517311,,3248,64,14151396,00:00.0,6,802,Communications
8/1/2020 11:35,103.216.121.65,tcp,11211,,memcached,1.4.15,18403,VN,HA NOI,HANOI,0,,9606,64,1482746,35:34.0,1,107,Communications
8/1/2020 11:35,103.92.28.141,tcp,11211,,memcached,1.4.37,56150,VN,HA NOI,HANOI,0,,25546,64,3285251,00:00.0,6,189,Communications
8/1/2020 11:35,103.48.80.138,tcp,11211,sv-80138.bkns.vn,memcached,1.4.15,135905,VN,HA NOI,HANOI,0,,895,64,5539421,35:55.0,10,2610,Communications
8/1/2020 11:35,203.162.13.107,tcp,11211,static.vnpt.vn,memcached,1.4.4,45899,VN,HA NOI,HANOI,517311,,1648,64,23246416,35:54.0,10,523521,Communications
8/1/2020 11:36,103.15.50.19,tcp,11211,,memcached,1.5.9,45538,VN,HO CHI MINH,THANH PHO HO CHI MINH,0,,8225,64,6421428,00:00.0,2,4828602,Communications
8/1/2020 11:36,103.75.177.107,tcp,11211,,memcached,1.5.6,63762,VN,HO CHI MINH,THANH PHO HO CHI MINH,0,,2642,64,30017349,00:00.0,178,15961492,Communications
8/1/2020 11:36,222.255.175.27,tcp,11211,mail.anamandarahue-resort.com,memcached,1.4.5,45899,VN,DA NANG,DA NANG,517311,,5432,32,2272128,16:37.0,5,141,Communications
8/1/2020 11:36,112.213.94.189,tcp,11211,mx94189.superdata.vn,memcached,1.4.4,45544,VN,HO CHI MINH,THANH PHO HO CHI MINH,0,,3089,64,7379349,40:43.0,10,16592155,Communications
8/1/2020 11:36,112.213.94.16,tcp,11211,mx9416.superdata.vn,memcached,1.4.4,45544,VN,HO CHI MINH,THANH PHO HO CHI MINH,0,,1603,64,6254033,24:49.0,10,432,Communications
8/1/2020 11:36,103.75.177.99,tcp,11211,,memcached,1.5.6,63762,VN,HO CHI MINH,THANH PHO HO CHI MINH,0,,2642,64,30017370,00:00.0,178,15961494,Communications
8/1/2020 11:36,203.128.246.151,tcp,11211,,memcached,1.4.4,24088,VN,HA NOI,HANOI,0,,1382,64,38829503,55:19.0,10,19662,Communications
8/1/2020 11:36,210.245.90.247,tcp,11211,210-245-90-247.shared.hostvn.net,memcached,1.4.15,18403,VN,HA NOI,HANOI,517311,,31628,64,977448,36:03.0,10,14017,Communications
8/1/2020 11:36,103.92.24.11,tcp,11211,,memcached,1.5.6,135915,VN,HO CHI MINH,THANH PHO HO CHI MINH,0,,1565,64,11736124,00:00.0,18,27510,Communications
8/1/2020 11:36,123.30.208.16,tcp,11211,static.vnpt.vn,memcached,1.4.4,45899,VN,HA NOI,HANOI,517311,,1635,64,1464612,36:35.0,10,89,Communications
8/1/2020 11:36,124.158.13.99,tcp,11211,mail.diamondbaycondotelresort.com,memcached,1.6.6,38733,VN,HO CHI MINH,THANH PHO HO CHI MINH,0,,1,64,97516,00:00.0,207,225,Communications
8/1/2020 11:36,103.92.28.217,tcp,11211,,memcached,1.4.37,56150,VN,HA NOI,HANOI,0,,24477,64,91565,00:00.0,6,8,Communications
8/1/2020 11:36,103.75.177.51,tcp,11211,,memcached,1.5.6,63762,VN,HO CHI MINH,THANH PHO HO CHI MINH,0,,2642,64,30017387,00:00.0,147,15961508,Communications
8/1/2020 11:36,103.48.81.80,tcp,11211,mail.fourseasonsbutton.com,memcached,1.4.37,135905,VN,HA NOI,HANOI,0,,3943,64,3192916,00:00.0,6,211,Communications
8/1/2020 11:36,103.48.81.59,tcp,11211,mail.thanglongjsc.net.vn,memcached,1.4.37,135905,VN,HA NOI,HANOI,0,,4101,64,4188560,00:00.0,6,303,Communications
8/1/2020 11:37,103.48.192.242,tcp,11211,,memcached,1.4.37,131423,VN,HA NOI,HANOI,0,,24445,64,27593,00:00.0,6,12,Communications
8/1/2020 11:37,45.252.250.231,tcp,11211,,memcached,1.5.10,63760,VN,HO CHI MINH,THANH PHO HO CHI MINH,0,,563,64,3683890,00:00.0,13,338,Communications
8/1/2020 11:37,103.75.177.111,tcp,11211,,memcached,1.5.6,63762,VN,HO CHI MINH,THANH PHO HO CHI MINH,0,,2642,64,30017418,00:00.0,75,15961524,Communications
8/1/2020 11:37,210.245.21.250,tcp,11211,,memcached,1.4.4,18403,VN,HO CHI MINH,THANH PHO HO CHI MINH,517311,,22350,64,45113553,37:31.0,78,141810,Communications
8/1/2020 11:37,45.122.222.37,tcp,11211,,memcached,1.4.15,56150,VN,HA NOI,HANOI,0,,719,64,6454840,40:04.0,10,453,Communications
8/1/2020 11:37,103.221.220.110,tcp,11211,,memcached,1.4.4,18403,VN,HO CHI MINH,THANH PHO HO CHI MINH,0,,873,64,12252715,37:51.0,2,727,Communications
8/1/2020 11:37,125.212.247.24,tcp,11211,,memcached,1.4.4,3873,VN,HO CHI MINH,THANH PHO HO CHI MINH,517312,,1930,64,73208985,21:36.0,10,33186,Communications
8/1/2020 11:37,103.221.223.139,tcp,11211,,memcached,1.4.15,18403,VN,HO CHI MINH,THANH PHO HO CHI MINH,0,,450,64,2932838,37:46.0,10,231,Communications
8/1/2020 11:38,14.225.238.136,tcp,11211,static.vnpt.vn,memcached,1.4.37,135905,VN,HA NOI,HANOI,517311,,17133,64,7328351,00:00.0,6,493,Communications
8/1/2020 11:38,103.221.223.160,tcp,11211,,memcached,1.5.7,18403,VN,HO CHI MINH,THANH PHO HO CHI MINH,0,,811,64,10783030,00:00.0,2,693,Communications
8/1/2020 11:38,103.75.177.72,tcp,11211,,memcached,1.5.6,63762,VN,HO CHI MINH,THANH PHO HO CHI MINH,0,,2642,64,30017497,00:00.0,62,15961554,Communications
8/1/2020 11:38,123.29.75.138,tcp,11211,static.vnpt.vn,memcached,1.4.4,45899,VN,HA NOI,HANOI,517311,,17149,64,18332707,36:57.0,10,8593,Communications
8/1/2020 11:38,103.75.177.49,tcp,11211,,memcached,1.5.6,63762,VN,HO CHI MINH,THANH PHO HO CHI MINH,0,,2642,64,30017499,00:00.0,62,15961555,Communications
8/1/2020 11:38,45.124.95.204,tcp,11211,,memcached,1.4.4,45899,VN,HUNG YEN,HUNG YEN,0,,1362,64,22743719,46:32.0,10,1134,Communications
8/1/2020 11:38,125.212.217.130,tcp,11211,,memcached,1.4.37,7552,VN,HO CHI MINH,THANH PHO HO CHI MINH,517312,,3382,64,6930758,00:00.0,6,409,Communications
8/1/2020 11:38,112.78.4.25,tcp,11211,,memcached,1.4.15,45538,VN,HO CHI MINH,THANH PHO HO CHI MINH,0,,594,64,5948797,38:38.0,10,403294,Communications
8/1/2020 11:38,103.75.177.48,tcp,11211,,memcached,1.5.6,63762,VN,HO CHI MINH,THANH PHO HO CHI MINH,0,,2642,64,30017508,00:00.0,53,15961570,Communications
8/1/2020 11:38,103.75.177.113,tcp,11211,,memcached,1.5.6,63762,VN,HO CHI MINH,THANH PHO HO CHI MINH,0,,2642,64,30017507,00:00.0,53,15961569,Communications
8/1/2020 11:38,103.28.38.37,tcp,11211,,memcached,1.4.37,131353,VN,HA NOI,HANOI,0,,21023,64,112969,00:00.0,6,18,Communications
8/1/2020 11:38,115.84.178.110,tcp,11211,email.bkhost.vn,memcached,1.4.37,38731,VN,HA NOI,HANOI,0,,32737,64,2845194,00:00.0,6,273,Communications
8/1/2020 11:38,103.221.220.119,tcp,11211,,memcached,1.5.4,18403,VN,HO CHI MINH,THANH PHO HO CHI MINH,0,,744,64,12252377,00:00.0,10,721,Communications
8/1/2020 11:39,203.205.21.162,tcp,11211,mdpc1.maximail.vn,memcached,1.4.37,45903,VN,HO CHI MINH,THANH PHO HO CHI MINH,0,,21823,64,360019,00:00.0,6,38,Communications
8/1/2020 11:39,103.75.177.118,tcp,11211,,memcached,1.5.6,63762,VN,HO CHI MINH,THANH PHO HO CHI MINH,0,,2642,64,30017529,00:00.0,57,15961575,Communications
8/1/2020 11:39,45.117.171.196,tcp,11211,mx171196.superdata.vn,memcached,1.4.37,45544,VN,HA NOI,HANOI,0,,3752,64,1229967,00:00.0,6,72,Communications
8/1/2020 11:39,222.255.166.83,tcp,11211,static.vnpt.vn,memcached,1.4.37,45899,VN,DA NANG,DA NANG,517311,,24920,64,199070,00:00.0,6,17,Communications
8/1/2020 11:39,103.75.177.104,tcp,11211,,memcached,1.5.6,63762,VN,HO CHI MINH,THANH PHO HO CHI MINH,0,,2642,64,30017544,00:00.0,52,15961586,Communications
8/1/2020 11:39,45.124.86.27,tcp,11211,sv-86027.bkns.vn,memcached,1.4.15,135905,VN,HA NOI,HANOI,0,,883,64,28080649,39:16.0,10,2964,Communications
8/1/2020 11:39,45.119.83.8,tcp,11211,,memcached,1.4.4,131386,VN,HO CHI MINH,THANH PHO HO CHI MINH,0,,48861,64,5503542,23:57.0,21,216225,Communications
8/1/2020 11:39,61.28.226.157,tcp,11211,,memcached,1.4.4,38244,VN,HO CHI MINH,THANH PHO HO CHI MINH,0,,27439,64,20134323,49:38.0,10,9560,Communications
8/1/2020 11:39,103.27.236.251,tcp,11211,,memcached,1.4.37,131386,VN,TUYEN QUANG,TUYEN QUANG,0,,3008,64,4590326,00:00.0,6,370,Communications
8/1/2020 11:39,222.255.236.50,tcp,11211,,memcached,1.4.4,7643,VN,HO CHI MINH,THANH PHO HO CHI MINH,517311,,2810,64,9537102,43:41.0,10,555,Communications
8/1/2020 11:39,103.101.162.167,tcp,11211,,memcached,1.4.4-14-g9c660c0,131353,VN,HA NOI,HANOI,0,,1228,64,3060193938,54:36.0,20,1259,Communications
8/1/2020 11:39,61.28.226.253,tcp,11211,,memcached,1.4.25 Ubuntu,38244,VN,HO CHI MINH,THANH PHO HO CHI MINH,0,,8757,64,5794217,00:00.0,26,12368,Communications
8/1/2020 11:39,112.213.84.167,tcp,11211,mx84167.superdata.vn,memcached,1.4.25 Ubuntu,45544,VN,HO CHI MINH,THANH PHO HO CHI MINH,0,,1701,64,25904249,00:00.0,55,57633,Communications
8/1/2020 11:39,103.221.221.181,tcp,11211,,memcached,1.4.30,18403,VN,HO CHI MINH,THANH PHO HO CHI MINH,0,,839,32,10951160,00:00.0,10,90429,Communications
8/1/2020 11:39,103.92.28.173,tcp,11211,,memcached,1.4.37,56150,VN,HA NOI,HANOI,0,,3997,64,6465591,00:00.0,6,436,Communications
8/1/2020 11:40,103.68.68.156,tcp,11211,,memcached,1.4.4,18403,VN,HO CHI MINH,THANH PHO HO CHI MINH,0,,1059,64,1016907,39:35.0,10,99,Communications
8/1/2020 11:40,103.130.212.33,tcp,11211,email.mailviet.vn,memcached,1.4.37,135953,VN,HA NOI,HANOI,0,,4884,64,3664935,00:00.0,6,215,Communications
8/1/2020 11:40,1.53.252.160,tcp,11211,,memcached,1.4.15,18403,VN,DA NANG,DA NANG,517311,,439,64,1657128,25:33.0,10,120,Communications
8/1/2020 11:40,103.28.39.40,tcp,11211,,memcached,1.5.20,131353,VN,HA NOI,HANOI,0,,8895,64,22330744,00:00.0,2,8814,Communications
8/1/2020 11:40,113.161.113.25,tcp,11211,mail.namphuongfood.vn,memcached,1.4.37,45899,VN,HO CHI MINH,THANH PHO HO CHI MINH,517311,,3649,64,2404869,00:00.0,10,214,Communications
8/1/2020 11:40,103.9.158.146,tcp,11211,,memcached,1.4.15,63730,VN,HO CHI MINH,THANH PHO HO CHI MINH,0,,1038,64,41909,37:44.0,10,24,Communications
8/1/2020 11:40,125.212.228.37,tcp,11211,,memcached,1.4.4,38731,VN,HA NOI,HANOI,517312,,19879,64,43734298,38:25.0,10,5084623,Communications
8/1/2020 11:40,112.213.84.31,tcp,11211,mx8431.superdata.vn,memcached,1.4.4,45544,VN,HO CHI MINH,THANH PHO HO CHI MINH,0,,1866,64,29402845,51:50.0,10,1490,Communications
8/1/2020 11:40,103.75.177.47,tcp,11211,,memcached,1.5.6,63762,VN,HO CHI MINH,THANH PHO HO CHI MINH,0,,2642,64,30017619,00:00.0,73,15961623,Communications
8/1/2020 11:40,14.225.2.40,tcp,11211,static.vnpt.vn,memcached,1.6.6,45899,VN,HA NOI,HANOI,517311,,1,64,546105,00:00.0,2,343935,Communications
8/1/2020 11:40,27.0.12.56,tcp,11211,mx1256.superdata.vn,memcached,1.4.15,45544,VN,HO CHI MINH,THANH PHO HO CHI MINH,0,,1274,64,24987,40:59.0,12,38926,Communications
8/1/2020 11:41,103.28.37.125,tcp,11211,mail.ech.com.vn,memcached,1.4.37,131353,VN,HA NOI,HANOI,0,,12347,64,5475443,00:00.0,6,427,Communications
8/1/2020 11:41,103.75.177.36,tcp,11211,,memcached,1.5.6,63762,VN,HO CHI MINH,THANH PHO HO CHI MINH,0,,2642,64,30017674,00:00.0,88,15961639,Communications
8/1/2020 11:41,103.75.177.41,tcp,11211,,memcached,1.5.6,63762,VN,HO CHI MINH,THANH PHO HO CHI MINH,0,,2642,64,30017676,00:00.0,88,15961640,Communications
8/1/2020 11:41,103.9.76.215,tcp,11211,,memcached,1.4.15,45899,VN,HO CHI MINH,THANH PHO HO CHI MINH,0,,21923,64,29096,24:32.0,10,17,Communications
8/1/2020 11:41,103.9.76.210,tcp,11211,,memcached,1.4.15,45899,VN,HO CHI MINH,THANH PHO HO CHI MINH,0,,21923,64,29096,24:32.0,10,16,Communications
8/1/2020 11:41,171.244.33.137,tcp,11211,,memcached,1.4.4,38731,VN,HA NOI,HANOI,517312,,2286,64,20636550,36:39.0,10,835,Communications
8/1/2020 11:41,103.216.121.66,tcp,11211,,memcached,1.4.15,18403,VN,HA NOI,HANOI,0,,2630,64,1483099,41:25.0,1,2883,Communications
8/1/2020 11:41,103.104.123.108,tcp,11211,static-ptr.vndata.vn,memcached,1.4.15,135932,VN,HA NOI,HANOI,0,,1048,64,3470410,41:31.0,11,212,Communications
8/1/2020 11:41,124.158.4.90,tcp,11211,,memcached,1.4.15,38732,VN,HA NOI,HANOI,0,,6388,64,55746,41:41.0,12,306475,Communications
8/1/2020 11:41,45.119.215.133,tcp,11211,,memcached,1.4.15,131423,VN,HA NOI,HANOI,0,,1148,64,5008855,43:53.0,36,1086,Communications
8/1/2020 11:41,103.221.220.46,tcp,11211,,memcached,1.4.4,18403,VN,HO CHI MINH,THANH PHO HO CHI MINH,0,,997,64,9248360,40:54.0,10,6416,Communications
8/1/2020 11:42,103.7.43.213,tcp,11211,mx43213.superdata.vn,memcached,1.4.4,45544,VN,HO CHI MINH,THANH PHO HO CHI MINH,0,,1475,64,42141773,10:32.0,19,191134,Communications
8/1/2020 11:42,103.75.177.62,tcp,11211,,memcached,1.5.6,63762,VN,HO CHI MINH,THANH PHO HO CHI MINH,0,,2642,64,30017710,00:00.0,89,15961668,Communications
8/1/2020 11:42,125.212.221.36,tcp,11211,,memcached,1.4.4,7552,VN,HO CHI MINH,THANH PHO HO CHI MINH,517312,,1120,64,4900567,03:25.0,10,298,Communications
8/1/2020 11:42,203.162.14.123,tcp,11211,mail.vnpti.vn,memcached,1.4.4,45899,VN,HA NOI,HANOI,517311,,2105,64,30331599,30:26.0,10,9411,Communications
8/1/2020 11:42,119.82.135.47,tcp,11211,mail.themailbbb.info,memcached,1.4.37,45903,VN,HO CHI MINH,THANH PHO HO CHI MINH,0,,31175,64,9445019,00:00.0,6,610,Communications
8/1/2020 11:42,45.122.222.213,tcp,11211,,memcached,1.4.37,56150,VN,HA NOI,HANOI,0,,25085,64,6374807,00:00.0,6,392,Communications
8/1/2020 11:42,123.31.18.104,tcp,11211,static.vnpt.vn,memcached,1.5.16,45899,VN,HA NOI,HANOI,517311,,1387,64,6036317,00:00.0,5,748,Communications
8/1/2020 11:42,103.20.145.11,tcp,11211,mail.liviat.vn,memcached,1.4.37,45552,VN,DIEN BIEN,DIEN BIEN,423390,,12078,64,5365637,00:00.0,6,404,Communications
8/1/2020 11:42,210.245.85.28,tcp,11211,,memcached,1.4.15,18403,VN,HA NOI,HANOI,517311,,32059,64,585222,33:41.0,10,81,Communications
8/1/2020 11:42,222.255.113.11,tcp,11211,static.vnpt.vn,memcached,1.5.12,45899,VN,HA NOI,HANOI,517311,,1,64,203148,00:00.0,2,181546,Communications
8/1/2020 11:42,171.244.43.30,tcp,11211,,memcached,1.4.4,38731,VN,HA NOI,HANOI,517312,,1897,64,5212385,34:01.0,10,307,Communications
8/1/2020 11:42,103.28.38.240,tcp,11211,mail.pharbaco.com.vn,memcached,1.4.37,131353,VN,HA NOI,HANOI,0,,14860,64,274923,00:00.0,6,20,Communications
8/1/2020 11:42,45.117.175.10,tcp,11211,mail.digistar.vn,memcached,1.4.37,56151,VN,QUANG NGAI,BINH THANH,0,,20940,64,1335285,00:00.0,6,96,Communications
8/1/2020 11:42,103.75.177.123,tcp,11211,,memcached,1.5.6,63762,VN,HO CHI MINH,THANH PHO HO CHI MINH,0,,2642,64,30017761,00:00.0,81,15961690,Communications
8/1/2020 11:42,125.212.251.81,tcp,11211,,memcached,1.4.37,3873,VN,HA NOI,HANOI,517312,,4249,64,27405253,00:00.0,6,8843,Communications
8/1/2020 11:43,45.117.82.101,tcp,11211,mail.nuka.vn,memcached,1.4.37,131353,VN,HA NOI,HANOI,0,,19477,64,3653927,00:00.0,7,259,Communications
8/1/2020 11:43,103.237.145.149,tcp,11211,,memcached,1.4.4,131414,VN,HA NOI,HANOI,0,,2026,64,812448,42:37.0,10,57,Communications
8/1/2020 11:43,115.146.123.87,tcp,11211,,memcached,1.2.4,38732,VN,HA NOI,HANOI,0,,1392,32,574802,43:05.0,1,42,Communications
8/1/2020 11:43,103.75.177.121,tcp,11211,,memcached,1.5.6,63762,VN,HO CHI MINH,THANH PHO HO CHI MINH,0,,2642,64,30017773,00:00.0,81,15961691,Communications
8/1/2020 11:43,103.221.220.166,tcp,11211,,memcached,1.5.10,18403,VN,HO CHI MINH,THANH PHO HO CHI MINH,0,,792,64,12251227,00:00.0,2,690,Communications
8/1/2020 11:43,45.121.163.41,tcp,11211,,memcached,1.4.15,56149,VN,HA NOI,HANOI,0,,3159,64,57904209,43:11.0,40,35397,Communications
8/1/2020 11:43,112.213.84.100,tcp,11211,mx84100.superdata.vn,memcached,1.2.6,45544,VN,HO CHI MINH,THANH PHO HO CHI MINH,0,,3236,32,8983640,43:04.0,3,562,Communications
8/1/2020 11:43,123.16.190.153,tcp,11211,diachihay.com,memcached,1.4.15,45899,VN,HA NOI,HANOI,517311,,1189,64,101432,43:24.0,10,21,Communications
8/1/2020 11:43,123.30.50.74,tcp,11211,static.vnpt.vn,memcached,1.5.20,45899,VN,HA NOI,HANOI,517311,,2447,64,16690517,00:00.0,2,4650,Communications
8/1/2020 11:43,103.47.192.233,tcp,11211,ohsima.indigre.com,memcached,1.4.15,18403,VN,HA NOI,HANOI,0,,25603,64,29602898,39:55.0,10,83737,Communications
8/1/2020 11:43,103.75.177.79,tcp,11211,,memcached,1.5.6,63762,VN,HO CHI MINH,THANH PHO HO CHI MINH,0,,2642,64,30017822,00:00.0,100,15961719,Communications
8/1/2020 11:44,103.75.177.52,tcp,11211,,memcached,1.5.6,63762,VN,HO CHI MINH,THANH PHO HO CHI MINH,0,,2642,64,30017842,00:00.0,100,15961720,Communications
8/1/2020 11:44,123.30.154.44,tcp,11211,static.vnpt.vn,memcached,1.4.37,45899,VN,HA NOI,HANOI,517311,,3092,64,18325886,00:00.0,14,8451,Communications
8/1/2020 11:44,124.158.9.252,tcp,11211,,memcached,1.6.1,38733,VN,HO CHI MINH,THANH PHO HO CHI MINH,0,,187087,64,6816685,00:00.0,2,9065347,Communications
8/1/2020 11:44,171.244.9.232,tcp,11211,,memcached,1.4.36,38731,VN,HA NOI,HANOI,517312,,1936,64,10736648,00:00.0,12,181405,Communications
8/1/2020 11:44,118.99.13.96,tcp,11211,,memcached,1.2.1,38186,VN,CAO BANG,THANG LOI,0,,1660,32,6920477,44:20.0,1,1982,Communications
8/1/2020 11:44,42.112.17.22,tcp,11211,,memcached,1.4.25,18403,VN,HA NOI,HANOI,517311,,2079,64,26720446,00:00.0,15,1904534,Communications
8/1/2020 11:44,103.15.51.88,tcp,11211,,memcached,1.4.4,45538,VN,HO CHI MINH,THANH PHO HO CHI MINH,0,,634,64,5477676,44:24.0,2,8311472,Communications
8/1/2020 11:44,43.239.221.25,tcp,11211,mail.qtcloud.info,memcached,1.4.37,7643,VN,HO CHI MINH,THANH PHO HO CHI MINH,0,,8458,64,164854,00:00.0,6,15,Communications
8/1/2020 11:44,103.254.13.67,tcp,11211,mail.nsets.com.vn,memcached,1.4.37,56151,VN,QUANG NGAI,BINH THANH,0,,26699,64,653072,00:00.0,6,46,Communications
8/1/2020 11:44,27.0.12.126,tcp,11211,mx12126.superdata.vn,memcached,1.4.4-14-g9c660c0,45544,VN,HO CHI MINH,THANH PHO HO CHI MINH,0,,2680,64,3061396438,59:43.0,18,2564,Communications
8/1/2020 11:44,115.165.166.233,tcp,11211,,memcached,1.5.20,45903,VN,HA NOI,HANOI,0,,27090,64,17864684,00:00.0,102,302288,Communications
8/1/2020 11:44,115.146.121.245,tcp,11211,rca.offresoketsd.com,memcached,1.4.4,38732,VN,HA NOI,HANOI,0,,3788,64,7442739,33:35.0,10,626,Communications
8/1/2020 11:44,118.69.81.243,tcp,11211,,memcached,1.4.4,18403,VN,HO CHI MINH,THANH PHO HO CHI MINH,517311,,1268,64,12869409,38:50.0,10,1636,Communications
8/1/2020 11:44,103.28.37.142,tcp,11211,,memcached,1.4.4,131353,VN,HA NOI,HANOI,0,,848,64,1050432,44:51.0,10,67,Communications
8/1/2020 11:44,103.28.38.71,tcp,11211,mail.reiwajsc.vn,memcached,1.4.37,131353,VN,HA NOI,HANOI,0,,29583,64,5560160,00:00.0,6,407,Communications
8/1/2020 11:44,103.221.221.234,tcp,11211,,memcached,1.4.15,18403,VN,HO CHI MINH,THANH PHO HO CHI MINH,0,,374,64,4211431,44:54.0,10,327,Communications
8/1/2020 11:44,203.205.63.180,tcp,11211,static.cmcti.vn,memcached,1.4.15,45903,VN,HO CHI MINH,THANH PHO HO CHI MINH,0,,1059,64,6140269,40:24.0,10,435,Communications
8/1/2020 11:44,103.48.80.168,tcp,11211,sv-80168.bkns.vn,memcached,1.4.15,135905,VN,HA NOI,HANOI,0,,895,64,5539960,44:54.0,10,2611,Communications
8/1/2020 11:45,115.146.123.105,tcp,11211,,memcached,1.5.22,38732,VN,HA NOI,HANOI,0,,111124,64,12899189,00:00.0,209,2686,Communications
8/1/2020 11:45,103.28.38.136,tcp,11211,,memcached,1.4.37,131353,VN,HA NOI,HANOI,0,,28398,64,464874,00:00.0,6,57,Communications
8/1/2020 11:45,103.234.39.79,tcp,11211,,memcached,1.4.4,45538,VN,HO CHI MINH,THANH PHO HO CHI MINH,0,,22494,64,5040617,42:32.0,52,7118,Communications
8/1/2020 11:45,14.225.7.150,tcp,11211,static.vnpt.vn,memcached,1.5.6 Ubuntu,135905,VN,HA NOI,HANOI,517311,,770,64,26716932,00:00.0,337,179052,Communications
8/1/2020 11:45,103.48.81.76,tcp,11211,smtp.itsj-group.com,memcached,1.4.37,135905,VN,HA NOI,HANOI,0,,8881,64,2707941,00:00.0,6,179,Communications
8/1/2020 11:45,45.117.169.144,tcp,11211,mx169144.superdata.vn,memcached,1.4.15,45544,VN,HA NOI,HANOI,0,,18898,64,8465157,45:41.0,10,399,Communications
8/1/2020 11:45,115.84.178.104,tcp,11211,mail.zmail.vn,memcached,1.4.37,38731,VN,HA NOI,HANOI,0,,661,64,21525439,00:00.0,6,8972,Communications
8/1/2020 11:45,103.75.177.34,tcp,11211,,memcached,1.5.6,63762,VN,HO CHI MINH,THANH PHO HO CHI MINH,0,,2642,64,30017933,00:00.0,117,15961742,Communications
8/1/2020 11:45,103.232.120.155,tcp,11211,,memcached,1.6.5,56150,VN,HO CHI MINH,THANH PHO HO CHI MINH,0,,1252,64,3454016,00:00.0,2,7976542,Communications
8/1/2020 11:45,103.74.123.56,tcp,11211,sv123056.bkns.vn,memcached,1.4.15,135967,VN,HA NOI,HANOI,0,,2132,64,7413892,51:25.0,328,972,Communications
8/1/2020 11:45,150.95.109.216,tcp,11211,v150-95-109-216.a00b.g.han1.static.cnode.io,memcached,1.4.15,131392,VN,HA NOI,HANOI,0,,22428,64,43959403,45:55.0,15,130,Communications
8/1/2020 11:45,45.124.86.26,tcp,11211,sv-86026.bkns.vn,memcached,1.4.15,135905,VN,HA NOI,HANOI,0,,883,64,28081048,45:55.0,10,2965,Communications
8/1/2020 11:46,103.254.14.161,tcp,11211,mail11.digistar.vn,memcached,1.4.17,56151,VN,QUANG NGAI,BINH THANH,0,,6478,64,22494162,45:51.0,14,7943,Communications
8/1/2020 11:46,103.92.28.157,tcp,11211,,memcached,1.4.37,56150,VN,HA NOI,HANOI,0,,4034,64,6371345,00:00.0,6,416,Communications
8/1/2020 11:46,112.137.129.102,tcp,11211,,memcached,1.5.6,45542,VN,HA NOI,HANOI,0,,2365,64,2104743,00:00.0,99,10083,Communications
8/1/2020 11:46,103.75.177.78,tcp,11211,,memcached,1.5.6,63762,VN,HO CHI MINH,THANH PHO HO CHI MINH,0,,2642,64,30017953,00:00.0,119,15961745,Communications
8/1/2020 11:46,163.44.192.151,tcp,11211,v163-44-192-151.a001.g.han1.static.cnode.io,memcached,1.4.4,131392,VN,HA NOI,HANOI,0,,1627,64,10142123,46:07.0,30,44410,Communications
8/1/2020 11:46,103.75.177.126,tcp,11211,,memcached,1.5.6,63762,VN,HO CHI MINH,THANH PHO HO CHI MINH,0,,2642,64,30017971,00:00.0,128,15961755,Communications
8/1/2020 11:46,103.75.177.28,tcp,11211,,memcached,1.5.6,63762,VN,HO CHI MINH,THANH PHO HO CHI MINH,0,,2642,64,30017985,00:00.0,130,15961758,Communications
8/1/2020 11:46,103.74.122.200,tcp,11211,sv122200.bkns.vn,memcached,1.5.6 Ubuntu,135967,VN,HA NOI,HANOI,0,,34557,64,5003316,00:00.0,177,30603,Communications
8/1/2020 11:46,103.75.177.127,tcp,11211,,memcached,1.5.6,63762,VN,HO CHI MINH,THANH PHO HO CHI MINH,0,,2642,64,30017994,00:00.0,134,15961768,Communications
8/1/2020 11:46,123.31.26.142,tcp,11211,static.vnpt.vn,memcached,,45899,VN,HA NOI,HANOI,517311,,,,,00:00.0,,,Communications
8/1/2020 11:46,103.9.206.41,tcp,11211,,memcached,1.4.15,135905,VN,THUA THIEN-HUE,HUE,0,,5822,64,2083851,46:46.0,12,2401774,Communications
8/1/2020 11:47,103.75.177.115,tcp,11211,,memcached,1.5.6,63762,VN,HO CHI MINH,THANH PHO HO CHI MINH,0,,2642,64,30018017,00:00.0,135,15961770,Communications
8/1/2020 11:47,103.21.148.164,tcp,11211,,memcached,1.4.15,38732,VN,HA NOI,HANOI,0,,1080,64,42581429,07:24.0,13,7666,Communications
8/1/2020 11:47,125.253.123.7,tcp,11211,,memcached,1.4.4,45538,VN,HO CHI MINH,THANH PHO HO CHI MINH,0,,896,64,38202783,37:54.0,14,1069096,Communications
8/1/2020 11:47,123.31.26.143,tcp,11211,static.vnpt.vn,memcached,,45899,VN,HA NOI,HANOI,517311,,,,,00:00.0,,,Communications
8/1/2020 11:47,112.213.84.151,tcp,11211,mx84151.superdata.vn,memcached,1.5.6,45544,VN,HO CHI MINH,THANH PHO HO CHI MINH,0,,1599,64,379635,00:00.0,5,755,Communications
8/1/2020 11:47,150.95.113.77,tcp,11211,v150-95-113-77.a013.g.han1.static.cnode.io,memcached,1.5.19,131392,VN,HA NOI,HANOI,0,,1,64,872198,00:00.0,2,634,Communications
8/1/2020 11:47,103.221.223.66,tcp,11211,,memcached,1.4.15,18403,VN,HO CHI MINH,THANH PHO HO CHI MINH,0,,446,64,2876247,47:14.0,14,415,Communications
8/1/2020 11:47,115.84.179.122,tcp,11211,,memcached,1.4.4,38731,VN,HA NOI,HANOI,0,,2601,64,29984089,47:24.0,22,455239,Communications
8/1/2020 11:47,171.244.33.126,tcp,11211,,memcached,1.2.1,38731,VN,HA NOI,HANOI,517312,,5080,32,7762377,47:29.0,1,1596,Communications
8/1/2020 11:47,103.56.158.111,tcp,11211,,memcached,1.4.4,45899,VN,HAU GIANG,VI THANH,0,,1325,64,11418647,45:31.0,16,7138,Communications
8/1/2020 11:47,103.9.76.214,tcp,11211,,memcached,1.4.15,45899,VN,HO CHI MINH,THANH PHO HO CHI MINH,0,,21923,64,29460,30:36.0,10,18,Communications
8/1/2020 11:47,103.48.80.119,tcp,11211,sv-80119.bkns.vn,memcached,1.4.15,135905,VN,HA NOI,HANOI,0,,895,64,5540119,47:33.0,10,2612,Communications
8/1/2020 11:47,103.92.28.236,tcp,11211,,memcached,1.4.37,56150,VN,HA NOI,HANOI,0,,18088,64,1283152,00:00.0,6,95,Communications
8/1/2020 11:47,103.75.177.80,tcp,11211,,memcached,1.5.6,63762,VN,HO CHI MINH,THANH PHO HO CHI MINH,0,,2642,64,30018052,00:00.0,140,15961780,Communications
8/1/2020 11:47,123.30.142.214,tcp,11211,static.vnpt.vn,memcached,1.4.4,7643,VN,HA NOI,HANOI,517311,,1428,64,2689678,47:45.0,10,24403,Communications
8/1/2020 11:47,27.0.12.87,tcp,11211,12-87.static.v1server.com,memcached,1.2.6,45544,VN,HO CHI MINH,THANH PHO HO CHI MINH,0,,1432,32,936071,47:35.0,3,474944,Communications
8/1/2020 11:47,125.253.113.2,tcp,11211,cholimexfood.com.vn,memcached,1.2.6,45538,VN,BAC GIANG,BAC GIANG,0,,3604,32,110304,47:48.0,3,13,Communications
8/1/2020 11:47,112.213.95.74,tcp,11211,mx9574.superdata.vn,memcached,1.4.15,45544,VN,HO CHI MINH,THANH PHO HO CHI MINH,0,,11646,64,1499902,48:14.0,11,3506389,Communications
8/1/2020 11:48,103.75.177.117,tcp,11211,,memcached,1.5.6,63762,VN,HO CHI MINH,THANH PHO HO CHI MINH,0,,2642,64,30018068,00:00.0,148,15961789,Communications
8/1/2020 11:48,103.221.221.248,tcp,11211,,memcached,1.5.9,18403,VN,HO CHI MINH,THANH PHO HO CHI MINH,0,,9620,64,3614759,00:00.0,2,201120,Communications
8/1/2020 11:48,103.90.228.109,tcp,11211,,memcached,1.4.15,135932,VN,THAI BINH,THAI BINH,0,,406,64,23318207,26:13.0,10,8709,Communications
8/1/2020 11:48,103.75.177.50,tcp,11211,,memcached,1.5.6,63762,VN,HO CHI MINH,THANH PHO HO CHI MINH,0,,2642,64,30018079,00:00.0,148,15961790,Communications
8/1/2020 11:48,103.221.223.144,tcp,11211,,memcached,1.5.9,18403,VN,HO CHI MINH,THANH PHO HO CHI MINH,0,,735,64,1413830,00:00.0,2,57268,Communications
8/1/2020 11:48,103.249.103.4,tcp,11211,,memcached,1.4.4,45538,VN,DONG NAI,BIEN HOA,0,,1575,64,25606098,54:23.0,10,4807,Communications
8/1/2020 11:48,103.75.177.60,tcp,11211,,memcached,1.5.6,63762,VN,HO CHI MINH,THANH PHO HO CHI MINH,0,,2642,64,30018098,00:00.0,150,15961793,Communications
8/1/2020 11:48,113.61.110.233,tcp,11211,,memcached,1.6.3,38738,VN,HO CHI MINH,THANH PHO HO CHI MINH,0,,1629,64,10046215,00:00.0,2,584,Communications
8/1/2020 11:48,45.124.86.25,tcp,11211,sv-86025.bkns.vn,memcached,1.4.15,135905,VN,HA NOI,HANOI,0,,883,64,28081208,48:35.0,10,2966,Communications
8/1/2020 11:48,103.110.84.190,tcp,11211,,memcached,1.4.15,63760,VN,DA NANG,DA NANG,0,,2829,64,4124148,48:36.0,2,325,Communications
8/1/2020 11:48,103.75.177.27,tcp,11211,,memcached,1.5.6,63762,VN,HO CHI MINH,THANH PHO HO CHI MINH,0,,2642,64,30018112,00:00.0,152,15961796,Communications
8/1/2020 11:48,103.27.236.204,tcp,11211,mail.webrt.vn,memcached,1.4.37,131386,VN,TUYEN QUANG,TUYEN QUANG,0,,64245,64,3319713,00:00.0,6,228,Communications
8/1/2020 11:48,42.117.2.176,tcp,11211,,memcached,1.4.37,18403,VN,HO CHI MINH,THANH PHO HO CHI MINH,517311,,17982,64,19969990,00:00.0,6,10909,Communications
8/1/2020 11:48,103.9.76.211,tcp,11211,,memcached,1.4.15,45899,VN,HO CHI MINH,THANH PHO HO CHI MINH,0,,21923,64,29536,31:52.0,10,19,Communications
8/1/2020 11:48,45.117.76.42,tcp,11211,45-117-76-42.static.bizmac.com,memcached,1.5.12,131428,VN,HAI PHONG,HAI PHONG,0,,4813,64,10653385,00:00.0,2,476433,Communications
8/1/2020 11:48,45.125.239.87,tcp,11211,static.ftech.vn,memcached,1.4.4,18403,VN,HA NOI,HANOI,0,,9434,64,2711021,48:45.0,10,7552,Communications
8/1/2020 11:48,103.130.218.75,tcp,11211,,memcached,1.4.15,135951,VN,HA NOI,HANOI,0,,885,64,7465861,48:50.0,2,508,Communications
8/1/2020 11:48,103.254.14.210,tcp,11211,mail11.digistar.vn,memcached,1.4.17,56151,VN,QUANG NGAI,BINH THANH,0,,6478,64,22494335,48:44.0,14,7944,Communications
8/1/2020 11:48,171.244.36.102,tcp,11211,,memcached,1.6.5,38731,VN,HA NOI,HANOI,517312,,1,64,6929423,00:00.0,2,434,Communications
8/1/2020 11:49,103.75.177.44,tcp,11211,,memcached,1.5.6,63762,VN,HO CHI MINH,THANH PHO HO CHI MINH,0,,2642,64,30018130,00:00.0,155,15961800,Communications
8/1/2020 11:49,103.56.157.178,tcp,11211,,memcached,1.4.15,45899,VN,HA NOI,HANOI,0,,19820,64,421345,49:11.0,12,65,Communications
8/1/2020 11:49,103.28.38.62,tcp,11211,,memcached,1.4.37,131353,VN,HA NOI,HANOI,0,,18574,64,98804,00:00.0,6,12,Communications
8/1/2020 11:49,27.0.12.152,tcp,11211,mx12152.superdata.vn,memcached,1.4.15,45544,VN,HO CHI MINH,THANH PHO HO CHI MINH,0,,2401,64,1848300,49:01.0,10,323,Communications
8/1/2020 11:49,45.124.86.23,tcp,11211,sv-86023.bkns.vn,memcached,1.4.15,135905,VN,HA NOI,HANOI,0,,883,64,28081249,49:16.0,10,2967,Communications
8/1/2020 11:49,103.75.177.109,tcp,11211,,memcached,1.5.6,63762,VN,HO CHI MINH,THANH PHO HO CHI MINH,0,,2642,64,30018145,00:00.0,124,15961807,Communications
8/1/2020 11:49,103.221.223.124,tcp,11211,,memcached,1.4.15,18403,VN,HO CHI MINH,THANH PHO HO CHI MINH,0,,446,64,2876371,49:18.0,14,416,Communications
8/1/2020 11:49,112.213.86.67,tcp,11211,mx8667.superdata.vn,memcached,1.4.15,45544,VN,HO CHI MINH,THANH PHO HO CHI MINH,0,,11743,64,11611698,55:50.0,10,436,Communications
8/1/2020 11:50,103.101.162.21,tcp,11211,,memcached,1.4.15,131353,VN,HA NOI,HANOI,0,,943,64,3305036,48:50.0,10,251,Communications
8/1/2020 11:50,171.244.49.167,tcp,11211,,memcached,1.5.6 Ubuntu,38731,VN,HA NOI,HANOI,517312,,63943,64,28208865,00:00.0,1,9046,Communications
8/1/2020 11:50,123.30.59.49,tcp,11211,static.vnpt.vn,memcached,1.4.4,45899,VN,HA NOI,HANOI,517311,,29430,64,3014,50:13.0,11,13,Communications
8/1/2020 11:50,103.216.122.105,tcp,11211,,memcached,1.5.6 Ubuntu,18403,VN,HA NOI,HANOI,0,,15642,64,202324,00:00.0,175,1729,Communications
8/1/2020 11:50,103.254.14.199,tcp,11211,mail12.tuantv.name.vn,memcached,1.4.17,56151,VN,QUANG NGAI,BINH THANH,0,,6478,64,22494418,50:07.0,14,7945,Communications
8/1/2020 11:50,103.75.177.103,tcp,11211,,memcached,1.5.6,63762,VN,HO CHI MINH,THANH PHO HO CHI MINH,0,,2642,64,30018216,00:00.0,136,15961828,Communications
8/1/2020 11:50,103.110.84.183,tcp,11211,,memcached,1.4.17,63760,VN,DA NANG,DA NANG,0,,8638,64,24389,50:44.0,14,15,Communications
8/1/2020 11:51,123.30.191.42,tcp,11211,srvmail.vnptdata.vn,memcached,1.4.17,45899,VN,HA NOI,HANOI,517311,,4478,64,3724725,43:35.0,14,239,Communications
8/1/2020 11:51,182.237.21.74,tcp,11211,mail.mtt.vn,memcached,1.4.37,55309,VN,HO CHI MINH,THANH PHO HO CHI MINH,0,,33022,64,8465459,00:00.0,6,554,Communications
8/1/2020 11:51,103.82.32.39,tcp,11211,,memcached,1.5.16,38733,VN,HO CHI MINH,THANH PHO HO CHI MINH,0,,5765,64,9317303,00:00.0,4,1742699127,Communications
8/1/2020 11:51,115.146.126.158,tcp,11211,zonmob.com,memcached,1.5.16,38732,VN,HA NOI,HANOI,0,,2006,64,30657623,00:00.0,2,9335,Communications
8/1/2020 11:51,118.69.81.237,tcp,11211,,memcached,1.4.39,18403,VN,HO CHI MINH,THANH PHO HO CHI MINH,517311,,1302,64,12870399,00:00.0,10,1602,Communications
8/1/2020 11:51,103.199.18.38,tcp,11211,,memcached,1.5.8,63734,VN,HA NOI,HANOI,0,,822,64,23520239,00:00.0,2,8942,Communications
8/1/2020 11:51,61.28.230.91,tcp,11211,,memcached,1.5.20,38244,VN,HO CHI MINH,THANH PHO HO CHI MINH,0,,1086,64,331349,00:00.0,16,35896,Communications
8/1/2020 11:51,103.75.177.64,tcp,11211,,memcached,1.5.6,63762,VN,HO CHI MINH,THANH PHO HO CHI MINH,0,,2642,64,30018289,00:00.0,120,15961865,Communications
8/1/2020 12:06,103.130.218.242,udp,11211,,memcached,1.4.15,135951,VN,HA NOI,HANOI,0,,362,64,10520,06:08.0,9,10,Communications
8/1/2020 12:13,103.74.123.56,udp,11211,sv123056.bkns.vn,memcached,1.4.15,135967,VN,HA NOI,HANOI,0,,2132,64,7415580,19:33.0,327,972,Communications
8/1/2020 12:15,163.44.206.139,udp,11211,v163-44-206-139.a005.g.han1.static.cnode.io,memcached,1.4.15,131392,VN,HA NOI,HANOI,0,,892,64,9166491,15:24.0,9,40041,Communications
