"timestamp","ip","protocol","port","hostname","tag","version","asn","geo","region","city","naics","sic"
"2020-08-01 10:40:58","117.7.232.177","tcp",4899,"localhost","radmin","Radmin v3.X Radmin Authentication",7552,"VN","HA NOI","HANOI",517312,
"2020-08-01 10:40:59","113.163.50.247","tcp",4899,"static.vnpt.vn","radmin","Radmin v3.X Radmin Authentication",45899,"VN","LONG AN","LONG AN",517311,
"2020-08-01 10:41:01","113.160.252.204","tcp",4899,"mail.vnptkhanhhoa.vn","radmin","Radmin v3.X Radmin Authentication",45899,"VN","KHANH HOA","NHA TRANG",517311,
"2020-08-01 10:41:04","113.177.107.112","tcp",4899,"static.vnpt.vn","radmin","Radmin v3.X Radmin Authentication",45899,"VN","HUNG YEN","HUNG YEN",517311,
"2020-08-01 10:41:04","113.161.212.105","tcp",4899,"static.vnpt.vn","radmin","Radmin (Details Unknown)",45899,"VN","AN GIANG","LONG XUYEN",517311,
"2020-08-01 10:41:06","113.160.156.119","tcp",4899,"static.vnpt.vn","radmin","Radmin v3.X Radmin Authentication",45899,"VN","LANG SON","LANG SON",517311,
"2020-08-01 10:41:32","117.6.125.106","tcp",4899,,"radmin","Radmin v3.X Radmin Authentication",7552,"VN","HA NOI","HANOI",517312,
"2020-08-01 10:41:32","14.170.5.94","tcp",4899,"static.vnpt.vn","radmin","Radmin v3.X Radmin Authentication",45899,"VN","THANH HOA","THANH HOA",517311,
"2020-08-01 10:41:40","113.168.136.44","tcp",4899,"static.vnpt.vn","radmin","Radmin v3.X Radmin Authentication",45899,"VN","HA NOI","HANOI",517311,
"2020-08-01 10:41:40","14.229.110.199","tcp",4899,"static.vnpt.vn","radmin","Radmin v3.X Radmin Authentication",45899,"VN","THANH HOA","THANH HOA",517311,
"2020-08-01 10:42:17","117.6.128.199","tcp",4899,,"radmin","Radmin v3.X Radmin Authentication",7552,"VN","HA NOI","HANOI",517312,
"2020-08-01 10:42:28","113.160.156.198","tcp",4899,"static.vnpt.vn","radmin","Radmin v3.X Radmin Authentication",45899,"VN","LANG SON","LANG SON",517311,
"2020-08-01 10:42:28","117.2.6.3","tcp",4899,"localhost","radmin","Radmin v3.X Radmin Authentication",7552,"VN","THUA THIEN-HUE","HUE",517312,
"2020-08-01 10:42:29","171.238.9.63","tcp",4899,"dynamic-ip-adsl.viettel.vn","radmin","Radmin v3.0 Windows",7552,"VN","BAC KAN","BAC KAN",517312,
"2020-08-01 10:42:44","113.175.6.99","tcp",4899,"static.vnpt.vn","radmin","Radmin v3.X Radmin Authentication",45899,"VN","HAI PHONG","HAI PHONG",517311,
"2020-08-01 10:42:46","1.52.41.17","tcp",4899,,"radmin","Radmin v3.0 Windows",18403,"VN","HO CHI MINH","THANH PHO HO CHI MINH",517311,
"2020-08-01 10:42:46","1.53.181.65","tcp",4899,,"radmin","Radmin v3.X Radmin Authentication",18403,"VN","HA NOI","HANOI",517311,
"2020-08-01 10:42:48","123.18.1.221","tcp",4899,,"radmin","Radmin v3.X Radmin Authentication",45899,"VN","THAI NGUYEN","THAI NGUYEN",517311,
"2020-08-01 10:43:13","118.70.184.118","tcp",4899,,"radmin","Radmin v3.X Radmin Authentication",18403,"VN","HA NOI","HANOI",517311,
"2020-08-01 10:43:13","113.178.91.62","tcp",4899,"static.vnpt.vn","radmin","Radmin v3.X Radmin Authentication",45899,"VN","HA NOI","HANOI",517311,
"2020-08-01 10:43:23","14.163.232.167","tcp",4899,"static.vnpt.vn","radmin","Radmin v3.X Radmin Authentication",45899,"VN","THANH HOA","THANH HOA",517311,
"2020-08-01 10:43:24","113.160.156.112","tcp",4899,"static.vnpt.vn","radmin","Radmin v3.X Radmin Authentication",45899,"VN","LANG SON","LANG SON",517311,
"2020-08-01 10:43:25","113.186.41.64","tcp",4899,"static.vnpt.vn","radmin","Radmin v3.X Radmin Authentication",45899,"VN","HA NOI","HANOI",517311,
"2020-08-01 10:43:25","118.69.66.93","tcp",4899,,"radmin","Radmin v3.0 Windows",18403,"VN","HO CHI MINH","THANH PHO HO CHI MINH",517311,
"2020-08-01 10:43:27","45.119.85.4","tcp",4899,,"radmin","Radmin v3.X Radmin Authentication",131386,"VN","HA NOI","HANOI",0,
"2020-08-01 10:43:50","117.5.40.75","tcp",4899,"localhost","radmin","Radmin v3.X Radmin Authentication",7552,"VN","HA NOI","HANOI",517312,
"2020-08-01 10:43:51","115.79.41.26","tcp",4899,"adsl.viettel.vn","radmin","Radmin v3.X Radmin Authentication",7552,"VN","HO CHI MINH","THANH PHO HO CHI MINH",517312,
"2020-08-01 10:43:52","113.160.214.180","tcp",4899,"static.vnpt.vn","radmin","Radmin v3.0 Windows",45899,"VN","BAC NINH","BAC NINH",517311,
"2020-08-01 10:43:55","113.176.118.26","tcp",4899,"static.vnpt.vn","radmin","Radmin v3.X Radmin Authentication",45899,"VN","HA NOI","HANOI",517311,
"2020-08-01 10:44:09","117.6.125.109","tcp",4899,,"radmin","Radmin v3.X Radmin Authentication",7552,"VN","HA NOI","HANOI",517312,
"2020-08-01 10:44:09","113.160.45.110","tcp",4899,"static.vnpt-hanoi.com.vn","radmin","Radmin v3.X Radmin Authentication",45899,"VN","HA NOI","HANOI",517311,
"2020-08-01 10:44:24","171.224.77.64","tcp",4899,"dynamic-ip-adsl.viettel.vn","radmin","Radmin v3.X Radmin Authentication",7552,"VN","HA NOI","HANOI",517312,
"2020-08-01 10:44:24","14.226.86.250","tcp",4899,"static.vnpt.vn","radmin","Radmin v3.X Radmin Authentication",45899,"VN","HA NOI","HANOI",517311,
"2020-08-01 10:44:24","113.160.252.27","tcp",4899,"static.vnpt.vn","radmin","Radmin v3.X Radmin Authentication",45899,"VN","KHANH HOA","NHA TRANG",517311,
"2020-08-01 10:44:29","113.178.152.95","tcp",4899,"static.vnpt.vn","radmin","Radmin v3.0 Windows",45899,"VN","CAN THO","CAN THO",517311,
"2020-08-01 10:44:31","115.78.15.115","tcp",4899,,"radmin","Radmin v3.X Radmin Authentication",7552,"VN","HO CHI MINH","THANH PHO HO CHI MINH",517312,
"2020-08-01 10:44:32","113.160.133.141","tcp",4899,"static.vnpt.vn","radmin","Radmin v3.X Radmin Authentication",45899,"VN","HA NOI","HANOI",517311,
"2020-08-01 10:44:35","113.160.252.26","tcp",4899,"static.vnpt.vn","radmin","Radmin v3.X Radmin Authentication",45899,"VN","KHANH HOA","NHA TRANG",517311,
"2020-08-01 10:44:38","113.160.144.179","tcp",4899,"static.vnpt.vn","radmin","Radmin v3.X Radmin Authentication",45899,"VN","HA NOI","HANOI",517311,
"2020-08-01 10:44:54","203.162.103.10","tcp",4899,"static.vnpt.vn","radmin","Radmin (Details Unknown)",7643,"VN","HA NOI","HANOI",517311,
"2020-08-01 10:45:07","14.247.57.1","tcp",4899,"static.vnpt.vn","radmin","Radmin v3.X Radmin Authentication",45899,"VN","THANH HOA","THANH HOA",517311,
"2020-08-01 10:45:08","117.7.236.88","tcp",4899,,"radmin","Radmin v3.X Radmin Authentication",7552,"VN","HA NOI","HANOI",517312,
"2020-08-01 10:45:12","113.184.40.42","tcp",4899,"static.vnpt.vn","radmin","Radmin v3.X Radmin Authentication",45899,"VN","THANH HOA","THANH HOA",517311,
"2020-08-01 10:45:34","45.125.239.239","tcp",4899,"static.ftech.vn","radmin","Radmin v3.X Radmin Authentication",18403,"VN","HA NOI","HANOI",0,
"2020-08-01 10:45:36","123.27.113.118","tcp",4899,"localhost","radmin","Radmin v3.X Radmin Authentication",45899,"VN","HA NOI","HANOI",517311,
"2020-08-01 10:46:11","103.42.56.18","tcp",4899,"ip.vnptcorp.com","radmin","Radmin v3.0 Windows",45899,"VN","HA NOI","HANOI",0,
"2020-08-01 10:46:11","115.74.202.245","tcp",4899,"adsl.viettel.vn","radmin","Radmin v3.X Radmin Authentication",7552,"VN","HA NOI","HANOI",517312,
"2020-08-01 10:46:12","113.184.23.104","tcp",4899,"static.vnpt.vn","radmin","Radmin v3.X Radmin Authentication",45899,"VN","THANH HOA","THANH HOA",517311,
"2020-08-01 10:46:15","14.190.153.51","tcp",4899,"static.vnpt.vn","radmin","Radmin v3.X Radmin Authentication",45899,"VN","LAO CAI","LAO CAI",517311,
"2020-08-01 10:46:21","113.160.156.25","tcp",4899,"static.vnpt.vn","radmin","Radmin v3.0 Windows",45899,"VN","LANG SON","LANG SON",517311,
"2020-08-01 10:46:23","210.245.91.13","tcp",4899,,"radmin","Radmin v3.X Radmin Authentication",18403,"VN","HA NOI","HANOI",517311,
"2020-08-01 10:46:37","113.161.179.112","tcp",4899,"static.vnpt.vn","radmin","Radmin v3.X Radmin Authentication",45899,"VN","TAY NINH","TAY NINH",517311,
"2020-08-01 10:46:52","118.69.182.115","tcp",4899,,"radmin","Radmin v3.0 Windows",18403,"VN","HO CHI MINH","THANH PHO HO CHI MINH",517311,
"2020-08-01 10:46:52","117.6.124.232","tcp",4899,,"radmin","Radmin v3.X Radmin Authentication",7552,"VN","THAI NGUYEN","THAI NGUYEN",517312,
"2020-08-01 10:46:52","115.77.188.120","tcp",4899,"adsl.viettel.vn","radmin","Radmin v3.X Radmin Authentication",7552,"VN","HO CHI MINH","THANH PHO HO CHI MINH",517312,
"2020-08-01 10:46:56","45.125.239.48","tcp",4899,"static.ftech.vn","radmin","Radmin v3.X Radmin Authentication",18403,"VN","HA NOI","HANOI",0,
"2020-08-01 10:46:57","123.30.133.57","tcp",4899,"mail.vina-vnc.com","radmin","Radmin v3.X Source IP blocked",7643,"VN","HA NOI","HANOI",517311,
"2020-08-01 10:47:21","113.161.151.31","tcp",4899,"static.vnpt.vn","radmin","Radmin v3.X Radmin Authentication",45899,"VN","HO CHI MINH","THANH PHO HO CHI MINH",517311,
"2020-08-01 10:47:40","117.4.169.79","tcp",4899,"localhost","radmin","Radmin v3.X Radmin Authentication",7552,"VN","HOA BINH","HOA BINH",517312,
"2020-08-01 10:47:53","14.246.191.44","tcp",4899,"static.vnpt.vn","radmin","Radmin v3.X Radmin Authentication",45899,"VN","CAN THO","CAN THO",517311,
"2020-08-01 10:47:53","117.3.0.167","tcp",4899,,"radmin","Radmin v3.X Radmin Authentication",7552,"VN","DA NANG","DA NANG",517312,
"2020-08-01 10:47:53","27.72.182.38","tcp",4899,"dynamic-adsl.viettel.vn","radmin","Radmin v3.X Radmin Authentication",7552,"VN","HA NOI","HANOI",517312,
"2020-08-01 10:47:56","222.255.145.89","tcp",4899,"static.vnpt.vn","radmin","Radmin v3.X Radmin Authentication",45899,"VN","HA NOI","HANOI",517311,
"2020-08-01 10:48:21","115.75.177.69","tcp",4899,,"radmin","Radmin v3.X Radmin Authentication",7552,"VN","DONG NAI","BIEN HOA",517312,
"2020-08-01 10:48:21","14.226.87.182","tcp",4899,"static.vnpt.vn","radmin","Radmin v3.X Radmin Authentication",45899,"VN","THANH HOA","THANH HOA",517311,
"2020-08-01 10:48:22","210.245.91.18","tcp",4899,,"radmin","Radmin v3.X Radmin Authentication",18403,"VN","HA NOI","HANOI",517311,
"2020-08-01 10:48:35","117.4.114.194","tcp",4899,"localhost","radmin","Radmin v3.X Radmin Authentication",7552,"VN","BAC NINH","BAC NINH",517312,
"2020-08-01 10:48:36","113.179.214.183","tcp",4899,"static.vnpt.vn","radmin","Radmin v3.X Radmin Authentication",45899,"VN","HA NOI","HANOI",517311,
"2020-08-01 10:48:59","123.18.166.209","tcp",4899,,"radmin","Radmin v3.X Radmin Authentication",45899,"VN","THANH HOA","THANH HOA",517311,
"2020-08-01 10:48:59","123.30.133.83","tcp",4899,"mail.vina-ntt.com","radmin","Radmin v3.X Source IP blocked",7643,"VN","HA NOI","HANOI",517311,
"2020-08-01 10:49:01","103.7.40.32","tcp",4899,"mx4032.superdata.vn","radmin","Radmin v3.X Radmin Authentication",45544,"VN","HO CHI MINH","THANH PHO HO CHI MINH",0,
"2020-08-01 10:49:02","101.99.7.22","tcp",4899,"static.cmcti.vn","radmin","Radmin v3.X Radmin Authentication",45903,"VN","HA NOI","HANOI",0,
"2020-08-01 10:49:26","14.162.214.234","tcp",4899,"static.vnpt.vn","radmin","Radmin v3.X Radmin Authentication",45899,"VN","HA NOI","HANOI",517311,
"2020-08-01 10:49:40","113.22.225.18","tcp",4899,,"radmin","Radmin v3.X Radmin Authentication",18403,"VN","HO CHI MINH","THANH PHO HO CHI MINH",517311,
"2020-08-01 10:49:41","125.214.43.153","tcp",4899,"kodainternational.com","radmin","Radmin v3.0 Windows",24086,"VN","HA NOI","HANOI",517312,
"2020-08-01 10:49:45","14.232.132.123","tcp",4899,"static.vnpt.vn","radmin","Radmin (Details Unknown)",45899,"VN","HA NOI","HANOI",517311,
"2020-08-01 10:50:07","45.125.239.240","tcp",4899,"static.ftech.vn","radmin","Radmin v3.X Radmin Authentication",18403,"VN","HA NOI","HANOI",0,
"2020-08-01 10:50:17","14.232.244.177","tcp",4899,"static.vnpt.vn","radmin","Radmin v3.X Radmin Authentication",45899,"VN","HA NOI","HANOI",517311,
"2020-08-01 10:50:18","222.255.175.79","tcp",4899,"mail.vikoda.com.vn","radmin","Radmin v3.X Radmin Authentication",45899,"VN","DA NANG","DA NANG",517311,
"2020-08-01 10:50:22","115.79.47.213","tcp",4899,,"radmin","Radmin v3.0 Windows",7552,"VN","HO CHI MINH","THANH PHO HO CHI MINH",517312,
"2020-08-01 10:50:23","113.160.156.99","tcp",4899,"static.vnpt.vn","radmin","Radmin v3.X Radmin Authentication",45899,"VN","LANG SON","LANG SON",517311,
"2020-08-01 10:50:23","125.212.226.121","tcp",4899,,"radmin","Radmin v3.0 Windows",38731,"VN","HA NOI","HANOI",517312,
"2020-08-01 10:50:23","14.176.74.49","tcp",4899,"static.vnpt.vn","radmin","Radmin v3.X Radmin Authentication",45899,"VN","HAI PHONG","HAI PHONG",517311,
"2020-08-01 10:50:27","113.160.229.85","tcp",4899,"static.vnpt.vn","radmin","Radmin v3.0 Windows",45899,"VN","DA NANG","DA NANG",517311,
"2020-08-01 10:51:19","118.71.124.127","tcp",4899,"ip-address-pool-xxx.fpt.vn","radmin","Radmin v3.X Radmin Authentication",18403,"VN","HA NOI","HANOI",517311,
"2020-08-01 10:51:20","123.30.133.91","tcp",4899,"mail.hnc-fashion.com","radmin","Radmin v3.X Source IP blocked",7643,"VN","HA NOI","HANOI",517311,
"2020-08-01 10:51:21","123.18.206.96","tcp",4899,,"radmin","Radmin v3.X Radmin Authentication",45899,"VN","LANG SON","LANG SON",517311,
"2020-08-01 10:51:23","203.205.33.151","tcp",4899,"static.cmcti.vn","radmin","Radmin v3.X Radmin Authentication",45903,"VN","HO CHI MINH","THANH PHO HO CHI MINH",0,
"2020-08-01 10:51:24","203.113.147.12","tcp",4899,,"radmin","Radmin v3.X Radmin Authentication",7552,"VN","BINH DUONG","DI AN",517312,
"2020-08-01 10:51:39","14.176.86.173","tcp",4899,"static.vnpt.vn","radmin","Radmin v3.X Radmin Authentication",45899,"VN","THANH HOA","THANH HOA",517311,
"2020-08-01 10:51:40","14.229.237.149","tcp",4899,"static.vnpt.vn","radmin","Radmin v3.X Radmin Authentication",45899,"VN","THAI BINH","THAI BINH",517311,
"2020-08-01 10:51:45","113.173.197.38","tcp",4899,"static.vnpt.vn","radmin","Radmin v3.X Radmin Authentication",45899,"VN","HO CHI MINH","THANH PHO HO CHI MINH",517311,
"2020-08-01 10:51:45","203.162.29.58","tcp",4899,"nhatrang-03.khanhhoa.net.vn","radmin","Radmin v3.X Radmin Authentication",45899,"VN","HA NOI","HANOI",517311,
"2020-08-01 10:51:45","113.190.233.89","tcp",4899,"static.vnpt-hanoi.com.vn","radmin","Radmin v3.X Radmin Authentication",45899,"VN","HA NOI","HANOI",517311,
"2020-08-01 10:51:50","14.182.113.172","tcp",4899,"static.vnpt.vn","radmin","Radmin v3.X Radmin Authentication",45899,"VN","THANH HOA","THANH HOA",517311,
"2020-08-01 10:51:54","116.107.211.65","tcp",4899,"dynamic-ip-adsl.viettel.vn","radmin","Radmin v3.X Radmin Authentication",24086,"VN","HA NOI","HANOI",517312,
"2020-08-01 10:51:59","115.78.9.183","tcp",4899,,"radmin","Radmin v3.X Radmin Authentication",7552,"VN","HO CHI MINH","THANH PHO HO CHI MINH",517312,
"2020-08-01 10:52:00","14.244.178.255","tcp",4899,"static.vnpt.vn","radmin","Radmin v3.X Radmin Authentication",45899,"VN","THANH HOA","THANH HOA",517311,
"2020-08-01 10:52:04","14.243.164.110","tcp",4899,"static.vnpt.vn","radmin","Radmin v3.X Radmin Authentication",45899,"VN","DA NANG","DA NANG",517311,
"2020-08-01 10:52:04","113.160.144.175","tcp",4899,"static.vnpt.vn","radmin","Radmin v3.X Radmin Authentication",45899,"VN","HA NOI","HANOI",517311,
"2020-08-01 10:52:08","210.245.91.12","tcp",4899,,"radmin","Radmin v3.X Radmin Authentication",18403,"VN","HA NOI","HANOI",517311,
"2020-08-01 10:52:08","14.247.122.70","tcp",4899,"static.vnpt.vn","radmin","Radmin v3.X Radmin Authentication",45899,"VN","THANH HOA","THANH HOA",517311,
"2020-08-01 10:52:08","171.237.200.57","tcp",4899,"dynamic-adsl.viettel.vn","radmin","Radmin v3.X Radmin Authentication",7552,"VN","TUYEN QUANG","TUYEN QUANG",517312,
"2020-08-01 10:52:55","113.160.156.168","tcp",4899,"static.vnpt.vn","radmin","Radmin v3.X Radmin Authentication",45899,"VN","LANG SON","LANG SON",517311,
"2020-08-01 10:52:55","123.16.152.133","tcp",4899,"static.vnpt.vn","radmin","Radmin v3.X Radmin Authentication",45899,"VN","HA NOI","HANOI",517311,
"2020-08-01 10:53:06","113.160.156.110","tcp",4899,"static.vnpt.vn","radmin","Radmin v3.X Radmin Authentication",45899,"VN","LANG SON","LANG SON",517311,
"2020-08-01 10:53:06","14.160.23.216","tcp",4899,"static.vnpt.vn","radmin","Radmin (Details Unknown)",45899,"VN","HA NOI","HANOI",517311,
"2020-08-01 10:53:21","117.4.155.105","tcp",4899,"localhost","radmin","Radmin v3.X Radmin Authentication",7552,"VN","THANH HOA","THANH HOA",517312,
"2020-08-01 10:53:21","123.25.115.225","tcp",4899,"static.vdc.vn","radmin","Radmin v3.X Radmin Authentication",45899,"VN","THUA THIEN-HUE","HUE",517311,
"2020-08-01 10:53:25","113.179.64.195","tcp",4899,"static.vnpt.vn","radmin","Radmin v3.X Radmin Authentication",45899,"VN","HA NOI","HANOI",517311,
"2020-08-01 10:53:31","14.191.59.153","tcp",4899,"static.vnpt.vn","radmin","Radmin v3.X Radmin Authentication",45899,"VN","DA NANG","DA NANG",517311,
"2020-08-01 10:53:31","113.160.165.166","tcp",4899,"static.vnpt.vn","radmin","Radmin v3.0 Windows",45899,"VN","HA NOI","HANOI",517311,
"2020-08-01 10:53:31","14.247.173.157","tcp",4899,"static.vnpt.vn","radmin","Radmin v3.X Radmin Authentication",45899,"VN","LAO CAI","LAO CAI",517311,
"2020-08-01 10:53:48","183.91.15.21","tcp",4899,"static.cmcti.vn","radmin","Radmin v3.X Radmin Authentication",45903,"VN","HA NOI","HANOI",0,
"2020-08-01 10:53:51","202.191.58.114","tcp",4899,,"radmin","Radmin v3.0 Windows",38727,"VN","HA NOI","HANOI",0,
"2020-08-01 10:53:53","14.178.84.185","tcp",4899,"static.vnpt.vn","radmin","Radmin v3.X Radmin Authentication",45899,"VN","HA NOI","HANOI",517311,
"2020-08-01 10:53:59","123.30.133.31","tcp",4899,"mail.em-texco.com","radmin","Radmin v3.X Source IP blocked",7643,"VN","HA NOI","HANOI",517311,
"2020-08-01 10:54:00","14.246.177.129","tcp",4899,"static.vnpt.vn","radmin","Radmin v3.X Radmin Authentication",45899,"VN","HO CHI MINH","THANH PHO HO CHI MINH",517311,
"2020-08-01 10:54:25","117.5.61.91","tcp",4899,"localhost","radmin","Radmin v3.X Radmin Authentication",7552,"VN","THAI BINH","THAI BINH",517312,
"2020-08-01 10:54:26","14.226.86.47","tcp",4899,"static.vnpt.vn","radmin","Radmin v3.X Radmin Authentication",45899,"VN","HA NOI","HANOI",517311,
"2020-08-01 10:54:38","14.226.84.50","tcp",4899,"static.vnpt.vn","radmin","Radmin v3.X Radmin Authentication",45899,"VN","THANH HOA","THANH HOA",517311,
"2020-08-01 10:54:42","117.4.3.19","tcp",4899,"localhost","radmin","Radmin (Details Unknown)",7552,"VN","TUYEN QUANG","TUYEN QUANG",517312,
"2020-08-01 10:54:49","118.70.171.181","tcp",4899,,"radmin","Radmin v3.X Radmin Authentication",18403,"VN","HA NOI","HANOI",517311,
"2020-08-01 10:54:49","117.4.83.45","tcp",4899,"localhost","radmin","Radmin v3.X Radmin Authentication",7552,"VN","THAI NGUYEN","THAI NGUYEN",517312,
"2020-08-01 10:54:49","14.226.86.209","tcp",4899,"static.vnpt.vn","radmin","Radmin v3.X Radmin Authentication",45899,"VN","HA NOI","HANOI",517311,
"2020-08-01 10:54:49","14.170.12.176","tcp",4899,"static.vnpt.vn","radmin","Radmin v3.X Radmin Authentication",45899,"VN","THANH HOA","THANH HOA",517311,
"2020-08-01 10:55:07","45.125.239.249","tcp",4899,"static.ftech.vn","radmin","Radmin v3.X Radmin Authentication",18403,"VN","HA NOI","HANOI",0,
"2020-08-01 10:55:07","118.70.132.87","tcp",4899,,"radmin","Radmin v3.X Radmin Authentication",18403,"VN","HA NOI","HANOI",517311,
"2020-08-01 10:55:08","123.21.10.129","tcp",4899,,"radmin","Radmin v3.X Radmin Authentication",45899,"VN","HO CHI MINH","THANH PHO HO CHI MINH",517311,
"2020-08-01 10:55:35","14.162.204.16","tcp",4899,"static.vnpt.vn","radmin","Radmin v3.X Radmin Authentication",45899,"VN","HA NOI","HANOI",517311,
"2020-08-01 10:55:43","27.72.164.116","tcp",4899,"dynamic-ip-adsl.viettel.vn","radmin","Radmin v3.X Radmin Authentication",7552,"VN","THAI NGUYEN","THAI NGUYEN",517312,
"2020-08-01 10:56:15","14.226.87.61","tcp",4899,"static.vnpt.vn","radmin","Radmin v3.X Radmin Authentication",45899,"VN","THANH HOA","THANH HOA",517311,
"2020-08-01 10:56:21","117.6.118.151","tcp",4899,,"radmin","Radmin v3.X Radmin Authentication",7552,"VN","HUNG YEN","HUNG YEN",517312,
"2020-08-01 10:56:22","113.167.131.65","tcp",4899,"static.vnpt.vn","radmin","Radmin v3.X Radmin Authentication",45899,"VN","HA NOI","HANOI",517311,
"2020-08-01 10:56:22","221.133.0.21","tcp",4899,,"radmin","Radmin v3.X Radmin Authentication",7602,"VN","HA NOI","HANOI",0,
"2020-08-01 10:56:22","27.2.187.147","tcp",4899,,"radmin","Radmin v3.X Radmin Authentication",45543,"VN","GIA LAI","PLEIKU",0,
"2020-08-01 10:56:31","113.160.144.125","tcp",4899,"static.vnpt.vn","radmin","Radmin v3.X Radmin Authentication",45899,"VN","HA NOI","HANOI",517311,
"2020-08-01 10:56:32","113.168.79.19","tcp",4899,"static.vnpt.vn","radmin","Radmin v3.X Radmin Authentication",45899,"VN","THANH HOA","THANH HOA",517311,
"2020-08-01 10:56:32","117.6.86.138","tcp",4899,,"radmin","Radmin v3.X Radmin Authentication",7552,"VN","HA NOI","HANOI",517312,
"2020-08-01 10:57:19","222.254.77.228","tcp",4899,"static.vnpt.vn","radmin","Radmin v3.X Radmin Authentication",45899,"VN","THAI NGUYEN","THAI NGUYEN",517311,
"2020-08-01 10:57:20","117.6.119.248","tcp",4899,,"radmin","Radmin v3.X Radmin Authentication",7552,"VN","HUNG YEN","HUNG YEN",517312,
"2020-08-01 10:57:20","113.160.172.75","tcp",4899,"static.vnpt.vn","radmin","Radmin (Details Unknown)",45899,"VN","NGHE AN","VINH",517311,
"2020-08-01 10:57:20","27.72.58.10","tcp",4899,,"radmin","Radmin v3.X Radmin Authentication",7552,"VN","HA NOI","HANOI",517312,
"2020-08-01 10:57:21","117.2.155.101","tcp",4899,"localhost","radmin","Radmin v3.X Radmin Authentication",7552,"VN","DA NANG","DA NANG",517312,
"2020-08-01 10:57:51","222.255.175.109","tcp",4899,"static.vnpt.vn","radmin","Radmin v3.X Radmin Authentication",45899,"VN","DA NANG","DA NANG",517311,
"2020-08-01 10:57:51","123.30.133.50","tcp",4899,"mail.stocklongtime.com","radmin","Radmin v3.X Source IP blocked",7643,"VN","HA NOI","HANOI",517311,
"2020-08-01 10:57:52","42.116.41.8","tcp",4899,,"radmin","Radmin v3.X Radmin Authentication",18403,"VN","HO CHI MINH","THANH PHO HO CHI MINH",517311,
"2020-08-01 10:57:53","113.160.205.83","tcp",4899,,"radmin","Radmin v3.X Radmin Authentication",45899,"VN","HAI PHONG","HAI PHONG",517311,
"2020-08-01 10:57:56","113.184.55.184","tcp",4899,"static.vnpt.vn","radmin","Radmin v3.X Radmin Authentication",45899,"VN","HA NOI","HANOI",517311,
"2020-08-01 10:58:14","113.181.194.196","tcp",4899,"static.vnpt.vn","radmin","Radmin v3.X Radmin Authentication",45899,"VN","THANH HOA","THANH HOA",517311,
"2020-08-01 10:58:17","113.181.63.69","tcp",4899,"static.vnpt.vn","radmin","Radmin v3.X Radmin Authentication",45899,"VN","THANH HOA","THANH HOA",517311,
"2020-08-01 10:58:21","123.30.133.84","tcp",4899,"mail.sinnika.com","radmin","Radmin v3.X Source IP blocked",7643,"VN","HA NOI","HANOI",517311,
"2020-08-01 10:58:29","123.24.189.102","tcp",4899,,"radmin","Radmin v3.X Radmin Authentication",45899,"VN","HA NOI","HANOI",517311,
"2020-08-01 10:58:33","113.162.247.44","tcp",4899,"dynamic.vdc.vn","radmin","Radmin v3.X Radmin Authentication",45899,"VN","LANG SON","LANG SON",517311,
"2020-08-01 10:58:42","103.124.92.234","tcp",4899,,"radmin","Radmin v3.0 Windows",131353,"VN","HA NOI","HANOI",0,
"2020-08-01 10:58:42","123.25.219.30","tcp",4899,"static.vdc.vn","radmin","Radmin v3.X Radmin Authentication",45899,"VN","HO CHI MINH","THANH PHO HO CHI MINH",517311,
"2020-08-01 10:58:57","117.6.121.227","tcp",4899,,"radmin","Radmin v3.X Radmin Authentication",7552,"VN","HA NOI","HANOI",517312,
"2020-08-01 10:59:05","123.16.90.135","tcp",4899,"static.vnpt.vn","radmin","Radmin v3.X Radmin Authentication",45899,"VN","HA NOI","HANOI",517311,
"2020-08-01 10:59:08","123.30.133.82","tcp",4899,"mail.ppj-hue.com","radmin","Radmin v3.X Source IP blocked",7643,"VN","HA NOI","HANOI",517311,
"2020-08-01 10:59:08","113.184.21.184","tcp",4899,"static.vnpt.vn","radmin","Radmin v3.X Radmin Authentication",45899,"VN","THANH HOA","THANH HOA",517311,
"2020-08-01 10:59:32","117.7.19.3","tcp",4899,"localhost","radmin","Radmin v3.X Radmin Authentication",7552,"VN","BAC GIANG","BAC GIANG",517312,
"2020-08-01 10:59:44","222.252.215.176","tcp",4899,"static.vnpt.vn","radmin","Radmin v3.X Radmin Authentication",45899,"VN","HA NOI","HANOI",517311,
"2020-08-01 10:59:56","14.162.45.118","tcp",4899,"static.vnpt.vn","radmin","Radmin v3.X Radmin Authentication",45899,"VN","HA NOI","HANOI",517311,
"2020-08-01 10:59:56","14.251.228.115","tcp",4899,"static.vnpt.vn","radmin","Radmin v3.0 Windows",45899,"VN","HA NOI","HANOI",517311,
"2020-08-01 10:59:56","222.255.175.115","tcp",4899,"static.vnpt.vn","radmin","Radmin v3.X Radmin Authentication",45899,"VN","DA NANG","DA NANG",517311,
"2020-08-01 10:59:59","222.255.175.225","tcp",4899,"mail.thanhthanhtravel.vn","radmin","Radmin v3.X Radmin Authentication",45899,"VN","DA NANG","DA NANG",517311,
"2020-08-01 11:00:03","180.93.5.66","tcp",4899,,"radmin","Radmin v3.X Radmin Authentication",7602,"VN","HA NOI","HANOI",0,
"2020-08-01 11:00:03","113.160.156.185","tcp",4899,"static.vnpt.vn","radmin","Radmin v3.0 Windows",45899,"VN","LANG SON","LANG SON",517311,
"2020-08-01 11:00:09","14.177.232.42","tcp",4899,,"radmin","Radmin v3.X Radmin Authentication",45899,"VN","HA NOI","HANOI",517311,
"2020-08-01 11:00:09","27.72.42.123","tcp",4899,"dynamic-ip-adsl.viettel.vn","radmin","Radmin v3.X Radmin Authentication",7552,"VN","THANH HOA","THANH HOA",517312,
"2020-08-01 11:00:10","14.239.0.21","tcp",4899,"static.vnpt.vn","radmin","Radmin v3.0 Windows",45899,"VN","HA NOI","HANOI",517311,
"2020-08-01 11:00:25","222.255.172.82","tcp",4899,"static.vnpt.vn","radmin","Radmin v3.X Radmin Authentication",45899,"VN","DA NANG","DA NANG",517311,
"2020-08-01 11:00:38","113.186.127.205","tcp",4899,"static.vnpt.vn","radmin","Radmin v3.X Radmin Authentication",45899,"VN","THANH HOA","THANH HOA",517311,
"2020-08-01 11:00:38","45.125.239.190","tcp",4899,"static.ftech.vn","radmin","Radmin v3.X Radmin Authentication",18403,"VN","HA NOI","HANOI",0,
"2020-08-01 11:00:44","113.175.143.253","tcp",4899,"static.vnpt.vn","radmin","Radmin v3.X Radmin Authentication",45899,"VN","HA NOI","HANOI",517311,
"2020-08-01 11:00:44","123.30.133.110","tcp",4899,"mail.ppj-fashion.com","radmin","Radmin v3.X Source IP blocked",7643,"VN","HA NOI","HANOI",517311,
"2020-08-01 11:00:47","27.72.82.140","tcp",4899,"dynamic-ip-adsl.viettel.vn","radmin","Radmin v3.X Radmin Authentication",7552,"VN","HA NOI","HANOI",517312,
"2020-08-01 11:00:47","113.160.156.109","tcp",4899,"static.vnpt.vn","radmin","Radmin v3.X Radmin Authentication",45899,"VN","LANG SON","LANG SON",517311,
"2020-08-01 11:00:47","112.78.15.220","tcp",4899,,"radmin","Radmin v3.X Radmin Authentication",45538,"VN","HO CHI MINH","THANH PHO HO CHI MINH",0,
"2020-08-01 11:00:48","113.162.247.221","tcp",4899,"dynamic.vdc.vn","radmin","Radmin v3.X Radmin Authentication",45899,"VN","LANG SON","LANG SON",517311,
"2020-08-01 11:00:51","123.25.70.252","tcp",4899,"static.vdc.vn","radmin","Radmin v3.X Radmin Authentication",45899,"VN","VINH PHUC","VINH YEN",517311,
"2020-08-01 11:00:51","14.239.134.69","tcp",4899,"static.vnpt.vn","radmin","Radmin v3.X Radmin Authentication",45899,"VN","THANH HOA","THANH HOA",517311,
"2020-08-01 11:00:52","183.81.86.17","tcp",4899,,"radmin","Radmin v3.X Radmin Authentication",18403,"VN","HA NOI","HANOI",517311,
"2020-08-01 11:01:12","14.232.155.252","tcp",4899,"static.vnpt.vn","radmin","Radmin v3.X Radmin Authentication",45899,"VN","HA NOI","HANOI",517311,
"2020-08-01 11:01:15","113.168.91.151","tcp",4899,"static.vnpt.vn","radmin","Radmin v3.X Radmin Authentication",45899,"VN","THANH HOA","THANH HOA",517311,
"2020-08-01 11:01:28","14.189.158.44","tcp",4899,"static.vnpt.vn","radmin","Radmin v3.X Radmin Authentication",45899,"VN","HA NOI","HANOI",517311,
"2020-08-01 11:01:29","113.177.108.29","tcp",4899,"static.vnpt.vn","radmin","Radmin v3.X Radmin Authentication",45899,"VN","BAC NINH","BAC NINH",517311,
"2020-08-01 11:01:46","222.255.175.218","tcp",4899,"mail.nhatrangseafoods.vn","radmin","Radmin v3.X Radmin Authentication",45899,"VN","DA NANG","DA NANG",517311,
"2020-08-01 11:01:50","117.6.114.237","tcp",4899,,"radmin","Radmin (Details Unknown)",7552,"VN","HA NOI","HANOI",517312,
"2020-08-01 11:01:51","117.7.18.9","tcp",4899,"localhost","radmin","Radmin v3.X Radmin Authentication",7552,"VN","BAC GIANG","BAC GIANG",517312,
"2020-08-01 11:01:52","183.91.3.177","tcp",4899,"static.cmcti.vn","radmin","Radmin v3.X Radmin Authentication",45903,"VN","HA NOI","HANOI",0,
"2020-08-01 11:02:41","113.162.247.231","tcp",4899,"dynamic.vdc.vn","radmin","Radmin v3.X Radmin Authentication",45899,"VN","LANG SON","LANG SON",517311,
"2020-08-01 11:02:41","113.170.128.144","tcp",4899,"static.vnpt.vn","radmin","Radmin v3.X Radmin Authentication",45899,"VN","TAY NINH","TAY NINH",517311,
"2020-08-01 11:02:42","117.6.112.229","tcp",4899,,"radmin","Radmin v3.0 Windows",7552,"VN","HUNG YEN","HUNG YEN",517312,
"2020-08-01 11:02:46","115.75.80.124","tcp",4899,,"radmin","Radmin v3.X Radmin Authentication",7552,"VN","AN GIANG","LONG XUYEN",517312,
"2020-08-01 11:02:51","14.251.253.102","tcp",4899,"static.vnpt.vn","radmin","Radmin v3.X Radmin Authentication",45899,"VN","THANH HOA","THANH HOA",517311,
"2020-08-01 11:03:11","221.133.17.11","tcp",4899,,"radmin","Radmin v3.X Radmin Authentication",7602,"VN","HA NOI","HANOI",0,
"2020-08-01 11:03:11","14.166.192.191","tcp",4899,"static.vnpt.vn","radmin","Radmin v3.X Radmin Authentication",45899,"VN","THANH HOA","THANH HOA",517311,
"2020-08-01 11:03:31","117.7.30.13","tcp",4899,"localhost","radmin","Radmin v3.X Radmin Authentication",7552,"VN","BAC GIANG","BAC GIANG",517312,
"2020-08-01 11:03:33","42.114.130.230","tcp",4899,,"radmin","Radmin v3.X Radmin Authentication",18403,"VN","THAI NGUYEN","THAI NGUYEN",517311,
"2020-08-01 11:03:44","123.18.206.81","tcp",4899,,"radmin","Radmin v3.X Radmin Authentication",45899,"VN","LANG SON","LANG SON",517311,
"2020-08-01 11:03:51","123.18.206.84","tcp",4899,,"radmin","Radmin v3.X Radmin Authentication",45899,"VN","LANG SON","LANG SON",517311,
"2020-08-01 11:04:02","113.161.162.243","tcp",4899,"static.vnpt.vn","radmin","Radmin v3.X Radmin Authentication",45899,"VN","HO CHI MINH","THANH PHO HO CHI MINH",517311,
"2020-08-01 11:04:23","113.178.62.29","tcp",4899,"static.vnpt.vn","radmin","Radmin v3.X Radmin Authentication",45899,"VN","HA NOI","HANOI",517311,
"2020-08-01 11:04:23","14.160.23.150","tcp",4899,"static.vnpt.vn","radmin","Radmin v3.X Radmin Authentication",45899,"VN","HA NOI","HANOI",517311,
"2020-08-01 11:05:18","123.30.245.64","tcp",4899,"static.vnpt.vn","radmin","Radmin v3.X Radmin Authentication",45899,"VN","HA NOI","HANOI",517311,
"2020-08-01 11:05:19","14.162.147.76","tcp",4899,"static.vnpt.vn","radmin","Radmin v3.X Radmin Authentication",45899,"VN","HA NOI","HANOI",517311,
"2020-08-01 11:05:26","14.226.86.234","tcp",4899,"static.vnpt.vn","radmin","Radmin v3.X Radmin Authentication",45899,"VN","HA NOI","HANOI",517311,
"2020-08-01 11:05:27","171.239.47.107","tcp",4899,"dynamic-ip-adsl.viettel.vn","radmin","Radmin v3.X Radmin Authentication",7552,"VN","HO CHI MINH","THANH PHO HO CHI MINH",517312,
"2020-08-01 11:05:45","14.188.100.52","tcp",4899,"static.vnpt.vn","radmin","Radmin v3.X Radmin Authentication",45899,"VN","THANH HOA","THANH HOA",517311,
"2020-08-01 11:05:49","123.30.133.29","tcp",4899,"mail.vtj-toms.com","radmin","Radmin v3.X Source IP blocked",7643,"VN","HA NOI","HANOI",517311,
"2020-08-01 11:06:04","115.79.215.137","tcp",4899,"adsl.viettel.vn","radmin","Radmin v3.0 Windows",7552,"VN","HO CHI MINH","THANH PHO HO CHI MINH",517312,
"2020-08-01 11:06:04","27.74.245.149","tcp",4899,,"radmin","Radmin v3.X Radmin Authentication",7552,"VN","HO CHI MINH","THANH PHO HO CHI MINH",517312,
"2020-08-01 11:06:04","123.30.133.30","tcp",4899,"mail.vtf-tex.com","radmin","Radmin v3.X Source IP blocked",7643,"VN","HA NOI","HANOI",517311,
"2020-08-01 11:06:04","14.231.232.43","tcp",4899,"static.vnpt.vn","radmin","Radmin v3.X Radmin Authentication",45899,"VN","HA NOI","HANOI",517311,
"2020-08-01 11:07:03","116.97.38.178","tcp",4899,"dynamic-adsl.viettel.vn","radmin","Radmin v3.0 Windows",24086,"VN","TUYEN QUANG","TUYEN QUANG",517312,
"2020-08-01 11:07:10","222.252.156.51","tcp",4899,"static.vnpt.vn","radmin","Radmin v3.X Radmin Authentication",45899,"VN","HA NOI","HANOI",517311,
"2020-08-01 11:07:17","117.4.152.117","tcp",4899,"localhost","radmin","Radmin v3.X Radmin Authentication",7552,"VN","HA NOI","HANOI",517312,
"2020-08-01 11:07:31","14.232.208.192","tcp",4899,"static.vnpt.vn","radmin","Radmin v3.X Radmin Authentication",45899,"VN","HA NOI","HANOI",517311,
"2020-08-01 11:07:31","14.226.86.68","tcp",4899,"static.vnpt.vn","radmin","Radmin v3.X Radmin Authentication",45899,"VN","HA NOI","HANOI",517311,
"2020-08-01 11:07:32","113.162.94.17","tcp",4899,,"radmin","Radmin v3.X Radmin Authentication",45899,"VN","THANH HOA","THANH HOA",517311,
"2020-08-01 11:07:35","117.6.114.141","tcp",4899,,"radmin","Radmin v3.X Radmin Authentication",7552,"VN","HA NOI","HANOI",517312,
"2020-08-01 11:07:40","171.224.172.53","tcp",4899,"dynamic-adsl.viettel.vn","radmin","Radmin v3.X Radmin Authentication",7552,"VN","HA NOI","HANOI",517312,
"2020-08-01 11:07:41","113.160.252.205","tcp",4899,"static.vnpt.vn","radmin","Radmin v3.X Radmin Authentication",45899,"VN","KHANH HOA","NHA TRANG",517311,
"2020-08-01 11:07:47","14.241.64.22","tcp",4899,"static.vnpt.vn","radmin","Radmin v3.X Radmin Authentication",45899,"VN","LAO CAI","LAO CAI",517311,
"2020-08-01 11:07:51","113.184.49.49","tcp",4899,"static.vnpt.vn","radmin","Radmin v3.X Radmin Authentication",45899,"VN","HAI DUONG","HAI DUONG",517311,
"2020-08-01 11:08:02","210.211.117.65","tcp",4899,"ptr.thienantech.com","radmin","Radmin v3.X Radmin Authentication",38731,"VN","HO CHI MINH","THANH PHO HO CHI MINH",0,
"2020-08-01 11:08:02","14.229.101.206","tcp",4899,"static.vnpt.vn","radmin","Radmin v3.X Radmin Authentication",45899,"VN","THAI BINH","THAI BINH",517311,
"2020-08-01 11:08:02","123.25.85.242","tcp",4899,"static.vdc.vn","radmin","Radmin v3.X Radmin Authentication",45899,"VN","NGHE AN","VINH",517311,
"2020-08-01 11:08:42","118.70.120.16","tcp",4899,,"radmin","Radmin v3.X Radmin Authentication",18403,"VN","HA NOI","HANOI",517311,
"2020-08-01 11:08:43","115.74.202.85","tcp",4899,"adsl.viettel.vn","radmin","Radmin v3.X Radmin Authentication",7552,"VN","HA NOI","HANOI",517312,
"2020-08-01 11:08:43","113.177.201.14","tcp",4899,"static.vnpt.vn","radmin","Radmin v3.X Radmin Authentication",45899,"VN","THANH HOA","THANH HOA",517311,
"2020-08-01 11:08:52","117.6.124.249","tcp",4899,,"radmin","Radmin v3.X Radmin Authentication",7552,"VN","THAI NGUYEN","THAI NGUYEN",517312,
"2020-08-01 11:08:54","115.74.202.247","tcp",4899,"adsl.viettel.vn","radmin","Radmin v3.X Radmin Authentication",7552,"VN","HA NOI","HANOI",517312,
"2020-08-01 11:08:55","14.181.242.62","tcp",4899,"static.vnpt.vn","radmin","Radmin v3.X Radmin Authentication",45899,"VN","HA NOI","HANOI",517311,
"2020-08-01 11:08:55","113.162.247.153","tcp",4899,"dynamic.vdc.vn","radmin","Radmin v3.X Radmin Authentication",45899,"VN","LANG SON","LANG SON",517311,
"2020-08-01 11:09:21","171.237.234.230","tcp",4899,"dynamic-ip-adsl.viettel.vn","radmin","Radmin v3.X Radmin Authentication",7552,"VN","THANH HOA","THANH HOA",517312,
"2020-08-01 11:09:22","113.160.202.202","tcp",4899,"static.vnpt.vn","radmin","Radmin v3.X Radmin Authentication",45899,"VN","NINH BINH","NINH BINH",517311,
"2020-08-01 11:09:22","113.161.87.129","tcp",4899,"static.vnpt.vn","radmin","Radmin (Details Unknown)",45899,"VN","HO CHI MINH","THANH PHO HO CHI MINH",517311,
"2020-08-01 11:09:22","117.7.234.155","tcp",4899,"localhost","radmin","Radmin v3.X Radmin Authentication",7552,"VN","HA NOI","HANOI",517312,
"2020-08-01 11:09:22","14.228.181.133","tcp",4899,"static.vnpt.vn","radmin","Radmin v3.X Radmin Authentication",45899,"VN","HA NOI","HANOI",517311,
"2020-08-01 11:09:25","27.72.108.179","tcp",4899,"dynamic-ip-adsl.viettel.vn","radmin","Radmin v3.X Radmin Authentication",7552,"VN","HA NOI","HANOI",517312,
"2020-08-01 11:09:31","113.184.30.103","tcp",4899,"static.vnpt.vn","radmin","Radmin v3.X Radmin Authentication",45899,"VN","THANH HOA","THANH HOA",517311,
"2020-08-01 11:09:32","14.239.254.14","tcp",4899,"static.vnpt.vn","radmin","Radmin v3.X Radmin Authentication",45899,"VN","THANH HOA","THANH HOA",517311,
"2020-08-01 11:09:34","117.6.129.159","tcp",4899,,"radmin","Radmin v3.X Radmin Authentication",7552,"VN","HA NOI","HANOI",517312,
"2020-08-01 11:09:38","27.72.46.233","tcp",4899,"dynamic-ip-adsl.viettel.vn","radmin","Radmin v3.X Radmin Authentication",7552,"VN","HA NOI","HANOI",517312,
"2020-08-01 11:09:44","222.252.156.11","tcp",4899,"static.vnpt.vn","radmin","Radmin v3.X Radmin Authentication",45899,"VN","HA NOI","HANOI",517311,
"2020-08-01 11:09:44","117.6.118.18","tcp",4899,,"radmin","Radmin v3.X Radmin Authentication",7552,"VN","HUNG YEN","HUNG YEN",517312,
"2020-08-01 11:09:44","14.228.202.134","tcp",4899,"static.vnpt.vn","radmin","Radmin v3.X Radmin Authentication",45899,"VN","NINH BINH","NINH BINH",517311,
"2020-08-01 11:10:24","42.117.179.21","tcp",4899,,"radmin","Radmin v3.0 Windows",18403,"VN","HO CHI MINH","THANH PHO HO CHI MINH",517311,
"2020-08-01 11:10:24","115.79.63.131","tcp",4899,,"radmin","Radmin v3.X Windows Authentication",7552,"VN","HO CHI MINH","THANH PHO HO CHI MINH",517312,
"2020-08-01 11:10:41","210.245.28.205","tcp",4899,,"radmin","Radmin v3.X Radmin Authentication",18403,"VN","HO CHI MINH","THANH PHO HO CHI MINH",517311,
"2020-08-01 11:11:02","113.164.79.140","tcp",4899,,"radmin","Radmin v3.X Radmin Authentication",45899,"VN","CAN THO","CAN THO",517311,
"2020-08-01 11:11:02","123.30.133.92","tcp",4899,"mail.ppj-tic.com","radmin","Radmin v3.X Source IP blocked",7643,"VN","HA NOI","HANOI",517311,
"2020-08-01 11:11:05","222.252.243.28","tcp",4899,"static.vnpt.vn","radmin","Radmin v3.X Radmin Authentication",45899,"VN","QUANG TRI","QUANG TRI",517311,
"2020-08-01 11:11:16","123.30.133.51","tcp",4899,"mail.vina-hm.com","radmin","Radmin v3.X Source IP blocked",7643,"VN","HA NOI","HANOI",517311,
"2020-08-01 11:11:18","113.178.7.127","tcp",4899,"static.vnpt.vn","radmin","Radmin v3.X Radmin Authentication",45899,"VN","HA NOI","HANOI",517311,
"2020-08-01 11:11:18","42.117.204.33","tcp",4899,,"radmin","Radmin (Details Unknown)",18403,"VN","HO CHI MINH","THANH PHO HO CHI MINH",517311,
"2020-08-01 11:11:24","14.241.226.106","tcp",4899,"static.vnpt.vn","radmin","Radmin (Details Unknown)",45899,"VN","HO CHI MINH","THANH PHO HO CHI MINH",517311,
"2020-08-01 11:12:01","113.181.140.66","tcp",4899,"static.vnpt.vn","radmin","Radmin v3.X Radmin Authentication",45899,"VN","HUNG YEN","HUNG YEN",517311,
"2020-08-01 11:12:09","123.18.206.39","tcp",4899,,"radmin","Radmin v3.X Radmin Authentication",45899,"VN","LANG SON","LANG SON",517311,
"2020-08-01 11:12:17","117.2.129.108","tcp",4899,"localhost","radmin","Radmin (Details Unknown)",7552,"VN","KHANH HOA","NHA TRANG",517312,
"2020-08-01 11:12:17","117.6.61.74","tcp",4899,,"radmin","Radmin v3.X Radmin Authentication",7552,"VN","HA NOI","HANOI",517312,
"2020-08-01 11:12:19","118.70.171.156","tcp",4899,,"radmin","Radmin v3.X Radmin Authentication",18403,"VN","HA NOI","HANOI",517311,
"2020-08-01 11:12:25","117.4.152.190","tcp",4899,"localhost","radmin","Radmin v3.X Radmin Authentication",7552,"VN","HA NOI","HANOI",517312,
"2020-08-01 11:12:29","113.160.252.28","tcp",4899,"static.vnpt.vn","radmin","Radmin v3.0 Windows",45899,"VN","KHANH HOA","NHA TRANG",517311,
"2020-08-01 11:12:39","115.75.2.154","tcp",4899,,"radmin","Radmin v3.X Radmin Authentication",7552,"VN","HO CHI MINH","THANH PHO HO CHI MINH",517312,
"2020-08-01 11:12:44","117.6.127.99","tcp",4899,,"radmin","Radmin v3.X Radmin Authentication",7552,"VN","HA NOI","HANOI",517312,
"2020-08-01 11:12:44","202.143.109.80","tcp",4899,"ip.viettelidchcm.com","radmin","Radmin v3.0 Windows",56158,"VN","HA NOI","HANOI",0,
"2020-08-01 11:13:00","117.4.242.62","tcp",4899,"localhost","radmin","Radmin v3.X Radmin Authentication",7552,"VN","HA NOI","HANOI",517312,
"2020-08-01 11:13:00","14.170.159.221","tcp",4899,"static.vnpt.vn","radmin","Radmin v3.X Radmin Authentication",45899,"VN","VINH PHUC","VINH YEN",517311,
"2020-08-01 11:13:01","123.18.206.54","tcp",4899,,"radmin","Radmin v3.X Radmin Authentication",45899,"VN","LANG SON","LANG SON",517311,
"2020-08-01 11:13:01","14.187.135.65","tcp",4899,"static.vnpt.vn","radmin","Radmin (Details Unknown)",45899,"VN","HO CHI MINH","THANH PHO HO CHI MINH",517311,
"2020-08-01 11:13:43","103.42.56.172","tcp",4899,"ip.vnptcorp.com","radmin","Radmin v3.0 Windows",45899,"VN","HA NOI","HANOI",0,
"2020-08-01 11:13:43","14.255.91.228","tcp",4899,"static.vnpt.vn","radmin","Radmin v3.X Radmin Authentication",45899,"VN","VINH PHUC","VINH YEN",517311,
"2020-08-01 11:13:55","113.160.252.29","tcp",4899,"static.vnpt.vn","radmin","Radmin v3.0 Windows",45899,"VN","KHANH HOA","NHA TRANG",517311,
"2020-08-01 11:14:00","27.72.92.254","tcp",4899,"dynamic-ip-adsl.viettel.vn","radmin","Radmin v3.X Radmin Authentication",7552,"VN","HA NOI","HANOI",517312,
"2020-08-01 11:14:01","118.70.120.188","tcp",4899,,"radmin","Radmin (Details Unknown)",18403,"VN","HA NOI","HANOI",517311,
"2020-08-01 11:14:30","14.241.212.130","tcp",4899,"static.vnpt.vn","radmin","Radmin v3.X Windows Authentication",45899,"VN","TIEN GIANG","MY THO",517311,
"2020-08-01 11:14:37","118.70.131.206","tcp",4899,,"radmin","Radmin v3.X Radmin Authentication",18403,"VN","HA NOI","HANOI",517311,
"2020-08-01 11:14:44","210.245.28.206","tcp",4899,"mail.sprintavn.com","radmin","Radmin v3.X Radmin Authentication",18403,"VN","HO CHI MINH","THANH PHO HO CHI MINH",517311,
"2020-08-01 11:14:45","222.255.175.89","tcp",4899,"static.vnpt.vn","radmin","Radmin v3.X Radmin Authentication",45899,"VN","DA NANG","DA NANG",517311,
"2020-08-01 11:15:24","14.226.107.26","tcp",4899,"static.vnpt.vn","radmin","Radmin v3.X Radmin Authentication",45899,"VN","HUNG YEN","HUNG YEN",517311,
"2020-08-01 11:15:25","14.239.132.72","tcp",4899,"static.vnpt.vn","radmin","Radmin v3.X Radmin Authentication",45899,"VN","THANH HOA","THANH HOA",517311,
"2020-08-01 11:15:35","123.30.133.33","tcp",4899,"mail.vina-knit.com","radmin","Radmin v3.X Source IP blocked",7643,"VN","HA NOI","HANOI",517311,
"2020-08-01 11:15:38","113.160.140.33","tcp",4899,"static.vnpt.vn","radmin","Radmin v3.X Radmin Authentication",45899,"VN","HA NOI","HANOI",517311,
"2020-08-01 11:15:43","123.30.133.52","tcp",4899,"mail.nhatrangtex.com","radmin","Radmin v3.X Source IP blocked",7643,"VN","HA NOI","HANOI",517311,
"2020-08-01 11:15:44","14.170.128.194","tcp",4899,"static.vnpt.vn","radmin","Radmin (Details Unknown)",45899,"VN","NGHE AN","VINH",517311,
"2020-08-01 11:16:04","116.105.214.239","tcp",4899,,"radmin","Radmin v3.X Radmin Authentication",24086,"VN","DA NANG","DA NANG",517312,
"2020-08-01 11:16:04","210.245.89.194","tcp",4899,,"radmin","Radmin (Details Unknown)",18403,"VN","HA NOI","HANOI",517311,
"2020-08-01 11:16:07","113.160.144.110","tcp",4899,"mail.dic.gov.vn","radmin","Radmin v3.X Radmin Authentication",45899,"VN","HA NOI","HANOI",517311,
"2020-08-01 11:16:08","14.251.231.55","tcp",4899,"static.vnpt.vn","radmin","Radmin v3.X Radmin Authentication",45899,"VN","HA NOI","HANOI",517311,
"2020-08-01 11:16:08","113.160.156.17","tcp",4899,"static.vnpt.vn","radmin","Radmin v3.X Radmin Authentication",45899,"VN","LANG SON","LANG SON",517311,
"2020-08-01 11:16:08","222.255.145.90","tcp",4899,"static.vnpt.vn","radmin","Radmin v3.X Radmin Authentication",45899,"VN","HA NOI","HANOI",517311,
"2020-08-01 11:16:14","113.160.244.135","tcp",4899,"static.vnpt.vn","radmin","Radmin v3.0 Windows",45899,"VN","QUANG NGAI","QUANG NGAI",517311,
"2020-08-01 11:16:15","14.249.76.228","tcp",4899,"static.vnpt.vn","radmin","Radmin v3.X Radmin Authentication",45899,"VN","THANH HOA","THANH HOA",517311,
"2020-08-01 11:16:17","115.79.140.133","tcp",4899,,"radmin","Radmin v3.X Radmin Authentication",7552,"VN","HO CHI MINH","THANH PHO HO CHI MINH",517312,
"2020-08-01 11:16:19","113.160.156.101","tcp",4899,"static.vnpt.vn","radmin","Radmin v3.0 Windows",45899,"VN","LANG SON","LANG SON",517311,
"2020-08-01 11:16:19","14.161.38.119","tcp",4899,"static.vnpt.vn","radmin","Radmin v3.X Radmin Authentication",45899,"VN","HO CHI MINH","THANH PHO HO CHI MINH",517311,
"2020-08-01 11:16:22","118.70.109.183","tcp",4899,,"radmin","Radmin v3.X Radmin Authentication",18403,"VN","HA NOI","HANOI",517311,
"2020-08-01 11:16:27","14.226.86.25","tcp",4899,"static.vnpt.vn","radmin","Radmin v3.X Radmin Authentication",45899,"VN","HA NOI","HANOI",517311,
"2020-08-01 11:16:27","27.72.164.70","tcp",4899,"dynamic-adsl.viettel.vn","radmin","Radmin v3.X Radmin Authentication",7552,"VN","THAI NGUYEN","THAI NGUYEN",517312,
"2020-08-01 11:16:28","123.25.168.84","tcp",4899,"static.vdc.vn","radmin","Radmin v3.X Radmin Authentication",45899,"VN","HO CHI MINH","THANH PHO HO CHI MINH",517311,
"2020-08-01 11:17:06","113.160.156.98","tcp",4899,"static.vnpt.vn","radmin","Radmin v3.X Radmin Authentication",45899,"VN","LANG SON","LANG SON",517311,
"2020-08-01 11:17:13","113.160.211.48","tcp",4899,"vijaco.com.vn","radmin","Radmin v3.X Radmin Authentication",45899,"VN","HAI PHONG","HAI PHONG",517311,
"2020-08-01 11:17:27","14.239.45.138","tcp",4899,"static.vnpt.vn","radmin","Radmin v3.X Radmin Authentication",45899,"VN","BAC KAN","BAC KAN",517311,
"2020-08-01 11:17:28","117.4.0.229","tcp",4899,"localhost","radmin","Radmin v3.X Radmin Authentication",7552,"VN","LAO CAI","LAO CAI",517312,
"2020-08-01 11:17:28","115.78.3.1","tcp",4899,,"radmin","Radmin v3.X Radmin Authentication",7552,"VN","HO CHI MINH","THANH PHO HO CHI MINH",517312,
"2020-08-01 11:17:28","123.18.206.24","tcp",4899,,"radmin","Radmin v3.X Radmin Authentication",45899,"VN","LANG SON","LANG SON",517311,
"2020-08-01 11:17:36","14.241.245.239","tcp",4899,"static.vnpt.vn","radmin","Radmin v3.X Radmin Authentication",45899,"VN","HO CHI MINH","THANH PHO HO CHI MINH",517311,
"2020-08-01 11:17:37","113.160.156.111","tcp",4899,"static.vnpt.vn","radmin","Radmin v3.X Radmin Authentication",45899,"VN","LANG SON","LANG SON",517311,
"2020-08-01 11:17:44","125.212.214.14","tcp",4899,"14.0-24.214.212.125.in-addr.arpa","radmin","Radmin v3.X Radmin Authentication",7552,"VN","HO CHI MINH","THANH PHO HO CHI MINH",517312,
"2020-08-01 11:17:54","14.234.58.205","tcp",4899,"static.vnpt.vn","radmin","Radmin v3.0 Windows",45899,"VN","HA NOI","HANOI",517311,
"2020-08-01 11:18:04","14.170.13.161","tcp",4899,"static.vnpt.vn","radmin","Radmin v3.X Radmin Authentication",45899,"VN","THANH HOA","THANH HOA",517311,
"2020-08-01 11:18:05","14.189.155.38","tcp",4899,"static.vnpt.vn","radmin","Radmin v3.X Radmin Authentication",45899,"VN","THANH HOA","THANH HOA",517311,
"2020-08-01 11:18:48","123.30.133.113","tcp",4899,"mail.phongphu-phuyen.com","radmin","Radmin v3.X Source IP blocked",7643,"VN","HA NOI","HANOI",517311,
"2020-08-01 11:18:52","14.176.51.125","tcp",4899,"static.vnpt.vn","radmin","Radmin v3.X Radmin Authentication",45899,"VN","THANH HOA","THANH HOA",517311,
"2020-08-01 11:18:52","117.6.85.240","tcp",4899,,"radmin","Radmin v3.X Radmin Authentication",7552,"VN","HA NOI","HANOI",517312,
"2020-08-01 11:19:06","171.238.9.73","tcp",4899,"dynamic-adsl.viettel.vn","radmin","Radmin v3.X Radmin Authentication",7552,"VN","BAC KAN","BAC KAN",517312,
"2020-08-01 11:19:06","115.79.47.166","tcp",4899,,"radmin","Radmin v3.X Radmin Authentication",7552,"VN","HO CHI MINH","THANH PHO HO CHI MINH",517312,
"2020-08-01 11:19:18","113.176.194.217","tcp",4899,"static.vnpt.vn","radmin","Radmin v3.X Radmin Authentication",45899,"VN","DA NANG","DA NANG",517311,
"2020-08-01 11:19:35","113.160.170.157","tcp",4899,"static.vnpt.vn","radmin","Radmin v3.X Radmin Authentication",45899,"VN","HA NOI","HANOI",517311,
"2020-08-01 11:19:45","14.161.33.168","tcp",4899,"static.vnpt.vn","radmin","Radmin v3.0 Windows",45899,"VN","HO CHI MINH","THANH PHO HO CHI MINH",517311,
"2020-08-01 11:19:45","14.226.87.219","tcp",4899,"static.vnpt.vn","radmin","Radmin v3.X Radmin Authentication",45899,"VN","THANH HOA","THANH HOA",517311,
"2020-08-01 11:19:45","117.6.78.188","tcp",4899,,"radmin","Radmin v3.X Radmin Authentication",7552,"VN","HA NOI","HANOI",517312,
"2020-08-01 11:19:45","123.24.206.47","tcp",4899,,"radmin","Radmin (Details Unknown)",45899,"VN","HA NOI","HANOI",517311,
"2020-08-01 11:19:47","123.18.172.126","tcp",4899,,"radmin","Radmin v3.X Radmin Authentication",45899,"VN","NGHE AN","VINH",517311,
"2020-08-01 11:19:48","222.255.175.230","tcp",4899,"mail.paxanadoclet.com","radmin","Radmin v3.X Radmin Authentication",45899,"VN","DA NANG","DA NANG",517311,
"2020-08-01 11:19:48","113.161.69.41","tcp",4899,"static.vnpt.vn","radmin","Radmin v3.0 Windows",45899,"VN","HO CHI MINH","THANH PHO HO CHI MINH",517311,
