"timestamp","src_ip","src_asn","src_geo","src_region","src_port","dst_ip","dst_asn","dst_geo","dst_region","dst_port","protocol","tag","hostname","sysdesc","sysname","http_url","http_agent","http_host","http_referer","http_referer_ip","http_referer_asn","http_referer_geo","http_referer_region","forwarded_by","ssl_cipher"
"2020-08-01 00:00:05","2402:800:63b8:8285:b187:5d5b:3cf9:2b81",7552,"VN","HO CHI MINH",50377,"2a02:1668:1034::2",51088,"NL","NOORD-HOLLAND",80,,"tsifiri",,,,"GET /VERSION.TXT HTTP/1.1","Mozilla/4.0 (compatible; MSIE 7.0; Windows NT 6.2; WOW64; Trident/7.0; .NET4.0C; .NET4.0E; Tablet PC 2.0; HCTE; InfoPath.3)","0-0-0-0-0-1-1-1-0-0-1-0-0-1-1-1-0-0-0-0-1-1-0-1-1-1-1-1-1-1-1-.0-0-0-0-0-0-0-0-0-0-0-0-0-5-0-0-0-0-0-0-0-0-0-0-0-0-0.info",,,,,,,
"2020-08-01 00:03:29","2402:800:6105:eec4:4d6f:786a:d277:9907",7552,"VN","HA NOI",49293,"2a02:1668:1034::2",51088,"NL","NOORD-HOLLAND",80,,"tsifiri",,,,"GET /DATA HTTP/1.1","Mozilla/4.0 (compatible; MSIE 7.0; Windows NT 6.1; WOW64; Trident/4.0; SLCC2; .NET CLR 2.0.50727; .NET CLR 3.5.30729; .NET CLR 3.0.30729; Media Center PC 6.0; Zoom 3.6.0)","6-6-7-4-7-2-8-4-2-3-6-2-8-2-4-8-5-9-4-7-7-3-2-6-9-7-6-4-3-7-3-.0-0-0-0-0-0-0-0-0-0-0-0-0-5-0-0-0-0-0-0-0-0-0-0-0-0-0.info",,,,,,,
"2020-08-01 00:03:35","2402:800:63eb:fbfb:1d2b:ae14:377:a3ca",7552,"VN","HO CHI MINH",47282,"2a02:1668:1034::2",51088,"NL","NOORD-HOLLAND",80,,"ghost-push",,,,"POST /aum/api/1/ HTTP/1.1",,"u.amobisc.com",,,,,,,
"2020-08-01 00:03:46","2402:800:63de:3e69:109d:54c4:3f28:548c",7552,"VN","QUANG TRI",55108,"2a02:1668:1034::2",51088,"NL","NOORD-HOLLAND",80,,"ghost-push",,,,"POST /okla/api/2 HTTP/1.1","Dalvik/1.6.0 (Linux; U; Android 4.2.2; mobiistar touch LAI 512 Build/JDQ39)","mk.omkol.com",,,,,,,
"2020-08-01 00:07:37","2001:ee0:4914:bbb0:89d9:2a41:ee87:c3a",45899,"VN","HUNG YEN",50073,"2a02:1668:1034::2",51088,"NL","NOORD-HOLLAND",80,,"sality",,,,"GET /home.gif?1f7d98=8255072 HTTP/1.1","Opera/9.50 (Windows NT 6.0; U; en)","kukutrustnet777.info",,,,,,,
"2020-08-01 00:08:24","2402:800:634b:d22c:80bc:4175:646a:4ba",7552,"VN","HA NOI",49573,"2a02:1668:1034::2",51088,"NL","NOORD-HOLLAND",80,,"tsifiri",,,,"GET /DATA HTTP/1.1","Mozilla/4.0 (compatible; MSIE 7.0; Windows NT 6.1; Trident/4.0; SLCC2; .NET CLR 2.0.50727; .NET CLR 3.5.30729; .NET CLR 3.0.30729; Media Center PC 6.0; .NET4.0C; Tablet PC 2.0)","5-6-6-8-2-5-4-1-3-7-7-3-8-5-6-4-7-2-5-8-3-6-2-1-2-1-4-6-5-6-6-.0-0-0-0-0-0-0-0-0-0-0-0-0-5-0-0-0-0-0-0-0-0-0-0-0-0-0.info",,,,,,,
"2020-08-01 00:09:57","2001:ee0:48e3:8960:3d15:b374:8191:2064",45899,"VN","HAI PHONG",64956,"2a02:1668:1034::2",51088,"NL","NOORD-HOLLAND",80,,"sality",,,,"GET /t_100_v400/?rnd=61655625&id=862157864735 HTTP/1.1","KUKU v4.00 alpha","www.inform1ongung.info",,,,,,,
"2020-08-01 00:12:11","2405:4800:205e:d5c2:3dfa:f410:dccb:cb6c",18403,"VN","HA NOI",47075,"2a02:1668:1034::2",51088,"NL","NOORD-HOLLAND",80,,"ghost-push",,,,"POST /okla/api/2 HTTP/1.1","Dalvik/1.6.0 (Linux; U; Android 4.2.2; ME173X Build/JDQ39)","mk.omkol.com",,,,,,,
"2020-08-01 00:13:01","2402:800:61aa:8a02:95e6:da9d:14da:c44a",7552,"VN","HA NOI",35116,"2a02:1668:1034::2",51088,"NL","NOORD-HOLLAND",80,,"ghost-push",,,,"POST /omla/i/3 HTTP/1.1","Dalvik/1.6.0 (Linux; U; Android 4.4.2; KISSME-DG580 Build/KOT49H)","p.omlao.com",,,,,,,
"2020-08-01 00:13:40","2402:800:6216:fd40:ede5:1092:10fc:182f",7552,"VN","HA NOI",60005,"2a02:1668:1034::2",51088,"NL","NOORD-HOLLAND",80,,"ghost-push",,,,"POST /okla/api/2 HTTP/1.1","Dalvik/1.6.0 (Linux; U; Android 4.1.2; LG-F200K Build/JZO54K)","mk.omkol.com",,,,,,,
"2020-08-01 00:18:29","2001:ee0:4181:f841:58aa:89ed:140d:fcdb",45899,"VN","HA NOI",49476,"2a02:1668:1034::2",51088,"NL","NOORD-HOLLAND",80,,"sality",,,,"GET /home.gif?1f533e=12317556 HTTP/1.1","Mozilla/4.0 (compatible; MSIE 7.0; Windows NT 5.1; .NET CLR 1.1.4322; .NET CLR 2.0.50728)","kukutrustnet777.info",,,,,,,
"2020-08-01 00:28:30","2402:800:61b1:51c0:720b:c0ff:fe0d:27f0",7552,"VN","HA NOI",60720,"2a02:1668:1034::2",51088,"NL","NOORD-HOLLAND",80,,"ghost-push",,,,"POST /aum/api/1/ HTTP/1.1",,"u.amobisc.com",,,,,,,
"2020-08-01 00:29:39","2402:800:6236:3e41:592a:68c8:d7f1:dbcf",7552,"VN","QUANG NAM",49179,"2a02:1668:1034::2",51088,"NL","NOORD-HOLLAND",80,,"tsifiri",,,,"GET /DATA HTTP/1.1","Mozilla/4.0 (compatible; MSIE 7.0; Windows NT 6.1; WOW64; Trident/4.0; SLCC2; .NET CLR 2.0.50727; .NET CLR 3.5.30729; .NET CLR 3.0.30729; Media Center PC 6.0; .NET4.0C; .NET4.0E)","5-8-5-3-6-0-6-6-4-1-2-2-7-0-4-6-7-2-8-7-6-8-7-3-1-8-7-6-3-0-1-.0-0-0-0-0-0-0-0-0-0-0-0-0-10-0-0-0-0-0-0-0-0-0-0-0-0-0.info",,,,,,,
"2020-08-01 00:42:33","2001:ee0:4c72:79f0:ac1b:fc83:9c96:fca",45899,"VN","HA NOI",64027,"2a02:1668:1034::2",51088,"NL","NOORD-HOLLAND",80,,"sality",,,,"GET /?501cde62=-1606828860 HTTP/1.1","KUKU v5.06exp =134376918757042","kukutrustnet777.info",,,,,,,
"2020-08-01 00:46:51","2001:ee0:5011:f110:545c:f32c:eded:f7e0",45899,"VN","HO CHI MINH",49213,"2a02:1668:1034::2",51088,"NL","NOORD-HOLLAND",80,,"tsifiri",,,,"GET /DATA HTTP/1.1","Mozilla/4.0 (compatible; MSIE 7.0; Windows NT 6.1; WOW64; Trident/7.0; SLCC2; .NET CLR 2.0.50727; .NET CLR 3.5.30729; .NET CLR 3.0.30729; .NET4.0C; .NET4.0E; Media Center PC 6.0)","1-2-3-4-6-3-8-8-5-4-1-3-2-6-9-3-3-8-2-6-6-6-7-8-2-4-8-3-6-4-8-.0-0-0-0-0-0-0-0-0-0-0-0-0-5-0-0-0-0-0-0-0-0-0-0-0-0-0.info",,,,,,,
"2020-08-01 00:51:30","2402:800:6133:7edf:d51b:31f:746f:112e",7552,"VN","HAI PHONG",38759,"2a02:1668:1034::2",51088,"NL","NOORD-HOLLAND",80,,"ghost-push",,,,"POST /okla/api/2 HTTP/1.1","Dalvik/1.6.0 (Linux; U; Android 4.4.2; T706-HD-MIPI Build/KOT49H)","mk.omkol.com",,,,,,,
"2020-08-01 01:15:03","2402:800:6116:450b:fc6c:d63a:4caf:6c00",7552,"VN","HOA BINH",49993,"2a02:1668:1034::2",51088,"NL","NOORD-HOLLAND",80,,"tsifiri",,,,"GET /DATA HTTP/1.1","Mozilla/4.0 (compatible; MSIE 7.0; Windows NT 6.1; Trident/7.0; SLCC2; .NET CLR 2.0.50727; .NET CLR 3.5.30729; .NET CLR 3.0.30729; .NET4.0C; .NET4.0E)","0-0-0-0-0-1-1-1-0-0-1-0-0-1-1-1-0-0-0-0-1-1-0-1-1-1-1-1-1-1-1-.0-0-0-0-0-0-0-0-0-0-0-0-0-5-0-0-0-0-0-0-0-0-0-0-0-0-0.info",,,,,,,
"2020-08-01 01:17:41","2402:800:6378:d280:6967:1594:32a4:90ba",7552,"VN","HO CHI MINH",55601,"2a02:1668:1034::2",51088,"NL","NOORD-HOLLAND",80,,"sality",,,,"GET /t_100_v400/?rnd=748749750&id=78627175021908 HTTP/1.1","KUKU v4.00 alpha","www.g1ikddcvns3sdsal.info",,,,,,,
"2020-08-01 01:20:20","2402:800:634f:cbb7:d534:9e2a:2608:3188",7552,"VN","TRA VINH",33602,"2a02:1668:1034::2",51088,"NL","NOORD-HOLLAND",80,,"ghost-push",,,,"POST /okla/api/1 HTTP/1.1",,"k.omkol.com",,,,,,,
"2020-08-01 01:27:05","2001:ee0:4fc5:8590:9c4f:38b1:172e:66dd",45899,"VN","HO CHI MINH",51596,"2a02:1668:1034::2",51088,"NL","NOORD-HOLLAND",80,,"tsifiri",,,,"GET /SYN HTTP/1.1","Mozilla/4.0 (compatible; MSIE 7.0; Windows NT 6.1; Trident/4.0; SLCC2; .NET CLR 2.0.50727; .NET CLR 3.5.30729; .NET CLR 3.0.30729; Media Center PC 6.0; .NET4.0C; .NET4.0E)","0-0-0-0-0-0-0-0-0-0-0-0-0-10-0-0-0-0-0-0-0-0-0-0-0-0-0.info",,,,,,,
"2020-08-01 01:32:36","2402:800:6343:f5d5:7517:7b61:4589:4723",7552,"VN","CAN THO",49160,"2a02:1668:1034::2",51088,"NL","NOORD-HOLLAND",80,,"tsifiri",,,,"GET /DATA HTTP/1.1","Mozilla/4.0 (compatible; MSIE 7.0; Windows NT 6.1; WOW64; Trident/7.0; SLCC2; .NET CLR 2.0.50727; .NET CLR 3.5.30729; .NET CLR 3.0.30729; Media Center PC 6.0; .NET4.0C; .NET4.0E)","0-0-0-0-0-0-0-0-0-0-0-0-0-10-0-0-0-0-0-0-0-0-0-0-0-0-0.info",,,,,,,
"2020-08-01 01:39:40","2001:ee0:438e:f030:41f3:6c98:4799:b87d",45899,"VN","HAI DUONG",52510,"2a02:1668:1034::2",51088,"NL","NOORD-HOLLAND",80,,"tsifiri",,,,"GET /DATA HTTP/1.1","Mozilla/4.0 (compatible; MSIE 7.0; Windows NT 6.2; WOW64; Trident/7.0; .NET4.0C; .NET4.0E; .NET CLR 2.0.50727; .NET CLR 3.0.30729; .NET CLR 3.5.30729)","5-8-5-3-6-0-6-6-4-1-2-2-7-0-4-6-7-2-8-7-6-8-7-3-1-8-7-6-3-0-1-.0-0-0-0-0-0-0-0-0-0-0-0-0-10-0-0-0-0-0-0-0-0-0-0-0-0-0.info",,,,,,,
"2020-08-01 01:42:35","2402:800:6139:c341:551d:1638:2433:3b7f",7552,"VN","BAC NINH",52838,"2a02:1668:1034::2",51088,"NL","NOORD-HOLLAND",80,,"sality",,,,"GET /t_100_v400/?rnd=1099797593&id=8255118123274 HTTP/1.1","KUKU v4.00 alpha","www.g1ikddcvns3sdsal.info",,,,,,,
"2020-08-01 01:42:50","2001:ee0:4e13:e9a0:2028:e552:733f:9fe3",45899,"VN","THUA THIEN-HUE",56143,"2a02:1668:1034::2",51088,"NL","NOORD-HOLLAND",80,,"tsifiri",,,,"GET /DATA HTTP/1.1","Mozilla/4.0 (compatible; MSIE 7.0; Windows NT 6.2; WOW64; Trident/7.0; .NET4.0C; .NET4.0E; .NET CLR 2.0.50727; .NET CLR 3.0.30729; .NET CLR 3.5.30729)","0-0-0-0-0-0-0-0-0-0-0-0-0-5-0-0-0-0-0-0-0-0-0-0-0-0-0.info",,,,,,,
"2020-08-01 01:43:01","2402:800:623b:722f:2:5fe8:b08d:407f",7552,"VN","GIA LAI",1030,"2a02:1668:1034::2",51088,"NL","NOORD-HOLLAND",80,,"sality",,,,"GET /?352b5=653343 HTTP/1.1","KUKU v5.06exp =98637522765","kukutrustnet777.info",,,,,,,
"2020-08-01 01:45:10","2402:800:6390:f22a:2871:52df:16a5:cedd",7552,"VN","CAN THO",63768,"2a02:1668:1034::2",51088,"NL","NOORD-HOLLAND",80,,"tsifiri",,,,"GET /DATA HTTP/1.1","Mozilla/4.0 (compatible; MSIE 7.0; Windows NT 6.2; WOW64; Trident/7.0; .NET4.0C; .NET4.0E; .NET CLR 2.0.50727; .NET CLR 3.0.30729; .NET CLR 3.5.30729; Zoom 3.6.0)","0-0-0-0-1-1-0-1-0-0-0-1-1-1-0-0-1-1-1-0-1-1-1-0-1-1-1-1-1-1-1-.0-0-0-0-0-0-0-0-0-0-0-0-0-10-0-0-0-0-0-0-0-0-0-0-0-0-0.info",,,,,,,
"2020-08-01 01:59:00","2402:800:6139:a4b:89fe:abf1:5e82:578d",7552,"VN","BAC NINH",49830,"2a02:1668:1034::2",51088,"NL","NOORD-HOLLAND",80,,"sality",,,,"GET /t_100_v400/?rnd=1087173265&id=164193392145694 HTTP/1.1","KUKU v4.00 alpha","www.g1ikddcvns3sdsal.info",,,,,,,
"2020-08-01 02:04:26","2402:800:613f:8762:ec01:6009:afc8:605",7552,"VN","HA NOI",49160,"2a02:1668:1034::2",51088,"NL","NOORD-HOLLAND",80,,"tsifiri",,,,"GET /DATA HTTP/1.1","Mozilla/4.0 (compatible; MSIE 7.0; Windows NT 6.1; Trident/4.0; SLCC2; .NET CLR 2.0.50727; .NET CLR 3.5.30729; .NET CLR 3.0.30729; Media Center PC 6.0; InfoPath.1)","0-0-0-0-0-0-0-0-0-0-0-0-0-5-0-0-0-0-0-0-0-0-0-0-0-0-0.info",,,,,,,
"2020-08-01 02:16:18","2001:ee0:4f52:34e0:256f:8852:ddf8:5b55",45899,"VN","HO CHI MINH",51421,"2a02:1668:1034::2",51088,"NL","NOORD-HOLLAND",80,,"sality",,,,"GET /t_100_v400/?rnd=18443187&id=17442475061937 HTTP/1.1","KUKU v4.00 alpha","www.inform1ongung.info",,,,,,,
"2020-08-01 02:23:05","2001:ee0:41c1:e716:48bc:a8e6:4f54:6e7d",45899,"VN","HA NOI",52792,"2a02:1668:1034::2",51088,"NL","NOORD-HOLLAND",80,,"sality",,,,"GET /t_100_v400/?rnd=1380806093&id=8010700622390 HTTP/1.1","KUKU v4.00 alpha","www.inform1ongung.info",,,,,,,
"2020-08-01 02:27:38","2405:4800:58f7:4eb1:558c:307a:850:6c4b",18403,"VN","HO CHI MINH",54537,"2a02:1668:1034::2",51088,"NL","NOORD-HOLLAND",80,,"sality",,,,"GET /__nicke2/?id-206160114018745&rnd=2121027000 HTTP/1.1","KUKU v3.10 exp","www.inform1ongung.info",,,,,,,
"2020-08-01 02:29:40","2001:ee0:5715:11e0:1c53:23ab:51bb:c77f",45899,"VN","HA NOI",49160,"2a02:1668:1034::2",51088,"NL","NOORD-HOLLAND",80,,"tsifiri",,,,"GET /DATA HTTP/1.1","Mozilla/4.0 (compatible; MSIE 7.0; Windows NT 6.1; WOW64; Trident/7.0; SLCC2; .NET CLR 2.0.50727; .NET CLR 3.5.30729; .NET CLR 3.0.30729; Media Center PC 6.0; .NET4.0C; .NET4.0E)","0-0-0-0-0-0-0-0-0-0-0-0-0-10-0-0-0-0-0-0-0-0-0-0-0-0-0.info",,,,,,,
"2020-08-01 02:31:59","2402:800:61c5:8481:b1d8:b2d9:beb1:1903",7552,"VN","HA NOI",60786,"2a02:1668:1034::2",51088,"NL","NOORD-HOLLAND",80,,"ghost-push",,,,"POST /agp/api/1/ HTTP/1.1",,"g.omlao.com",,,,,,,
"2020-08-01 02:32:02","2402:800:6378:d280:a9a6:8531:5172:4f46",7552,"VN","HO CHI MINH",55823,"2a02:1668:1034::2",51088,"NL","NOORD-HOLLAND",80,,"sality",,,,"GET /t_100_v400/?rnd=753210656&id=78627175021908 HTTP/1.1","KUKU v4.00 alpha","www.g1ikddcvns3sdsal.info",,,,,,,
"2020-08-01 02:32:54","2001:ee0:54bd:3980:7c09:8a1f:c10:5ac1",45899,"VN","LAM DONG",49157,"2a02:1668:1034::2",51088,"NL","NOORD-HOLLAND",80,,"tsifiri",,,,"GET /DATA HTTP/1.1","Mozilla/4.0 (compatible; MSIE 7.0; Windows NT 6.1; Trident/6.0; SLCC2; .NET CLR 2.0.50727; .NET CLR 3.5.30729; .NET CLR 3.0.30729; Media Center PC 6.0; .NET4.0C)","0-0-0-0-0-0-0-0-0-0-0-0-0-5-0-0-0-0-0-0-0-0-0-0-0-0-0.info",,,,,,,
"2020-08-01 02:40:40","2405:4800:3097:268:1f3:b018:a7bf:edd3",18403,"VN","DA NANG",52676,"2a02:1668:1034::2",51088,"NL","NOORD-HOLLAND",80,,"sality",,,,"GET /mrow30702/?id1508859atvul29314 HTTP/1.1","KUKU v3.07 exp","cpa.lukki6nd2kdnc.info",,,,,,,
"2020-08-01 02:43:23","2402:800:417e:6839:d0a:d7bb:9050:da83",7552,"VN","HA NOI",49985,"2a02:1668:1034::2",51088,"NL","NOORD-HOLLAND",80,,"sality",,,,"GET /t_100_v400/?rnd=1089839562&id=164193392145694 HTTP/1.1","KUKU v4.00 alpha","www.g1ikddcvns3sdsal.info",,,,,,,
"2020-08-01 02:52:13","2001:ee0:49d8:af60:e0c6:7fac:853a:bf38",45899,"VN","HA NOI",49195,"2a02:1668:1034::2",51088,"NL","NOORD-HOLLAND",80,,"tsifiri",,,,"GET /DATA HTTP/1.1","Mozilla/4.0 (compatible; MSIE 7.0; Windows NT 6.1; Trident/4.0; SLCC2; .NET CLR 2.0.50727; .NET CLR 3.5.30729; .NET CLR 3.0.30729; Media Center PC 6.0; .NET4.0C; .NET4.0E; Zoom 3.6.0)","0-0-0-0-0-1-1-1-0-0-1-0-0-1-1-1-0-0-0-0-1-1-0-1-1-1-1-1-1-1-1-.0-0-0-0-0-0-0-0-0-0-0-0-0-5-0-0-0-0-0-0-0-0-0-0-0-0-0.info",,,,,,,
"2020-08-01 03:01:14","2402:800:63b5:83cb:184d:65ec:ee22:8109",7552,"VN","CAN THO",49425,"2a02:1668:1034::2",51088,"NL","NOORD-HOLLAND",80,,"tsifiri",,,,"GET /DATA HTTP/1.1","Mozilla/4.0 (compatible; MSIE 7.0; Windows NT 6.1; WOW64; Trident/4.0; SLCC2; .NET CLR 2.0.50727; .NET CLR 3.5.30729; .NET CLR 3.0.30729; Media Center PC 6.0; InfoPath.3; .NET4.0C; .NET4.0E)","0-0-0-0-0-0-0-0-0-0-0-0-0-5-0-0-0-0-0-0-0-0-0-0-0-0-0.info",,,,,,,
"2020-08-01 03:06:28","2402:800:6378:d280:8804:1c92:a283:947a",7552,"VN","HO CHI MINH",56024,"2a02:1668:1034::2",51088,"NL","NOORD-HOLLAND",80,,"sality",,,,"GET /t_100_v400/?rnd=755276968&id=78627175021908 HTTP/1.1","KUKU v4.00 alpha","www.g1ikddcvns3sdsal.info",,,,,,,
"2020-08-01 03:13:16","2402:800:6343:dc7f:ac61:6a1a:87f:3afa",7552,"VN","CAN THO",61915,"2a02:1668:1034::2",51088,"NL","NOORD-HOLLAND",80,,"tsifiri",,,,"GET /DATA HTTP/1.1","Mozilla/4.0 (compatible; MSIE 7.0; Windows NT 6.2; WOW64; Trident/7.0; .NET4.0C; .NET4.0E; .NET CLR 2.0.50727; .NET CLR 3.0.30729; .NET CLR 3.5.30729; InfoPath.3)","0-0-0-0-0-0-0-0-0-0-0-0-0-10-0-0-0-0-0-0-0-0-0-0-0-0-0.info",,,,,,,
"2020-08-01 03:14:18","2405:4800:6a06:9b4:c5df:a6fe:c5ce:a551",18403,"VN","HO CHI MINH",51488,"2a02:1668:1034::2",51088,"NL","NOORD-HOLLAND",80,,"tsifiri",,,,"GET /DATA HTTP/1.1","Mozilla/4.0 (compatible; MSIE 7.0; Windows NT 6.1; Trident/4.0; SLCC2; .NET CLR 2.0.50727; .NET CLR 3.5.30729; .NET CLR 3.0.30729; Media Center PC 6.0; InfoPath.3; .NET4.0C; .NET4.0E)","6-3-8-2-4-0-7-7-1-1-8-8-3-6-6-5-3-7-2-7-8-6-6-1-7-8-5-8-1-3-2-.0-0-0-0-0-0-0-0-0-0-0-0-0-5-0-0-0-0-0-0-0-0-0-0-0-0-0.info",,,,,,,
"2020-08-01 03:23:51","2405:4800:6c46:330b:9a5:4891:234f:5030",18403,"VN","HO CHI MINH",4470,"2a02:1668:1034::2",51088,"NL","NOORD-HOLLAND",80,,"sality",,,,"GET /t_100_v400/?rnd=1972712484&id=13060793907649 HTTP/1.1","KUKU v4.00 alpha","www.inform1ongung.info",,,,,,,
"2020-08-01 03:29:26","2402:800:63af:9928:153:e387:df37:b7a3",7552,"VN","BINH DUONG",58518,"2a02:1668:1034::2",51088,"NL","NOORD-HOLLAND",80,,"sality",,,,"GET /t_100_v400/?rnd=428360359&id=559302182401 HTTP/1.1","KUKU v4.00 alpha","www.g1ikddcvns3sdsal.info",,,,,,,
"2020-08-01 03:31:04","2402:800:6312:29c2:91a1:a14c:a79f:753a",7552,"VN","HA NOI",60426,"2a02:1668:1034::2",51088,"NL","NOORD-HOLLAND",80,,"tsifiri",,,,"GET /DATA HTTP/1.1","Mozilla/4.0 (compatible; MSIE 7.0; Windows NT 6.1; WOW64; Trident/4.0; SLCC2; .NET CLR 2.0.50727; .NET CLR 3.5.30729; .NET CLR 3.0.30729; Media Center PC 6.0; .NET4.0C; .NET4.0E)","0-2-1-8-4-7-3-7-2-6-8-3-5-1-6-1-3-4-2-1-8-6-6-1-1-0-1-8-7-4-5-.0-0-0-0-0-0-0-0-0-0-0-0-0-5-0-0-0-0-0-0-0-0-0-0-0-0-0.info",,,,,,,
"2020-08-01 03:32:29","2402:800:6139:a4b:19ac:c5fc:3140:3e77",7552,"VN","BAC NINH",50518,"2a02:1668:1034::2",51088,"NL","NOORD-HOLLAND",80,,"sality",,,,"GET /t_100_v400/?rnd=1092783906&id=164193392145694 HTTP/1.1","KUKU v4.00 alpha","www.hkukud123ncs.info",,,,,,,
"2020-08-01 03:48:05","2402:800:6342:40e7:2126:f391:d44e:2604",7552,"VN","AN GIANG",49517,"2a02:1668:1034::2",51088,"NL","NOORD-HOLLAND",80,,"tsifiri",,,,"GET /DATA HTTP/1.1","Mozilla/4.0 (compatible; MSIE 7.0; Windows NT 6.1; Trident/4.0; SLCC2; .NET CLR 2.0.50727; .NET CLR 3.5.30729; .NET CLR 3.0.30729; Media Center PC 6.0; .NET4.0C; .NET4.0E; InfoPath.3)","1-2-3-4-6-3-8-8-5-4-1-3-2-6-9-3-3-8-2-6-6-6-7-8-2-4-8-3-6-4-8-.0-0-0-0-0-0-0-0-0-0-0-0-0-5-0-0-0-0-0-0-0-0-0-0-0-0-0.info",,,,,,,
"2020-08-01 03:52:08","2402:800:6344:c4d4:48a8:b783:9cce:4282",7552,"VN","HO CHI MINH",49193,"2a02:1668:1034::2",51088,"NL","NOORD-HOLLAND",80,,"tsifiri",,,,"GET /DATA HTTP/1.1","Mozilla/4.0 (compatible; MSIE 7.0; Windows NT 6.1; Trident/7.0; SLCC2; .NET CLR 2.0.50727; .NET CLR 3.5.30729; .NET CLR 3.0.30729; Media Center PC 6.0; .NET4.0C; .NET4.0E)","0-0-0-0-0-0-0-0-0-0-0-0-0-10-0-0-0-0-0-0-0-0-0-0-0-0-0.info",,,,,,,
"2020-08-01 04:05:13","2402:800:6216:fd40:b9d8:c146:575c:4a86",7552,"VN","HA NOI",34064,"2a02:1668:1034::2",51088,"NL","NOORD-HOLLAND",80,,"ghost-push",,,,"POST /onao/i/1 HTTP/1.1",,"i.onaoy.com",,,,,,,
"2020-08-01 04:06:05","2402:800:6390:f22a:419c:84e2:146d:50c3",7552,"VN","CAN THO",49961,"2a02:1668:1034::2",51088,"NL","NOORD-HOLLAND",80,,"tsifiri",,,,"GET /DATA HTTP/1.1","Mozilla/4.0 (compatible; MSIE 7.0; Windows NT 6.2; WOW64; Trident/7.0; .NET4.0C; .NET4.0E; .NET CLR 2.0.50727; .NET CLR 3.0.30729; .NET CLR 3.5.30729; Zoom 3.6.0)","0-0-0-0-0-1-1-1-0-0-1-0-0-1-1-1-0-0-0-0-1-1-0-1-1-1-1-1-1-1-1-.0-0-0-0-0-0-0-0-0-0-0-0-0-5-0-0-0-0-0-0-0-0-0-0-0-0-0.info",,,,,,,
"2020-08-01 04:16:43","2001:ee0:4001:d8b3:1926:6f0c:c71b:a5b2",45899,"VN","HA NOI",49217,"2a02:1668:1034::2",51088,"NL","NOORD-HOLLAND",80,,"sality",,,,"GET /home.gif?5ae09=1116699 HTTP/1.0","Mozilla/4.0 (compatible; MSIE 7.0b; Windows NT 6.0)","kukutrustnet777.info",,,,,,,
"2020-08-01 04:21:42","2001:ee0:56b7:7860:e469:d6c5:9ed3:d7df",45899,"VN","HA NOI",49162,"2a02:1668:1034::2",51088,"NL","NOORD-HOLLAND",80,,"tsifiri",,,,"GET /DATA HTTP/1.1","Mozilla/4.0 (compatible; MSIE 7.0; Windows NT 6.1; WOW64; Trident/4.0; SLCC2; .NET CLR 2.0.50727; .NET CLR 3.5.30729; .NET CLR 3.0.30729; Media Center PC 6.0; .NET4.0C)","0-0-0-0-1-1-0-1-0-0-0-1-1-1-0-0-1-1-1-0-1-1-1-0-1-1-1-1-1-1-1-.0-0-0-0-0-0-0-0-0-0-0-0-0-10-0-0-0-0-0-0-0-0-0-0-0-0-0.info",,,,,,,
"2020-08-01 04:22:01","2402:800:634d:35de:d006:bd55:ea6c:3e70",7552,"VN","HA NOI",49162,"2a02:1668:1034::2",51088,"NL","NOORD-HOLLAND",80,,"tsifiri",,,,"GET /DATA HTTP/1.1","Mozilla/4.0 (compatible; MSIE 7.0; Windows NT 6.1; WOW64; Trident/7.0; SLCC2; .NET CLR 2.0.50727; .NET CLR 3.5.30729; .NET CLR 3.0.30729; Media Center PC 6.0; .NET4.0C)","0-0-0-0-0-0-0-0-0-0-0-0-0-5-0-0-0-0-0-0-0-0-0-0-0-0-0.info",,,,,,,
"2020-08-01 04:24:38","2402:800:6343:f5d5:9d2d:101e:8a18:59a",7552,"VN","CAN THO",51685,"2a02:1668:1034::2",51088,"NL","NOORD-HOLLAND",80,,"tsifiri",,,,"GET /SYN HTTP/1.1","Mozilla/4.0 (compatible; MSIE 7.0; Windows NT 6.1; WOW64; Trident/7.0; SLCC2; .NET CLR 2.0.50727; .NET CLR 3.5.30729; .NET CLR 3.0.30729; Media Center PC 6.0; .NET4.0C; .NET4.0E)","0-0-0-0-0-0-0-0-0-0-0-0-0-10-0-0-0-0-0-0-0-0-0-0-0-0-0.info",,,,,,,
"2020-08-01 04:29:08","2405:4800:58f7:4eb1:2962:e359:159d:2afd",18403,"VN","HO CHI MINH",54680,"2a02:1668:1034::2",51088,"NL","NOORD-HOLLAND",80,,"sality",,,,"GET /__nicke2/?id-206160114018745&rnd=2128316890 HTTP/1.1","KUKU v3.10 exp","www.inform1ongung.info",,,,,,,
"2020-08-01 04:31:40","2001:ee0:490f:830:4935:afdd:1063:dc31",45899,"VN","HA NOI",49532,"2a02:1668:1034::2",51088,"NL","NOORD-HOLLAND",80,,"sality",,,,"GET /home.gif?3e3e8=764856 HTTP/1.1","Opera/9.50 (Windows NT 6.0; U; en)","kukutrustnet777.info",,,,,,,
"2020-08-01 04:38:38","2001:ee0:55b4:6e60:98d6:b048:36c8:c24b",45899,"VN","HA NOI",49163,"2a02:1668:1034::2",51088,"NL","NOORD-HOLLAND",80,,"tsifiri",,,,"GET /DATA HTTP/1.1","Mozilla/4.0 (compatible; MSIE 7.0; Windows NT 6.1; Trident/4.0; BTRS105991; SLCC2; .NET CLR 2.0.50727; .NET CLR 3.5.30729; .NET CLR 3.0.30729; Media Center PC 6.0; .NET4.0C)","0-0-0-0-0-0-0-0-0-0-0-0-0-5-0-0-0-0-0-0-0-0-0-0-0-0-0.info",,,,,,,
"2020-08-01 04:39:49","2402:800:6344:f914:9d9b:b10a:1534:20d4",7552,"VN","HA NOI",49250,"2a02:1668:1034::2",51088,"NL","NOORD-HOLLAND",80,,"tsifiri",,,,"GET /DATA HTTP/1.1","Mozilla/4.0 (compatible; MSIE 7.0; Windows NT 6.1; WOW64; Trident/4.0; SLCC2; .NET CLR 2.0.50727; .NET CLR 3.5.30729; .NET CLR 3.0.30729; Media Center PC 6.0; .NET4.0C; .NET4.0E; InfoPath.3)","6-6-7-4-7-2-8-4-2-3-6-2-8-2-4-8-5-9-4-7-7-3-2-6-9-7-6-4-3-7-3-.0-0-0-0-0-0-0-0-0-0-0-0-0-5-0-0-0-0-0-0-0-0-0-0-0-0-0.info",,,,,,,
"2020-08-01 04:40:09","2402:800:6214:e898:c89b:109b:6552:415a",7552,"VN","HA NOI",49209,"2a02:1668:1034::2",51088,"NL","NOORD-HOLLAND",80,,"tsifiri",,,,"GET /DATA HTTP/1.1","Mozilla/4.0 (compatible; MSIE 7.0; Windows NT 6.1; Trident/4.0; SLCC2; .NET CLR 2.0.50727; .NET CLR 3.5.30729; .NET CLR 3.0.30729; Media Center PC 6.0)","0-0-0-0-1-1-0-1-0-0-0-1-1-1-0-0-1-1-1-0-1-1-1-0-1-1-1-1-1-1-1-.0-0-0-0-0-0-0-0-0-0-0-0-0-10-0-0-0-0-0-0-0-0-0-0-0-0-0.info",,,,,,,
"2020-08-01 04:41:23","2001:ee0:4785:f480:e57e:2739:dee8:e153",45899,"VN","TUYEN QUANG",49877,"2a02:1668:1034::2",51088,"NL","NOORD-HOLLAND",80,,"sality",,,,"GET /?ddddd=908765 HTTP/1.1","KUKU v5.02c =60875057896","kukutrustnet777.info",,,,,,,
"2020-08-01 04:43:37","2001:ee0:55b1:9b0:adfe:e1ed:f1e2:4fcc",45899,"VN","HA NOI",49159,"2a02:1668:1034::2",51088,"NL","NOORD-HOLLAND",80,,"tsifiri",,,,"GET /DATA HTTP/1.1","Mozilla/4.0 (compatible; MSIE 7.0; Windows NT 6.1; WOW64; Trident/4.0; SLCC2; .NET CLR 2.0.50727; .NET CLR 3.5.30729; .NET CLR 3.0.30729; Media Center PC 6.0; .NET4.0C; .NET4.0E)","0-0-0-0-0-0-0-0-0-0-0-0-0-5-0-0-0-0-0-0-0-0-0-0-0-0-0.info",,,,,,,
"2020-08-01 05:01:47","2402:800:6216:fd40:506b:2581:271d:9fb6",7552,"VN","HA NOI",47819,"2a02:1668:1034::2",51088,"NL","NOORD-HOLLAND",80,,"ghost-push",,,,"POST /okla/api/2 HTTP/1.1","Dalvik/1.6.0 (Linux; U; Android 4.1.2; LG-F200K Build/JZO54K)","mk.omkol.com",,,,,,,
"2020-08-01 05:12:16","2402:800:63b2:f1ca:2569:c8a7:501f:9049",7552,"VN","HA NOI",49170,"2a02:1668:1034::2",51088,"NL","NOORD-HOLLAND",80,,"tsifiri",,,,"GET /DATA HTTP/1.1","Mozilla/4.0 (compatible; MSIE 7.0; Windows NT 6.1; Trident/7.0; SLCC2; .NET CLR 2.0.50727; .NET CLR 3.5.30729; .NET CLR 3.0.30729; Media Center PC 6.0; .NET4.0C; .NET4.0E; Zoom 3.6.0)","0-0-0-0-0-0-0-0-0-0-0-0-0-5-0-0-0-0-0-0-0-0-0-0-0-0-0.info",,,,,,,
"2020-08-01 05:28:40","2001:ee0:56b2:4f00:30ad:4116:4099:f305",45899,"VN","HA NOI",49169,"2a02:1668:1034::2",51088,"NL","NOORD-HOLLAND",80,,"tsifiri",,,,"GET /DATA HTTP/1.1","Mozilla/4.0 (compatible; MSIE 7.0; Windows NT 6.1; WOW64; Trident/4.0; SLCC2; .NET CLR 2.0.50727; .NET CLR 3.5.30729; .NET CLR 3.0.30729; Media Center PC 6.0; .NET4.0C)","0-0-0-0-1-1-0-1-0-0-0-1-1-1-0-0-1-1-1-0-1-1-1-0-1-1-1-1-1-1-1-.0-0-0-0-0-0-0-0-0-0-0-0-0-10-0-0-0-0-0-0-0-0-0-0-0-0-0.info",,,,,,,
"2020-08-01 05:29:23","2402:800:6343:f5d5:741e:e724:6473:80c",7552,"VN","CAN THO",49651,"2a02:1668:1034::2",51088,"NL","NOORD-HOLLAND",80,,"tsifiri",,,,"GET /SYN HTTP/1.1","Mozilla/4.0 (compatible; MSIE 7.0; Windows NT 6.1; WOW64; Trident/7.0; SLCC2; .NET CLR 2.0.50727; .NET CLR 3.5.30729; .NET CLR 3.0.30729; Media Center PC 6.0; .NET4.0C; .NET4.0E)","0-0-0-0-0-0-0-0-0-0-0-0-0-10-0-0-0-0-0-0-0-0-0-0-0-0-0.info",,,,,,,
"2020-08-01 05:33:18","2001:ee0:361a:db00:410b:65fe:cd22:4a09",45899,"VN","HA NOI",48209,"2a02:1668:1034::2",51088,"NL","NOORD-HOLLAND",80,,"ghost-push",,,,"POST /onao/i/1 HTTP/1.1",,"i.onaoy.com",,,,,,,
"2020-08-01 05:36:32","2402:800:61c5:8481:f14a:b80e:11b0:3b24",7552,"VN","HA NOI",54006,"2a02:1668:1034::2",51088,"NL","NOORD-HOLLAND",80,,"ghost-push",,,,"POST /agp/api/1/ HTTP/1.1",,"g.omlao.com",,,,,,,
"2020-08-01 05:49:20","2402:800:63af:9928:a110:8ba6:a78d:9978",7552,"VN","BINH DUONG",58938,"2a02:1668:1034::2",51088,"NL","NOORD-HOLLAND",80,,"sality",,,,"GET /t_100_v400/?rnd=436754828&id=559302182401 HTTP/1.1","KUKU v4.00 alpha","www.g1ikddcvns3sdsal.info",,,,,,,
"2020-08-01 05:49:37","2001:ee0:361a:db00:3d3d:d69f:8006:eb5",45899,"VN","HA NOI",46972,"2a02:1668:1034::2",51088,"NL","NOORD-HOLLAND",80,,"ghost-push",,,,"POST /onao/i/1 HTTP/1.1",,"i.onaoy.com",,,,,,,
"2020-08-01 05:56:46","2001:ee0:361a:db00:7d4f:eddc:c656:726",45899,"VN","HA NOI",45596,"2a02:1668:1034::2",51088,"NL","NOORD-HOLLAND",80,,"ghost-push",,,,"POST /onao/i/1 HTTP/1.1",,"i.onaoy.com",,,,,,,
"2020-08-01 05:58:49","2402:800:6378:d280:f061:eb89:dc97:57e9",7552,"VN","HO CHI MINH",58042,"2a02:1668:1034::2",51088,"NL","NOORD-HOLLAND",80,,"sality",,,,"GET /t_100_v400/?rnd=765616906&id=78627175021908 HTTP/1.1","KUKU v4.00 alpha","www.g1ikddcvns3sdsal.info",,,,,,,
"2020-08-01 05:59:25","2402:800:6216:fd40:743a:36a5:3eaf:677f",7552,"VN","HA NOI",39720,"2a02:1668:1034::2",51088,"NL","NOORD-HOLLAND",80,,"ghost-push",,,,"POST /okla/api/2 HTTP/1.1","Dalvik/1.6.0 (Linux; U; Android 4.1.2; LG-F200K Build/JZO54K)","mk.omkol.com",,,,,,,
"2020-08-01 06:17:16","2001:ee0:513f:9cb0:a470:84d6:430f:9494",45899,"VN","HO CHI MINH",51365,"2a02:1668:1034::2",51088,"NL","NOORD-HOLLAND",80,,"kovter",,,,"GET /client.config/?app=pndr&format=json&advert_key=ZWMwMDBhMDEzZDAwMDQxZTAwMDAwNDMxMDAwNDMxMDAwNDMxYTE1NWQxZGQ5MQ==&version=2.3.4&ad=2.3.4&uid=25E62CB7372FA4B5A4F874D09D520300-8B8FCD39BC45C1EAF50659FA2A293AE842051D86 HTTP/1.1","Dalvik/1.6.0 (Linux; U; Android 4.4.2; N7105 Build/KOT49H)","11559.mobapptrack.com",,,,,,,
"2020-08-01 06:39:00","2001:ee0:5692:e0a0:cb0:c23e:f7b3:9037",45899,"VN","TIEN GIANG",49614,"2a02:1668:1034::2",51088,"NL","NOORD-HOLLAND",80,,"tsifiri",,,,"GET /VERSION.TXT HTTP/1.1","Mozilla/4.0 (compatible; MSIE 7.0; Windows NT 6.1; Trident/4.0; SLCC2; .NET CLR 2.0.50727; .NET CLR 3.5.30729; .NET CLR 3.0.30729; Media Center PC 6.0; InfoPath.2)","3-7-c-g-4-b-n-0-0-6-x-9-m-q-4-1-4-4-r-8-0-d-1-6-8-f-u-6-7-x-3-.0-0-0-0-0-0-0-0-0-0-0-0-0-10-0-0-0-0-0-0-0-0-0-0-0-0-0.info",,,,,,,
"2020-08-01 06:48:58","2001:ee0:56ba:5000:9c:9a1a:ac9d:2e0b",45899,"VN","HA NOI",56839,"2a02:1668:1034::2",51088,"NL","NOORD-HOLLAND",80,,"ramdo",,,,"POST / HTTP/1.1",,"gmumwmiwoqegwiwo.org",,,,,,,
"2020-08-01 06:58:19","2402:800:61aa:8a02:2536:1100:89f6:603",7552,"VN","HA NOI",40458,"2a02:1668:1034::2",51088,"NL","NOORD-HOLLAND",80,,"ghost-push",,,,"POST /omla/i/1 HTTP/1.1",,"m.omlao.com",,,,,,,
"2020-08-01 07:01:04","2402:800:6216:fd40:428:3ffe:cd03:32b8",7552,"VN","HA NOI",60412,"2a02:1668:1034::2",51088,"NL","NOORD-HOLLAND",80,,"ghost-push",,,,"POST /omla/i/1 HTTP/1.1",,"m.omlao.com",,,,,,,
"2020-08-01 07:07:09","2402:800:6312:29c2:f454:fb5c:6988:f239",7552,"VN","HA NOI",61453,"2a02:1668:1034::2",51088,"NL","NOORD-HOLLAND",80,,"tsifiri",,,,"GET /DATA HTTP/1.1","Mozilla/4.0 (compatible; MSIE 7.0; Windows NT 6.1; WOW64; Trident/4.0; SLCC2; .NET CLR 2.0.50727; .NET CLR 3.5.30729; .NET CLR 3.0.30729; Media Center PC 6.0; .NET4.0C; .NET4.0E)","0-0-5-1-8-7-3-3-7-1-4-1-3-5-1-3-8-7-0-3-7-0-5-7-2-5-2-1-3-8-1-.0-0-0-0-0-0-0-0-0-0-0-0-0-5-0-0-0-0-0-0-0-0-0-0-0-0-0.info",,,,,,,
"2020-08-01 07:07:53","2402:800:613f:8762:d0ff:a126:d3cd:5137",7552,"VN","HA NOI",50186,"2a02:1668:1034::2",51088,"NL","NOORD-HOLLAND",80,,"tsifiri",,,,"GET /DATA HTTP/1.1","Mozilla/4.0 (compatible; MSIE 7.0; Windows NT 6.1; Trident/4.0; SLCC2; .NET CLR 2.0.50727; .NET CLR 3.5.30729; .NET CLR 3.0.30729; Media Center PC 6.0; InfoPath.1)","0-0-0-0-0-0-0-0-0-0-0-0-0-5-0-0-0-0-0-0-0-0-0-0-0-0-0.info",,,,,,,
"2020-08-01 07:07:56","2402:800:63ac:e8be:5c1e:3297:566e:3179",7552,"VN","HO CHI MINH",49231,"2a02:1668:1034::2",51088,"NL","NOORD-HOLLAND",80,,"tsifiri",,,,"GET /DATA HTTP/1.1","Mozilla/4.0 (compatible; MSIE 7.0; Windows NT 6.1; Trident/4.0; SLCC2; .NET CLR 2.0.50727; .NET CLR 3.5.30729; .NET CLR 3.0.30729; .NET4.0C; .NET4.0E; InfoPath.3)","0-0-0-0-0-0-0-0-0-0-0-0-0-5-0-0-0-0-0-0-0-0-0-0-0-0-0.info",,,,,,,
"2020-08-01 07:10:09","2402:800:61aa:8a02:fd88:8300:6f83:50d1",7552,"VN","HA NOI",51044,"2a02:1668:1034::2",51088,"NL","NOORD-HOLLAND",80,,"ghost-push",,,,"POST /okla/api/1 HTTP/1.1",,"k.omkol.com",,,,,,,
"2020-08-01 07:11:03","2001:ee0:4c72:79f0:754d:12b2:e169:9484",45899,"VN","HA NOI",64790,"2a02:1668:1034::2",51088,"NL","NOORD-HOLLAND",80,,"sality",,,,"GET /?5180889e=-385666124 HTTP/1.1","KUKU v5.06exp =136707804627908","kukutrustnet777.info",,,,,,,
"2020-08-01 07:13:02","2402:800:61aa:8a02:6d5e:cdc7:d19:f4a6",7552,"VN","HA NOI",46193,"2a02:1668:1034::2",51088,"NL","NOORD-HOLLAND",80,,"ghost-push",,,,"POST /okla/api/1 HTTP/1.1",,"k.omkol.com",,,,,,,
"2020-08-01 07:15:58","2402:800:61aa:8a02:103b:3d13:fa3:1d7e",7552,"VN","HA NOI",51676,"2a02:1668:1034::2",51088,"NL","NOORD-HOLLAND",80,,"ghost-push",,,,"POST /okla/api/1 HTTP/1.1",,"k.omkol.com",,,,,,,
"2020-08-01 07:16:42","2405:4803:c06b:a400:a9ea:d994:c260:d222",18403,"VN","HO CHI MINH",49175,"2a02:1668:1034::2",51088,"NL","NOORD-HOLLAND",80,,"tsifiri",,,,"GET /DATA HTTP/1.1","Mozilla/4.0 (compatible; MSIE 7.0; Windows NT 6.1; WOW64; Trident/4.0; SLCC2; .NET CLR 2.0.50727; .NET CLR 3.5.30729; .NET CLR 3.0.30729; Media Center PC 6.0; .NET4.0C; .NET4.0E)","0-0-0-0-0-0-0-0-0-0-0-0-0-5-0-0-0-0-0-0-0-0-0-0-0-0-0.info",,,,,,,
"2020-08-01 07:18:05","2402:800:6390:f22a:4fa:57a0:76fd:2b18",7552,"VN","CAN THO",51886,"2a02:1668:1034::2",51088,"NL","NOORD-HOLLAND",80,,"tsifiri",,,,"GET /DATA HTTP/1.1","Mozilla/4.0 (compatible; MSIE 7.0; Windows NT 6.2; WOW64; Trident/7.0; .NET4.0C; .NET4.0E; .NET CLR 2.0.50727; .NET CLR 3.0.30729; .NET CLR 3.5.30729; Zoom 3.6.0)","0-0-0-0-0-1-1-1-0-0-1-0-0-1-1-1-0-0-0-0-1-1-0-1-1-1-1-1-1-1-1-.0-0-0-0-0-0-0-0-0-0-0-0-0-5-0-0-0-0-0-0-0-0-0-0-0-0-0.info",,,,,,,
"2020-08-01 07:27:14","2001:ee0:56b6:7900:5148:dc69:f52b:ab04",45899,"VN","HA NOI",1090,"2a02:1668:1034::2",51088,"NL","NOORD-HOLLAND",80,,"sality",,,,"GET /?4d5cb=1901250 HTTP/1.1","KUKU v5.06exp =2005117152777","kukutrustnet777.info",,,,,,,
"2020-08-01 07:28:18","2001:ee0:5715:11e0:2579:1b5c:4526:eba4",45899,"VN","HA NOI",51670,"2a02:1668:1034::2",51088,"NL","NOORD-HOLLAND",80,,"tsifiri",,,,"GET /DATA HTTP/1.1","Mozilla/4.0 (compatible; MSIE 7.0; Windows NT 6.1; WOW64; Trident/7.0; SLCC2; .NET CLR 2.0.50727; .NET CLR 3.5.30729; .NET CLR 3.0.30729; Media Center PC 6.0; .NET4.0C; .NET4.0E)","0-0-0-0-0-0-0-0-0-0-0-0-0-10-0-0-0-0-0-0-0-0-0-0-0-0-0.info",,,,,,,
"2020-08-01 07:30:06","2402:800:6313:c0d6:d854:698e:81a9:163a",7552,"VN","HA NOI",49681,"2a02:1668:1034::2",51088,"NL","NOORD-HOLLAND",80,,"tsifiri",,,,"GET /DATA HTTP/1.1","Mozilla/4.0 (compatible; MSIE 7.0; Windows NT 6.2; Trident/7.0; .NET4.0C; .NET4.0E; .NET CLR 2.0.50727; .NET CLR 3.0.30729; .NET CLR 3.5.30729)","0-0-0-0-0-1-1-1-0-0-1-0-0-1-1-1-0-0-0-0-1-1-0-1-1-1-1-1-1-1-1-.0-0-0-0-0-0-0-0-0-0-0-0-0-5-0-0-0-0-0-0-0-0-0-0-0-0-0.info",,,,,,,
"2020-08-01 07:36:07","2402:800:6100:56b7:45:2b6f:887a:6198",7552,"VN","HAI PHONG",51442,"2a02:1668:1034::2",51088,"NL","NOORD-HOLLAND",80,,"ghost-push",,,,"POST /okla/api/2 HTTP/1.1","Dalvik/1.6.0 (Linux; U; Android 4.4.2; T706-HD-MIPI Build/KOT49H)","mk.omkol.com",,,,,,,
"2020-08-01 07:36:32","2402:800:6139:a4b:2d6b:1a2a:7bf1:8393",7552,"VN","BAC NINH",50907,"2a02:1668:1034::2",51088,"NL","NOORD-HOLLAND",80,,"sality",,,,"GET /t_100_v400/?rnd=1107411671&id=164193392145694 HTTP/1.1","KUKU v4.00 alpha","www.g1ikddcvns3sdsal.info",,,,,,,
"2020-08-01 07:37:04","2402:800:6214:e898:bdb6:9158:673a:89a4",7552,"VN","HA NOI",49192,"2a02:1668:1034::2",51088,"NL","NOORD-HOLLAND",80,,"tsifiri",,,,"GET /VERSION.TXT HTTP/1.1","Mozilla/4.0 (compatible; MSIE 7.0; Windows NT 6.1; Trident/4.0; SLCC2; .NET CLR 2.0.50727; .NET CLR 3.5.30729; .NET CLR 3.0.30729; Media Center PC 6.0)","0-0-0-0-0-1-1-1-0-0-1-0-0-1-1-1-0-0-0-0-1-1-0-1-1-1-1-1-1-1-1-.0-0-0-0-0-0-0-0-0-0-0-0-0-5-0-0-0-0-0-0-0-0-0-0-0-0-0.info",,,,,,,
"2020-08-01 07:40:11","2402:800:6100:56b7:6dc9:eb89:3d45:a548",7552,"VN","HAI PHONG",36425,"2a02:1668:1034::2",51088,"NL","NOORD-HOLLAND",80,,"ghost-push",,,,"POST /okla/api/2 HTTP/1.1","Dalvik/1.6.0 (Linux; U; Android 4.4.2; T706-HD-MIPI Build/KOT49H)","mk.omkol.com",,,,,,,
"2020-08-01 07:42:12","2001:ee0:4d03:1150:bc72:5f53:cf82:2f6b",45899,"VN","HA NOI",1064,"2a02:1668:1034::2",51088,"NL","NOORD-HOLLAND",80,,"sality",,,,"GET /t_100_v400/?rnd=130343&id=30519536564 HTTP/1.1","KUKU v4.00 alpha","www.inform1ongung.info",,,,,,,
"2020-08-01 07:48:17","2402:800:6100:56b7:c543:9aa2:7131:550c",7552,"VN","HAI PHONG",46529,"2a02:1668:1034::2",51088,"NL","NOORD-HOLLAND",80,,"ghost-push",,,,"POST /okla/api/1 HTTP/1.1",,"k.omkol.com",,,,,,,
"2020-08-01 07:49:06","2402:800:6378:d280:913:6475:25f6:8052",7552,"VN","HO CHI MINH",58615,"2a02:1668:1034::2",51088,"NL","NOORD-HOLLAND",80,,"sality",,,,"GET /t_100_v400/?rnd=772234390&id=78627175021908 HTTP/1.1","KUKU v4.00 alpha","www.g1ikddcvns3sdsal.info",,,,,,,
"2020-08-01 07:49:37","2001:ee0:55eb:4ce0:99d8:c350:20f9:8d8e",45899,"VN","HO CHI MINH",53033,"2a02:1668:1034::2",51088,"NL","NOORD-HOLLAND",80,,"ghost-push",,,,"POST /omla/i/1 HTTP/1.1",,"m.omlao.com",,,,,,,
"2020-08-01 07:50:12","2402:800:411a:cbe9:c918:c456:8fc7:4146",7552,"VN","HA NOI",51142,"2a02:1668:1034::2",51088,"NL","NOORD-HOLLAND",80,,"sality",,,,"GET /mrow_nrl/?rnd=1108248718&id=164193392145694 HTTP/1.1","KUKU v4.00 alpha","www.kukutrustnet666.info",,,,,,,
"2020-08-01 07:52:19","2402:800:6100:56b7:2528:6e98:1cf8:bcf5",7552,"VN","HAI PHONG",50962,"2a02:1668:1034::2",51088,"NL","NOORD-HOLLAND",80,,"ghost-push",,,,"POST /okla/api/1 HTTP/1.1",,"k.omkol.com",,,,,,,
"2020-08-01 07:56:23","2402:800:6100:56b7:740d:c779:6a60:fbab",7552,"VN","HAI PHONG",37738,"2a02:1668:1034::2",51088,"NL","NOORD-HOLLAND",80,,"ghost-push",,,,"POST /okla/api/2 HTTP/1.1","Dalvik/1.6.0 (Linux; U; Android 4.4.2; T706-HD-MIPI Build/KOT49H)","mk.omkol.com",,,,,,,
"2020-08-01 08:03:08","2402:800:63b4:da8a:989:7e9b:b0aa:e32f",7552,"VN","HO CHI MINH",49191,"2a02:1668:1034::2",51088,"NL","NOORD-HOLLAND",80,,"tsifiri",,,,"GET /DATA HTTP/1.1","Mozilla/4.0 (compatible; MSIE 7.0; Windows NT 6.1; Trident/4.0; SLCC2; .NET CLR 2.0.50727; .NET CLR 3.5.30729; .NET CLR 3.0.30729; Media Center PC 6.0; InfoPath.3)","0-0-0-0-0-1-1-1-0-0-1-0-0-1-1-1-0-0-0-0-1-1-0-1-1-1-1-1-1-1-1-.0-0-0-0-0-0-0-0-0-0-0-0-0-5-0-0-0-0-0-0-0-0-0-0-0-0-0.info",,,,,,,
"2020-08-01 08:15:46","2001:ee0:55eb:4ce0:e03f:8129:5ef3:78a0",45899,"VN","HO CHI MINH",48198,"2a02:1668:1034::2",51088,"NL","NOORD-HOLLAND",80,,"ghost-push",,,,"POST /omla/i/1 HTTP/1.1",,"m.omlao.com",,,,,,,
"2020-08-01 08:16:45","2402:9d80:327:ecb8:42c:8ce9:7498:a928",131429,"VN","HO CHI MINH",62007,"2a02:1668:1034::2",51088,"NL","NOORD-HOLLAND",80,,"sality",,,,"GET /?782328fb=1224089309 HTTP/1.1","KUKU v5.02c =178870326575","kukutrustnet777.info",,,,,,,
"2020-08-01 08:18:15","2402:800:61aa:8a02:30e8:2bb6:8707:5195",7552,"VN","HA NOI",55852,"2a02:1668:1034::2",51088,"NL","NOORD-HOLLAND",80,,"ghost-push",,,,"POST /okla/api/1 HTTP/1.1",,"k.omkol.com",,,,,,,
"2020-08-01 08:19:04","2001:ee0:361a:db00:a163:c01c:8f28:4906",45899,"VN","HA NOI",56423,"2a02:1668:1034::2",51088,"NL","NOORD-HOLLAND",80,,"ghost-push",,,,"POST /onao/i/1 HTTP/1.1",,"i.onaoy.com",,,,,,,
"2020-08-01 08:22:15","2402:800:6139:a4b:b1ad:afd8:80a8:cb02",7552,"VN","BAC NINH",51270,"2a02:1668:1034::2",51088,"NL","NOORD-HOLLAND",80,,"sality",,,,"GET /t_100_v400/?rnd=1110155921&id=164193392145694 HTTP/1.1","KUKU v4.00 alpha","www.g1ikddcvns3sdsal.info",,,,,,,
"2020-08-01 08:23:29","2402:800:6216:fd40:6568:ad72:31f8:3914",7552,"VN","HA NOI",55503,"2a02:1668:1034::2",51088,"NL","NOORD-HOLLAND",80,,"ghost-push",,,,"POST /okla/api/2 HTTP/1.1","Dalvik/1.6.0 (Linux; U; Android 4.1.2; LG-F200K Build/JZO54K)","mk.omkol.com",,,,,,,
"2020-08-01 08:27:53","2402:800:61aa:8a02:9486:e62f:68c3:da3a",7552,"VN","HA NOI",57523,"2a02:1668:1034::2",51088,"NL","NOORD-HOLLAND",80,,"ghost-push",,,,"POST /okla/api/1 HTTP/1.1",,"k.omkol.com",,,,,,,
"2020-08-01 08:31:10","2402:800:6390:eb9c:b57a:78ff:9d97:b2a0",7552,"VN","CAN THO",49193,"2a02:1668:1034::2",51088,"NL","NOORD-HOLLAND",80,,"tsifiri",,,,"GET /DATA HTTP/1.1","Mozilla/4.0 (compatible; MSIE 7.0; Windows NT 6.1; WOW64; Trident/5.0; SLCC2; .NET CLR 2.0.50727; .NET CLR 3.5.30729; .NET CLR 3.0.30729; Media Center PC 6.0; .NET4.0C; .NET4.0E)","0-0-0-0-0-1-1-1-0-0-1-0-0-1-1-1-0-0-0-0-1-1-0-1-1-1-1-1-1-1-1-.0-0-0-0-0-0-0-0-0-0-0-0-0-5-0-0-0-0-0-0-0-0-0-0-0-0-0.info",,,,,,,
"2020-08-01 08:35:20","2402:800:6139:c341:edf8:384c:1ce:ca39",7552,"VN","BAC NINH",52965,"2a02:1668:1034::2",51088,"NL","NOORD-HOLLAND",80,,"sality",,,,"GET /t_100_v400/?rnd=1124562156&id=8255118123274 HTTP/1.1","KUKU v4.00 alpha","www.g1ikddcvns3sdsal.info",,,,,,,
"2020-08-01 08:36:51","2402:800:61aa:8a02:89bc:b650:147f:7e71",7552,"VN","HA NOI",59044,"2a02:1668:1034::2",51088,"NL","NOORD-HOLLAND",80,,"ghost-push",,,,"POST /okla/api/1 HTTP/1.1",,"k.omkol.com",,,,,,,
"2020-08-01 08:38:14","2001:ee0:49d8:af60:415a:6cdf:52c4:fc63",45899,"VN","HA NOI",49224,"2a02:1668:1034::2",51088,"NL","NOORD-HOLLAND",80,,"tsifiri",,,,"GET /DATA HTTP/1.1","Mozilla/4.0 (compatible; MSIE 7.0; Windows NT 6.1; Trident/4.0; SLCC2; .NET CLR 2.0.50727; .NET CLR 3.5.30729; .NET CLR 3.0.30729; Media Center PC 6.0; .NET4.0C; .NET4.0E; Zoom 3.6.0)","0-0-0-0-0-1-1-1-0-0-1-0-0-1-1-1-0-0-0-0-1-1-0-1-1-1-1-1-1-1-1-.0-0-0-0-0-0-0-0-0-0-0-0-0-5-0-0-0-0-0-0-0-0-0-0-0-0-0.info",,,,,,,
"2020-08-01 08:45:31","2402:800:61aa:8a02:284b:4bcc:c123:b054",7552,"VN","HA NOI",40980,"2a02:1668:1034::2",51088,"NL","NOORD-HOLLAND",80,,"ghost-push",,,,"POST /okla/api/1 HTTP/1.1",,"k.omkol.com",,,,,,,
"2020-08-01 08:46:44","2402:800:6139:a4b:ed29:d4f6:eb04:b9f1",7552,"VN","BAC NINH",51541,"2a02:1668:1034::2",51088,"NL","NOORD-HOLLAND",80,,"sality",,,,"GET /t_100_v400/?rnd=1111641796&id=164193392145694 HTTP/1.1","KUKU v4.00 alpha","www.g1ikddcvns3sdsal.info",,,,,,,
"2020-08-01 08:50:52","2402:800:63b6:bff6:4ae:ec90:15ba:bead",7552,"VN","HO CHI MINH",49418,"2a02:1668:1034::2",51088,"NL","NOORD-HOLLAND",80,,"tsifiri",,,,"GET /DATA HTTP/1.1","Mozilla/4.0 (compatible; MSIE 7.0; Windows NT 6.1; Trident/7.0; SLCC2; .NET CLR 2.0.50727; .NET CLR 3.5.30729; .NET CLR 3.0.30729; Media Center PC 6.0; .NET4.0C; .NET4.0E)","0-0-0-0-0-0-0-0-0-0-0-0-0-5-0-0-0-0-0-0-0-0-0-0-0-0-0.info",,,,,,,
"2020-08-01 08:51:37","2001:ee0:5272:8010:3965:fae:71e3:aeff",45899,"VN","HA NOI",49160,"2a02:1668:1034::2",51088,"NL","NOORD-HOLLAND",80,,"tsifiri",,,,"GET /DATA HTTP/1.1","Mozilla/4.0 (compatible; MSIE 7.0; Windows NT 6.1; Trident/7.0; SLCC2; .NET CLR 2.0.50727; .NET CLR 3.5.30729; .NET CLR 3.0.30729; .NET4.0C; .NET4.0E)","0-0-0-0-0-0-0-0-0-0-0-0-0-10-0-0-0-0-0-0-0-0-0-0-0-0-0.info",,,,,,,
"2020-08-01 08:53:08","2402:800:63b4:da8a:e02c:46a3:ce86:395d",7552,"VN","HO CHI MINH",49417,"2a02:1668:1034::2",51088,"NL","NOORD-HOLLAND",80,,"tsifiri",,,,"GET /DATA HTTP/1.1","Mozilla/4.0 (compatible; MSIE 7.0; Windows NT 6.1; Trident/4.0; SLCC2; .NET CLR 2.0.50727; .NET CLR 3.5.30729; .NET CLR 3.0.30729; Media Center PC 6.0; InfoPath.3)","0-0-0-0-0-1-1-1-0-0-1-0-0-1-1-1-0-0-0-0-1-1-0-1-1-1-1-1-1-1-1-.0-0-0-0-0-0-0-0-0-0-0-0-0-5-0-0-0-0-0-0-0-0-0-0-0-0-0.info",,,,,,,
"2020-08-01 08:56:21","2402:800:61aa:8a02:245d:ade9:8c68:6e1b",7552,"VN","HA NOI",32985,"2a02:1668:1034::2",51088,"NL","NOORD-HOLLAND",80,,"ghost-push",,,,"POST /okla/api/1 HTTP/1.1",,"k.omkol.com",,,,,,,
"2020-08-01 09:07:39","2402:800:61aa:8a02:dc3e:6499:b101:144a",7552,"VN","HA NOI",53872,"2a02:1668:1034::2",51088,"NL","NOORD-HOLLAND",80,,"ghost-push",,,,"POST /okla/api/1 HTTP/1.1",,"k.omkol.com",,,,,,,
"2020-08-01 09:10:22","2001:ee0:4f90:5300:d17b:ec4e:369c:7992",45899,"VN","HO CHI MINH",51560,"2a02:1668:1034::2",51088,"NL","NOORD-HOLLAND",80,,"xcodeghost",,,,"POST / HTTP/1.1","WeChat/6.2.5.19 CFNetwork/672.0.8 Darwin/14.0.0","init.icloud-analysis.com",,,,,,,
"2020-08-01 09:14:45","2402:800:634d:35de:408f:87ff:d217:d34f",7552,"VN","HA NOI",62224,"2a02:1668:1034::2",51088,"NL","NOORD-HOLLAND",80,,"tsifiri",,,,"GET /DATA HTTP/1.1","Mozilla/4.0 (compatible; MSIE 7.0; Windows NT 6.1; WOW64; Trident/7.0; SLCC2; .NET CLR 2.0.50727; .NET CLR 3.5.30729; .NET CLR 3.0.30729; Media Center PC 6.0; .NET4.0C)","0-0-0-0-0-0-0-0-0-0-0-0-0-5-0-0-0-0-0-0-0-0-0-0-0-0-0.info",,,,,,,
"2020-08-01 09:15:46","2402:800:61aa:8a02:7998:8956:bf94:f406",7552,"VN","HA NOI",44770,"2a02:1668:1034::2",51088,"NL","NOORD-HOLLAND",80,,"ghost-push",,,,"POST /okla/api/1 HTTP/1.1",,"k.omkol.com",,,,,,,
"2020-08-01 09:19:23","2402:800:61c5:dad3:699d:2da5:d61b:c03c",7552,"VN","HA NOI",35793,"2a02:1668:1034::2",51088,"NL","NOORD-HOLLAND",80,,"ghost-push",,,,"POST /agp/api/1/ HTTP/1.1",,"g.omlao.com",,,,,,,
"2020-08-01 09:20:29","2402:800:63b9:bec7:3cc8:4868:121d:9cbf",7552,"VN","HO CHI MINH",49172,"2a02:1668:1034::2",51088,"NL","NOORD-HOLLAND",80,,"tsifiri",,,,"GET /DATA HTTP/1.1","Mozilla/4.0 (compatible; MSIE 7.0; Windows NT 6.1; WOW64; Trident/7.0; SLCC2; .NET CLR 2.0.50727; .NET CLR 3.5.30729; .NET CLR 3.0.30729; Media Center PC 6.0; .NET4.0C; .NET4.0E)","0-0-0-0-0-0-0-0-0-0-0-0-0-5-0-0-0-0-0-0-0-0-0-0-0-0-0.info",,,,,,,
"2020-08-01 09:35:53","2402:800:6139:a4b:c8d8:adde:c0d1:8ab7",7552,"VN","BAC NINH",51928,"2a02:1668:1034::2",51088,"NL","NOORD-HOLLAND",80,,"sality",,,,"GET /t_100_v400/?rnd=1114590421&id=164193392145694 HTTP/1.1","KUKU v4.00 alpha","www.g1ikddcvns3sdsal.info",,,,,,,
"2020-08-01 09:37:08","2402:800:6343:f5d5:452c:4945:7ea5:494b",7552,"VN","CAN THO",57500,"2a02:1668:1034::2",51088,"NL","NOORD-HOLLAND",80,,"tsifiri",,,,"GET /SYN HTTP/1.1","Mozilla/4.0 (compatible; MSIE 7.0; Windows NT 6.1; WOW64; Trident/7.0; SLCC2; .NET CLR 2.0.50727; .NET CLR 3.5.30729; .NET CLR 3.0.30729; Media Center PC 6.0; .NET4.0C; .NET4.0E)","0-0-0-0-0-0-0-0-0-0-0-0-0-10-0-0-0-0-0-0-0-0-0-0-0-0-0.info",,,,,,,
"2020-08-01 09:39:37","2402:800:634b:d22c:a9f1:48c5:3122:25a8",7552,"VN","HA NOI",49285,"2a02:1668:1034::2",51088,"NL","NOORD-HOLLAND",80,,"tsifiri",,,,"GET /DATA HTTP/1.1","Mozilla/4.0 (compatible; MSIE 7.0; Windows NT 6.1; Trident/4.0; SLCC2; .NET CLR 2.0.50727; .NET CLR 3.5.30729; .NET CLR 3.0.30729; Media Center PC 6.0; .NET4.0C; Tablet PC 2.0)","1-2-3-4-6-3-8-8-5-4-1-3-2-6-9-3-3-8-2-6-6-6-7-8-2-4-8-3-6-4-8-.0-0-0-0-0-0-0-0-0-0-0-0-0-5-0-0-0-0-0-0-0-0-0-0-0-0-0.info",,,,,,,
"2020-08-01 09:44:38","2402:800:6312:29c2:64a5:1a68:36e0:9932",7552,"VN","HA NOI",62292,"2a02:1668:1034::2",51088,"NL","NOORD-HOLLAND",80,,"tsifiri",,,,"GET /DATA HTTP/1.1","Mozilla/4.0 (compatible; MSIE 7.0; Windows NT 6.1; WOW64; Trident/4.0; SLCC2; .NET CLR 2.0.50727; .NET CLR 3.5.30729; .NET CLR 3.0.30729; Media Center PC 6.0; .NET4.0C; .NET4.0E)","7-8-2-3-7-6-3-8-5-2-2-5-4-7-6-8-7-3-8-0-3-3-5-8-8-5-8-1-2-6-8-.0-0-0-0-0-0-0-0-0-0-0-0-0-10-0-0-0-0-0-0-0-0-0-0-0-0-0.info",,,,,,,
"2020-08-01 09:45:41","2402:800:6342:40e7:7d7e:5436:7eeb:3f26",7552,"VN","AN GIANG",49676,"2a02:1668:1034::2",51088,"NL","NOORD-HOLLAND",80,,"tsifiri",,,,"GET /DATA HTTP/1.1","Mozilla/4.0 (compatible; MSIE 7.0; Windows NT 6.1; Trident/4.0; SLCC2; .NET CLR 2.0.50727; .NET CLR 3.5.30729; .NET CLR 3.0.30729; Media Center PC 6.0; .NET4.0C; .NET4.0E; InfoPath.3)","1-2-3-4-6-3-8-8-5-4-1-3-2-6-9-3-3-8-2-6-6-6-7-8-2-4-8-3-6-4-8-.0-0-0-0-0-0-0-0-0-0-0-0-0-5-0-0-0-0-0-0-0-0-0-0-0-0-0.info",,,,,,,
"2020-08-01 09:51:41","2402:800:6216:362f:7d7f:fbf8:2292:6917",7552,"VN","HA NOI",48127,"2a02:1668:1034::2",51088,"NL","NOORD-HOLLAND",80,,"ghost-push",,,,"POST /omla/i/1 HTTP/1.1",,"m.omlao.com",,,,,,,
"2020-08-01 10:03:48","2402:800:61aa:8a02:142:174c:361b:93ff",7552,"VN","HA NOI",57109,"2a02:1668:1034::2",51088,"NL","NOORD-HOLLAND",80,,"ghost-push",,,,"POST /okla/api/1 HTTP/1.1",,"k.omkol.com",,,,,,,
"2020-08-01 10:03:49","2402:800:634d:12ec:a00d:a038:12a5:38c6",7552,"VN","HA NOI",65106,"2a02:1668:1034::2",51088,"NL","NOORD-HOLLAND",80,,"tsifiri",,,,"GET /VERSION.TXT HTTP/1.1","Mozilla/4.0 (compatible; MSIE 7.0; Windows NT 6.1; WOW64; Trident/7.0; SLCC2; .NET CLR 2.0.50727; .NET CLR 3.5.30729; .NET CLR 3.0.30729; Media Center PC 6.0; .NET4.0C)","0-0-0-0-0-0-0-0-0-0-0-0-0-5-0-0-0-0-0-0-0-0-0-0-0-0-0.info",,,,,,,
"2020-08-01 10:09:53","2402:800:61aa:8a02:d9af:ede9:ba90:8582",7552,"VN","HA NOI",59556,"2a02:1668:1034::2",51088,"NL","NOORD-HOLLAND",80,,"ghost-push",,,,"POST /okla/api/1 HTTP/1.1",,"k.omkol.com",,,,,,,
"2020-08-01 10:12:06","2001:ee0:5691:bf40:806f:4775:f45f:2804",45899,"VN","TIEN GIANG",49163,"2a02:1668:1034::2",51088,"NL","NOORD-HOLLAND",80,,"tsifiri",,,,"GET /DATA HTTP/1.1","Mozilla/4.0 (compatible; MSIE 7.0; Windows NT 6.1; WOW64; Trident/4.0; SLCC2; .NET CLR 2.0.50727; .NET CLR 3.5.30729; .NET CLR 3.0.30729; Media Center PC 6.0)","0-0-0-0-0-1-1-1-0-0-1-0-0-1-1-1-0-0-0-0-1-1-0-1-1-1-1-1-1-1-1-.0-0-0-0-0-0-0-0-0-0-0-0-0-5-0-0-0-0-0-0-0-0-0-0-0-0-0.info",,,,,,,
"2020-08-01 10:12:44","2402:800:61aa:8a02:2990:c12d:41c0:7bfe",7552,"VN","HA NOI",35599,"2a02:1668:1034::2",51088,"NL","NOORD-HOLLAND",80,,"ghost-push",,,,"POST /okla/api/1 HTTP/1.1",,"k.omkol.com",,,,,,,
"2020-08-01 10:13:05","2402:800:6216:37a7:7d7f:fbf8:2292:6917",7552,"VN","HA NOI",54203,"2a02:1668:1034::2",51088,"NL","NOORD-HOLLAND",80,,"ghost-push",,,,"POST /omla/i/1 HTTP/1.1",,"m.omlao.com",,,,,,,
"2020-08-01 10:15:46","2402:800:61aa:8a02:a534:151f:f780:fdb1",7552,"VN","HA NOI",55216,"2a02:1668:1034::2",51088,"NL","NOORD-HOLLAND",80,,"ghost-push",,,,"POST /okla/api/1 HTTP/1.1",,"k.omkol.com",,,,,,,
"2020-08-01 10:18:32","2402:800:61aa:8a02:3c80:2ea5:451c:594d",7552,"VN","HA NOI",34854,"2a02:1668:1034::2",51088,"NL","NOORD-HOLLAND",80,,"ghost-push",,,,"POST /okla/api/1 HTTP/1.1",,"k.omkol.com",,,,,,,
"2020-08-01 10:22:55","2402:800:61aa:8a02:e08d:fb5f:39a0:1ed7",7552,"VN","HA NOI",41552,"2a02:1668:1034::2",51088,"NL","NOORD-HOLLAND",80,,"ghost-push",,,,"POST /okla/api/1 HTTP/1.1",,"k.omkol.com",,,,,,,
"2020-08-01 10:26:57","2402:800:61aa:8a02:1018:dc0:481f:ed84",7552,"VN","HA NOI",35910,"2a02:1668:1034::2",51088,"NL","NOORD-HOLLAND",80,,"ghost-push",,,,"POST /okla/api/1 HTTP/1.1",,"k.omkol.com",,,,,,,
"2020-08-01 10:30:55","2402:800:61aa:8a02:cd0f:d82e:566f:1a4d",7552,"VN","HA NOI",59085,"2a02:1668:1034::2",51088,"NL","NOORD-HOLLAND",80,,"ghost-push",,,,"POST /okla/api/1 HTTP/1.1",,"k.omkol.com",,,,,,,
"2020-08-01 10:31:12","2402:800:63eb:fbfb:9410:6c1f:b5c3:1e4a",7552,"VN","HO CHI MINH",32811,"2a02:1668:1034::2",51088,"NL","NOORD-HOLLAND",80,,"ghost-push",,,,"POST /aum/api/1/ HTTP/1.1",,"u.amobisc.com",,,,,,,
"2020-08-01 10:33:15","2402:800:61aa:8a02:a502:f92c:5b8e:ce50",7552,"VN","HA NOI",52663,"2a02:1668:1034::2",51088,"NL","NOORD-HOLLAND",80,,"ghost-push",,,,"POST /okla/api/1 HTTP/1.1",,"k.omkol.com",,,,,,,
"2020-08-01 10:40:58","2402:800:411a:cbe9:680c:db5:628:afaf",7552,"VN","HA NOI",52647,"2a02:1668:1034::2",51088,"NL","NOORD-HOLLAND",80,,"sality",,,,"GET /t_100_v400/?rnd=1118494859&id=164193392145694 HTTP/1.1","KUKU v4.00 alpha","www.g1ikddcvns3sdsal.info",,,,,,,
"2020-08-01 10:41:51","2402:800:61c5:dad3:3191:12d0:91f8:f307",7552,"VN","HA NOI",59119,"2a02:1668:1034::2",51088,"NL","NOORD-HOLLAND",80,,"ghost-push",,,,"POST /agp/api/1/ HTTP/1.1",,"g.omlao.com",,,,,,,
"2020-08-01 10:47:13","2405:4800:72de:3940:197d:2023:c15f:4f49",18403,"VN","HA NOI",49655,"2a02:1668:1034::2",51088,"NL","NOORD-HOLLAND",80,,"sality",,,,"GET /home.gif?5baf5=375541 HTTP/1.0","Mozilla/4.0 (compatible; MSIE 7.0b; Windows NT 6.0)","kukutrustnet777.info",,,,,,,
"2020-08-01 11:00:34","2405:4800:206e:d3a8:1195:46da:9f33:68f",18403,"VN","HA NOI",55341,"2a02:1668:1034::2",51088,"NL","NOORD-HOLLAND",80,,"ghost-push",,,,"POST /okla/api/2 HTTP/1.1","Dalvik/1.6.0 (Linux; U; Android 4.2.2; ME173X Build/JDQ39)","mk.omkol.com",,,,,,,
"2020-08-01 11:02:05","2001:ee0:543d:3630:b85b:c1d:b995:5720",45899,"VN","DONG THAP",51582,"2a02:1668:1034::2",51088,"NL","NOORD-HOLLAND",80,,"tsifiri",,,,"GET /DATA HTTP/1.1","Mozilla/4.0 (compatible; MSIE 7.0; Windows NT 6.2; WOW64; Trident/7.0; .NET4.0C; .NET4.0E; Tablet PC 2.0; HCTE; InfoPath.3)","0-0-0-0-0-1-1-1-0-0-1-0-0-1-1-1-0-0-0-0-1-1-0-1-1-1-1-1-1-1-1-.0-0-0-0-0-0-0-0-0-0-0-0-0-5-0-0-0-0-0-0-0-0-0-0-0-0-0.info",,,,,,,
"2020-08-01 11:18:14","2001:ee0:5715:11e0:7123:4256:db83:2183",45899,"VN","HA NOI",51793,"2a02:1668:1034::2",51088,"NL","NOORD-HOLLAND",80,,"tsifiri",,,,"GET /SYN HTTP/1.1","Mozilla/4.0 (compatible; MSIE 7.0; Windows NT 6.1; WOW64; Trident/7.0; SLCC2; .NET CLR 2.0.50727; .NET CLR 3.5.30729; .NET CLR 3.0.30729; Media Center PC 6.0; .NET4.0C; .NET4.0E)","0-0-0-0-0-0-0-0-0-0-0-0-0-10-0-0-0-0-0-0-0-0-0-0-0-0-0.info",,,,,,,
"2020-08-01 11:24:33","2402:800:6343:dc7f:49a0:6f17:9a45:7177",7552,"VN","CAN THO",51300,"2a02:1668:1034::2",51088,"NL","NOORD-HOLLAND",80,,"tsifiri",,,,"GET /SYN HTTP/1.1","Mozilla/4.0 (compatible; MSIE 7.0; Windows NT 6.2; WOW64; Trident/7.0; .NET4.0C; .NET4.0E; .NET CLR 2.0.50727; .NET CLR 3.0.30729; .NET CLR 3.5.30729; InfoPath.3)","0-0-0-0-0-0-0-0-0-0-0-0-0-10-0-0-0-0-0-0-0-0-0-0-0-0-0.info",,,,,,,
"2020-08-01 11:26:05","2402:800:6390:2648:19b9:bc12:2ddf:ac39",7552,"VN","CAN THO",54466,"2a02:1668:1034::2",51088,"NL","NOORD-HOLLAND",80,,"tsifiri",,,,"GET /VERSION.TXT HTTP/1.1","Mozilla/4.0 (compatible; MSIE 7.0; Windows NT 6.2; WOW64; Trident/7.0; .NET4.0C; .NET4.0E; .NET CLR 2.0.50727; .NET CLR 3.0.30729; .NET CLR 3.5.30729; Zoom 3.6.0)","0-0-0-0-0-1-1-1-0-0-1-0-0-1-1-1-0-0-0-0-1-1-0-1-1-1-1-1-1-1-1-.0-0-0-0-0-0-0-0-0-0-0-0-0-5-0-0-0-0-0-0-0-0-0-0-0-0-0.info",,,,,,,
"2020-08-01 11:26:14","2405:4800:617f:1c3c:9c2a:85ad:d431:55b8",18403,"VN","HO CHI MINH",33506,"2a02:1668:1034::2",51088,"NL","NOORD-HOLLAND",80,,"kovter",,,,"GET /click/redirect?feed_id=11559&sub_id=7&q=3910B0E0263D4C755E444E699718D9B4-9EBA8F2F3C9F4C7503EDBCD32B85AD0ECDD3B8C9 HTTP/1.1","Mozilla/5.0 (Linux; Android 5.1.1; SM-G361H Build/LMY48B; wv) AppleWebKit/537.36 (KHTML, like Gecko) Version/4.0 Chrome/55.0.2883.91 Mobile Safari/537.36","11559.mobapptrack.com",,,,,,,
"2020-08-01 11:28:10","2402:800:6344:9298:ec06:b2b5:b8ac:6a99",7552,"VN","HA NOI",49270,"2a02:1668:1034::2",51088,"NL","NOORD-HOLLAND",80,,"tsifiri",,,,"GET /DATA HTTP/1.1","Mozilla/4.0 (compatible; MSIE 7.0; Windows NT 6.1; WOW64; Trident/7.0; SLCC2; .NET CLR 2.0.50727; .NET CLR 3.5.30729; .NET CLR 3.0.30729; Media Center PC 6.0; .NET4.0C; .NET4.0E)","0-0-0-0-0-1-1-1-0-0-1-0-0-1-1-1-0-0-0-0-1-1-0-1-1-1-1-1-1-1-1-.0-0-0-0-0-0-0-0-0-0-0-0-0-5-0-0-0-0-0-0-0-0-0-0-0-0-0.info",,,,,,,
"2020-08-01 11:28:27","2001:ee0:513f:9cb0:6985:bb8:2a:6f14",45899,"VN","HO CHI MINH",40583,"2a02:1668:1034::2",51088,"NL","NOORD-HOLLAND",80,,"kovter",,,,"GET /client.config/?app=pndr&format=json&advert_key=ZWMwMDBhMDEzZDAwMDQxZTAwMDAwNDMxMDAwNDMxMDAwNDMxYTE1NWQxZGQ5MQ==&version=2.3.4&ad=2.3.4&uid=25E62CB7372FA4B5A4F874D09D520300-8B8FCD39BC45C1EAF50659FA2A293AE842051D86 HTTP/1.1","Dalvik/1.6.0 (Linux; U; Android 4.4.2; N7105 Build/KOT49H)","11559.mobapptrack.com",,,,,,,
"2020-08-01 11:31:13","2402:800:6100:56b7:208:22ff:fe08:6515",7552,"VN","HAI PHONG",48345,"2a02:1668:1034::2",51088,"NL","NOORD-HOLLAND",80,,"ghost-push",,,,"POST /okla/api/2 HTTP/1.1","Dalvik/1.6.0 (Linux; U; Android 4.4.2; T706-HD-MIPI Build/KOT49H)","mk.omkol.com",,,,,,,
"2020-08-01 11:32:04","2405:4800:60e7:ffe:109:b79d:44a9:8fe3",18403,"VN","BINH DUONG",49260,"2a02:1668:1034::2",51088,"NL","NOORD-HOLLAND",80,,"tsifiri",,,,"GET /VERSION.TXT HTTP/1.1","Mozilla/4.0 (compatible; MSIE 7.0; Windows NT 6.1; WOW64; Trident/4.0; SLCC2; .NET CLR 2.0.50727; .NET CLR 3.5.30729; .NET CLR 3.0.30729; Media Center PC 6.0; .NET4.0C; .NET4.0E)","0-0-0-0-0-1-1-1-0-0-1-0-0-1-1-1-0-0-0-0-1-1-0-1-1-1-1-1-1-1-1-.0-0-0-0-0-0-0-0-0-0-0-0-0-5-0-0-0-0-0-0-0-0-0-0-0-0-0.info",,,,,,,
"2020-08-01 11:33:18","2001:ee0:54ba:4e40:b918:c733:58fb:3af2",45899,"VN","HA NOI",43350,"2a02:1668:1034::2",51088,"NL","NOORD-HOLLAND",80,,"ghost-push",,,,"POST /agp/api/1/ HTTP/1.1",,"g.omlao.com",,,,,,,
"2020-08-01 11:33:52","2402:800:6236:3e41:dc94:b34b:a15b:e561",7552,"VN","QUANG NAM",58499,"2a02:1668:1034::2",51088,"NL","NOORD-HOLLAND",80,,"tsifiri",,,,"GET /DATA HTTP/1.1","Mozilla/4.0 (compatible; MSIE 7.0; Windows NT 6.1; WOW64; Trident/4.0; SLCC2; .NET CLR 2.0.50727; .NET CLR 3.5.30729; .NET CLR 3.0.30729; Media Center PC 6.0; .NET4.0C; .NET4.0E)","2-3-2-4-6-3-8-0-7-6-8-2-3-4-7-8-6-7-5-3-2-0-6-2-0-1-7-3-7-3-6-.0-0-0-0-0-0-0-0-0-0-0-0-0-10-0-0-0-0-0-0-0-0-0-0-0-0-0.info",,,,,,,
"2020-08-01 11:36:32","2001:ee0:54ba:4e40:25a6:abcd:d129:2acf",45899,"VN","HA NOI",45151,"2a02:1668:1034::2",51088,"NL","NOORD-HOLLAND",80,,"ghost-push",,,,"POST /agp/api/1/ HTTP/1.1",,"g.omlao.com",,,,,,,
"2020-08-01 11:38:41","2001:ee0:54ba:4e40:5fd:ca02:39fd:f9f8",45899,"VN","HA NOI",36369,"2a02:1668:1034::2",51088,"NL","NOORD-HOLLAND",80,,"ghost-push",,,,"POST /agp/api/1/ HTTP/1.1",,"g.omlao.com",,,,,,,
"2020-08-01 11:42:40","2402:800:63b6:bdb6:5048:93cd:576f:5f18",7552,"VN","HO CHI MINH",49162,"2a02:1668:1034::2",51088,"NL","NOORD-HOLLAND",80,,"tsifiri",,,,"GET /DATA HTTP/1.1","Mozilla/4.0 (compatible; MSIE 7.0; Windows NT 6.1; Trident/7.0; SLCC2; .NET CLR 2.0.50727; .NET CLR 3.5.30729; .NET CLR 3.0.30729; Media Center PC 6.0; .NET4.0C; .NET4.0E; InfoPath.2; Tablet PC 2.0; GWX:RESERVED)","0-0-0-0-0-0-0-0-0-0-0-0-0-10-0-0-0-0-0-0-0-0-0-0-0-0-0.info",,,,,,,
"2020-08-01 11:43:23","2001:ee0:54ba:4e40:3ca5:2665:d41f:1dd1",45899,"VN","HA NOI",51045,"2a02:1668:1034::2",51088,"NL","NOORD-HOLLAND",80,,"ghost-push",,,,"POST /agp/api/1/ HTTP/1.1",,"g.omlao.com",,,,,,,
"2020-08-01 11:47:25","2402:800:6310:dd94:9c3:bb31:6542:1586",7552,"VN","HO CHI MINH",50140,"2a02:1668:1034::2",51088,"NL","NOORD-HOLLAND",80,,"ramdo",,,,"POST / HTTP/1.1",,"gmumwmiwoqegwiwo.org",,,,,,,
"2020-08-01 11:47:27","2405:4800:109e:ca86:58cb:8dd8:d9c7:63ea",18403,"VN","HA NOI",60729,"2a02:1668:1034::2",51088,"NL","NOORD-HOLLAND",80,,"tsifiri",,,,"GET /DATA HTTP/1.1","Mozilla/4.0 (compatible; MSIE 7.0; Windows NT 6.1; WOW64; Trident/4.0; SLCC2; .NET CLR 2.0.50727; .NET CLR 3.5.30729; .NET CLR 3.0.30729; Media Center PC 6.0; .NET4.0C; .NET4.0E)","5-8-5-3-6-0-6-6-4-1-2-2-7-0-4-6-7-2-8-7-6-8-7-3-1-8-7-6-3-0-1-.0-0-0-0-0-0-0-0-0-0-0-0-0-10-0-0-0-0-0-0-0-0-0-0-0-0-0.info",,,,,,,
"2020-08-01 11:49:32","2001:ee0:54ba:4e40:9d7b:b5f:6d9e:d01b",45899,"VN","HA NOI",47851,"2a02:1668:1034::2",51088,"NL","NOORD-HOLLAND",80,,"ghost-push",,,,"POST /agp/api/1/ HTTP/1.1",,"g.omlao.com",,,,,,,
"2020-08-01 11:52:05","2405:4800:72de:3940:cb5:2973:3e:31e9",18403,"VN","HA NOI",51260,"2a02:1668:1034::2",51088,"NL","NOORD-HOLLAND",80,,"sality",,,,"GET /home.gif?411fd0=34143872 HTTP/1.0","Mozilla/4.0 (compatible; MSIE 7.0b; Windows NT 6.0)","kukutrustnet777.info",,,,,,,
"2020-08-01 11:54:47","2001:ee0:54ba:4e40:fca8:76bf:1fd8:b354",45899,"VN","HA NOI",33790,"2a02:1668:1034::2",51088,"NL","NOORD-HOLLAND",80,,"ghost-push",,,,"POST /agp/api/1/ HTTP/1.1",,"g.omlao.com",,,,,,,
"2020-08-01 12:07:44","2001:ee0:54ba:4e40:439:61cc:2569:d990",45899,"VN","HA NOI",34779,"2a02:1668:1034::2",51088,"NL","NOORD-HOLLAND",80,,"ghost-push",,,,"POST /agp/api/1/ HTTP/1.1",,"g.omlao.com",,,,,,,
"2020-08-01 12:08:57","2402:800:6139:a4b:3118:bc27:13e0:8597",7552,"VN","BAC NINH",52962,"2a02:1668:1034::2",51088,"NL","NOORD-HOLLAND",80,,"sality",,,,"GET /t_100_v400/?rnd=1123770078&id=164193392145694 HTTP/1.1","KUKU v4.00 alpha","www.hkukud123ncs.info",,,,,,,
"2020-08-01 12:09:58","2402:800:417c:25f2:b025:3726:584c:ddd0",7552,"VN","HA NOI",52226,"2a02:1668:1034::2",51088,"NL","NOORD-HOLLAND",80,,"sality",,,,"GET /t_100_v400/?rnd=1936652937&id=11077973752732 HTTP/1.1","KUKU v4.00 alpha","www.g1ikddcvns3sdsal.info",,,,,,,
"2020-08-01 12:21:47","2402:800:634d:159:c482:33c:13c9:2622",7552,"VN","HO CHI MINH",49164,"2a02:1668:1034::2",51088,"NL","NOORD-HOLLAND",80,,"tsifiri",,,,"GET /DATA HTTP/1.1","Mozilla/4.0 (compatible; MSIE 7.0; Windows NT 6.1; WOW64; Trident/7.0; SLCC2; .NET CLR 2.0.50727; .NET CLR 3.5.30729; .NET CLR 3.0.30729; Media Center PC 6.0; .NET4.0C; .NET4.0E)","0-0-0-0-0-0-0-0-0-0-0-0-0-10-0-0-0-0-0-0-0-0-0-0-0-0-0.info",,,,,,,
"2020-08-01 12:26:17","2001:ee0:55eb:4ce0:2835:7706:2deb:3265",45899,"VN","HO CHI MINH",57264,"2a02:1668:1034::2",51088,"NL","NOORD-HOLLAND",80,,"ghost-push",,,,"POST /omla/i/1 HTTP/1.1",,"m.omlao.com",,,,,,,
"2020-08-01 12:27:07","2402:800:6342:40e7:2067:f3c2:70b2:b68c",7552,"VN","AN GIANG",49638,"2a02:1668:1034::2",51088,"NL","NOORD-HOLLAND",80,,"tsifiri",,,,"GET /DATA HTTP/1.1","Mozilla/4.0 (compatible; MSIE 7.0; Windows NT 6.1; Trident/4.0; SLCC2; .NET CLR 2.0.50727; .NET CLR 3.5.30729; .NET CLR 3.0.30729; Media Center PC 6.0; .NET4.0C; .NET4.0E; InfoPath.3)","1-2-3-4-6-3-8-8-5-4-1-3-2-6-9-3-3-8-2-6-6-6-7-8-2-4-8-3-6-4-8-.0-0-0-0-0-0-0-0-0-0-0-0-0-5-0-0-0-0-0-0-0-0-0-0-0-0-0.info",,,,,,,
"2020-08-01 12:34:39","2405:4800:64d5:fe71:48e0:3726:3612:8b2e",18403,"VN","HA NOI",56543,"2a02:1668:1034::2",51088,"NL","NOORD-HOLLAND",80,,"ghost-push",,,,"POST /okla/api/2 HTTP/1.1","Dalvik/1.6.0 (Linux; U; Android 4.2.2; Pioneer_P2 Build/JDQ39)","mk.omkol.com",,,,,,,
"2020-08-01 12:40:39","2001:ee0:4da9:cea0:b4e1:6a7:c48:9cb4",45899,"VN","HA NOI",36663,"2a02:1668:1034::2",51088,"NL","NOORD-HOLLAND",80,,"ghost-push",,,,"POST /okla/api/2 HTTP/1.1","Dalvik/1.6.0 (Linux; U; Android 4.2.2; Life 4.5 Build/JDQ39)","mk.omkol.com",,,,,,,
"2020-08-01 12:45:15","2402:800:6329:5276:dba:9949:2a3:8145",7552,"VN","HA NOI",49170,"2a02:1668:1034::2",51088,"NL","NOORD-HOLLAND",80,,"tsifiri",,,,"GET /DATA HTTP/1.1","Mozilla/4.0 (compatible; MSIE 7.0; Windows NT 6.2; Trident/6.0; .NET4.0E; .NET4.0C; .NET CLR 3.5.30729; .NET CLR 2.0.50727; .NET CLR 3.0.30729)","0-0-0-0-0-0-0-0-0-0-0-0-0-5-0-0-0-0-0-0-0-0-0-0-0-0-0.info",,,,,,,
"2020-08-01 12:52:37","2402:800:6147:2a90:89ef:ac1f:87a4:4076",7552,"VN","HA NOI",46700,"2a02:1668:1034::2",51088,"NL","NOORD-HOLLAND",80,,"tinba",,,,"GET / HTTP/1.1","Mozilla/5.0 (Windows NT 10.0; Win64; x64) AppleWebKit/537.36 (KHTML, like Gecko) Chrome/77.0.3865.90 Safari/537.36","ueepdffhyiiv.me.uk",,,,,,,
"2020-08-01 12:53:05","2001:ee0:4cca:b160:9815:7f5a:987d:a65f",45899,"VN","BINH DINH",49294,"2a02:1668:1034::2",51088,"NL","NOORD-HOLLAND",80,,"sality",,,,"GET /home.gif?3d114=750396 HTTP/1.1","Opera/9.50 (Windows NT 6.0; U; en)","kukutrustnet777.info",,,,,,,
"2020-08-01 13:04:36","2402:800:6100:56b7:a858:6ae5:172b:278",7552,"VN","HAI PHONG",48469,"2a02:1668:1034::2",51088,"NL","NOORD-HOLLAND",80,,"ghost-push",,,,"POST /omla/i/1 HTTP/1.1",,"m.omlao.com",,,,,,,
"2020-08-01 13:07:06","2402:800:623f:4aa3:951a:361b:8c5e:9a2f",7552,"VN","KON TUM",49157,"2a02:1668:1034::2",51088,"NL","NOORD-HOLLAND",80,,"tsifiri",,,,"GET /DATA HTTP/1.1","Mozilla/4.0 (compatible; MSIE 7.0; Windows NT 6.1; Trident/4.0; SLCC2; .NET CLR 2.0.50727; .NET CLR 3.5.30729; .NET CLR 3.0.30729; Media Center PC 6.0; Tablet PC 2.0)","0-0-0-0-0-0-0-0-0-0-0-0-0-10-0-0-0-0-0-0-0-0-0-0-0-0-0.info",,,,,,,
"2020-08-01 13:08:44","2001:ee0:4d03:1150:d0e2:676e:3604:6b8",45899,"VN","HA NOI",2030,"2a02:1668:1034::2",51088,"NL","NOORD-HOLLAND",80,,"sality",,,,"GET /t_100_v400/?rnd=6939578&id=30519536564 HTTP/1.1","KUKU v4.00 alpha","www.inform1ongung.info",,,,,,,
"2020-08-01 13:10:22","2402:800:6100:56b7:9dfc:2ea4:64c7:ec70",7552,"VN","HAI PHONG",57077,"2a02:1668:1034::2",51088,"NL","NOORD-HOLLAND",80,,"ghost-push",,,,"POST /okla/api/1 HTTP/1.1",,"k.omkol.com",,,,,,,
"2020-08-01 13:19:19","2001:ee0:54ba:4e40:99b1:d89:991e:c6ad",45899,"VN","HA NOI",38472,"2a02:1668:1034::2",51088,"NL","NOORD-HOLLAND",80,,"ghost-push",,,,"POST /agp/api/1/ HTTP/1.1",,"g.omlao.com",,,,,,,
"2020-08-01 13:20:32","2402:800:6237:59f5:b0a2:3454:79c7:9afd",7552,"VN","QUANG NGAI",49300,"2a02:1668:1034::2",51088,"NL","NOORD-HOLLAND",80,,"tsifiri",,,,"GET /DATA HTTP/1.1","Mozilla/4.0 (compatible; MSIE 7.0; Windows NT 6.1; WOW64; Trident/7.0; SLCC2; .NET CLR 2.0.50727; .NET CLR 3.5.30729; .NET CLR 3.0.30729; Media Center PC 6.0; .NET4.0C; .NET4.0E)","0-0-0-0-0-0-0-0-0-0-0-0-0-10-0-0-0-0-0-0-0-0-0-0-0-0-0.info",,,,,,,
"2020-08-01 13:23:09","2001:ee0:54ba:4e40:20e1:4de1:c2f9:dad",45899,"VN","HA NOI",37262,"2a02:1668:1034::2",51088,"NL","NOORD-HOLLAND",80,,"ghost-push",,,,"POST /agp/api/1/ HTTP/1.1",,"g.omlao.com",,,,,,,
"2020-08-01 13:26:32","2001:ee0:5771:1e80:4c6e:78c9:1e16:d66a",45899,"VN","BA RIA-VUNG TAU",49722,"2a02:1668:1034::2",51088,"NL","NOORD-HOLLAND",80,,"tsifiri",,,,"GET /DATA HTTP/1.1","Mozilla/4.0 (compatible; MSIE 7.0; Windows NT 6.2; WOW64; Trident/7.0; .NET4.0C; .NET4.0E; .NET CLR 2.0.50727; .NET CLR 3.0.30729; .NET CLR 3.5.30729)","0-0-0-0-0-0-0-0-0-0-0-0-0-5-0-0-0-0-0-0-0-0-0-0-0-0-0.info",,,,,,,
"2020-08-01 13:28:21","2001:ee0:440b:d190:7cbc:2b6e:fb09:3739",45899,"VN","HOA BINH",1672,"2a02:1668:1034::2",51088,"NL","NOORD-HOLLAND",80,,"sality",,,,"GET /mrow30702/?id161171osbie15126 HTTP/1.1","KUKU v3.07 exp","uscwh.lukki6nd2kdnc.info",,,,,,,
"2020-08-01 13:28:43","2405:4800:58f7:4eb1:a8ba:11cf:b73d:9f18",18403,"VN","HO CHI MINH",56580,"2a02:1668:1034::2",51088,"NL","NOORD-HOLLAND",80,,"sality",,,,"GET /__nicke2/?id-206160114018745&rnd=-2134276125 HTTP/1.1","KUKU v3.10 exp","www.inform1ongung.info",,,,,,,
"2020-08-01 13:31:11","2402:800:6311:4e67:6965:97b:fcfa:6579",7552,"VN","HA NOI",57370,"2a02:1668:1034::2",51088,"NL","NOORD-HOLLAND",80,,"tsifiri",,,,"GET /DATA HTTP/1.1","Mozilla/4.0 (compatible; MSIE 7.0; Windows NT 6.2; WOW64; Trident/7.0; .NET4.0C; .NET4.0E)","0-0-0-0-0-0-0-0-0-0-0-0-0-10-0-0-0-0-0-0-0-0-0-0-0-0-0.info",,,,,,,
"2020-08-01 13:41:38","2402:800:6237:59f5:58aa:b987:c4cb:13bf",7552,"VN","QUANG NGAI",50903,"2a02:1668:1034::2",51088,"NL","NOORD-HOLLAND",80,,"tsifiri",,,,"GET /DATA HTTP/1.1","Mozilla/4.0 (compatible; MSIE 7.0; Windows NT 6.1; WOW64; Trident/7.0; SLCC2; .NET CLR 2.0.50727; .NET CLR 3.5.30729; .NET CLR 3.0.30729; Media Center PC 6.0; .NET4.0C; .NET4.0E)","0-0-0-0-0-0-0-0-0-0-0-0-0-10-0-0-0-0-0-0-0-0-0-0-0-0-0.info",,,,,,,
"2020-08-01 13:43:23","2001:ee0:4f97:22a0:48ed:161a:74e4:44c3",45899,"VN","HO CHI MINH",43151,"2a02:1668:1034::2",51088,"NL","NOORD-HOLLAND",80,,"ghost-push",,,,"POST /agp/api/1/ HTTP/1.1",,"g.omlao.com",,,,,,,
"2020-08-01 13:45:06","2402:800:6313:c0d6:846e:cf1c:6d73:ca0a",7552,"VN","HA NOI",49940,"2a02:1668:1034::2",51088,"NL","NOORD-HOLLAND",80,,"tsifiri",,,,"GET /VERSION.TXT HTTP/1.1","Mozilla/4.0 (compatible; MSIE 7.0; Windows NT 6.2; Trident/7.0; .NET4.0C; .NET4.0E; .NET CLR 2.0.50727; .NET CLR 3.0.30729; .NET CLR 3.5.30729)","0-0-0-0-0-1-1-1-0-0-1-0-0-1-1-1-0-0-0-0-1-1-0-1-1-1-1-1-1-1-1-.0-0-0-0-0-0-0-0-0-0-0-0-0-5-0-0-0-0-0-0-0-0-0-0-0-0-0.info",,,,,,,
"2020-08-01 13:45:41","2001:ee0:54bf:8d70:e53f:a536:2df7:943a",45899,"VN","LAM DONG",49158,"2a02:1668:1034::2",51088,"NL","NOORD-HOLLAND",80,,"tsifiri",,,,"GET /DATA HTTP/1.1","Mozilla/4.0 (compatible; MSIE 7.0; Windows NT 6.1; Trident/6.0; SLCC2; .NET CLR 2.0.50727; .NET CLR 3.5.30729; .NET CLR 3.0.30729; Media Center PC 6.0; .NET4.0C)","0-0-0-0-0-0-0-0-0-0-0-0-0-5-0-0-0-0-0-0-0-0-0-0-0-0-0.info",,,,,,,
"2020-08-01 13:54:24","2402:800:63b2:f1ca:49f7:74c5:61f4:17ef",7552,"VN","HA NOI",49251,"2a02:1668:1034::2",51088,"NL","NOORD-HOLLAND",80,,"tsifiri",,,,"GET /DATA HTTP/1.1","Mozilla/4.0 (compatible; MSIE 7.0; Windows NT 6.1; Trident/7.0; SLCC2; .NET CLR 2.0.50727; .NET CLR 3.5.30729; .NET CLR 3.0.30729; Media Center PC 6.0; .NET4.0C; .NET4.0E; Zoom 3.6.0)","0-0-0-0-0-0-0-0-0-0-0-0-0-10-0-0-0-0-0-0-0-0-0-0-0-0-0.info",,,,,,,
"2020-08-01 14:05:54","2402:800:6133:6fa3:9dfc:2ea4:64c7:ec70",7552,"VN","HAI PHONG",33178,"2a02:1668:1034::2",51088,"NL","NOORD-HOLLAND",80,,"ghost-push",,,,"POST /okla/api/1 HTTP/1.1",,"k.omkol.com",,,,,,,
"2020-08-01 14:07:07","2001:ee0:4f51:5910:e934:59dc:f424:edbf",45899,"VN","HO CHI MINH",49157,"2a02:1668:1034::2",51088,"NL","NOORD-HOLLAND",80,,"tsifiri",,,,"GET /DATA HTTP/1.1","Mozilla/4.0 (compatible; MSIE 7.0; Windows NT 6.1; Trident/4.0; GTB7.5; SLCC2; .NET CLR 2.0.50727; .NET CLR 3.5.30729; .NET CLR 3.0.30729; Media Center PC 6.0; InfoPath.2)","0-0-0-0-0-0-0-0-0-0-0-0-0-10-0-0-0-0-0-0-0-0-0-0-0-0-0.info",,,,,,,
"2020-08-01 14:21:37","2001:ee0:48e3:8960:94af:ae4c:8df6:f773",45899,"VN","HAI PHONG",49842,"2a02:1668:1034::2",51088,"NL","NOORD-HOLLAND",80,,"sality",,,,"GET /t_100_v400/?rnd=93765&id=862157864735 HTTP/1.1","KUKU v4.00 alpha","www.inform1ongung.info",,,,,,,
"2020-08-01 14:35:10","2402:800:6374:9c2d:5936:a270:de20:9a81",7552,"VN","HO CHI MINH",56843,"2a02:1668:1034::2",51088,"NL","NOORD-HOLLAND",80,,"sality",,,,"GET /__nicke2/?id26222085929789&rnd=970515406 HTTP/1.1","KUKU v3.10 exp","www.lukki6nd2kdnc.info",,,,,,,
"2020-08-01 15:02:24","2402:800:63ac:f5eb:e511:5c04:890a:aae",7552,"VN","HO CHI MINH",58555,"2a02:1668:1034::2",51088,"NL","NOORD-HOLLAND",80,,"tsifiri",,,,"GET /DATA HTTP/1.1","Mozilla/4.0 (compatible; MSIE 7.0; Windows NT 6.2; Trident/7.0; .NET4.0E; .NET4.0C; .NET CLR 3.5.30729; .NET CLR 2.0.50727; .NET CLR 3.0.30729)","0-0-0-0-0-0-0-0-0-0-0-0-0-10-0-0-0-0-0-0-0-0-0-0-0-0-0.info",,,,,,,
"2020-08-01 15:45:00","2001:ee0:48e3:8960:640c:e4f7:fc24:9238",45899,"VN","HAI PHONG",49877,"2a02:1668:1034::2",51088,"NL","NOORD-HOLLAND",80,,"sality",,,,"GET /t_100_v400/?rnd=103562&id=862157864735 HTTP/1.1","KUKU v4.00 alpha","www.inform1ongung.info",,,,,,,
"2020-08-01 15:56:03","2402:800:6375:f1d1:441:48b1:267b:f19b",7552,"VN","HO CHI MINH",59860,"2a02:1668:1034::2",51088,"NL","NOORD-HOLLAND",80,,"sality",,,,"GET /t_100_v400/?rnd=801451046&id=78627175021908 HTTP/1.1","KUKU v4.00 alpha","www.g1ikddcvns3sdsal.info",,,,,,,
"2020-08-01 16:25:02","2001:ee0:48e3:8960:fc97:eb5c:1d9b:8d32",45899,"VN","HAI PHONG",49875,"2a02:1668:1034::2",51088,"NL","NOORD-HOLLAND",80,,"sality",,,,"GET /t_100_v400/?rnd=100906&id=862157864735 HTTP/1.1","KUKU v4.00 alpha","www.inform1ongung.info",,,,,,,
"2020-08-01 17:11:55","2405:4800:60ef:4e7e:9436:2b56:8030:161a",18403,"VN","BINH DUONG",49158,"2a02:1668:1034::2",51088,"NL","NOORD-HOLLAND",80,,"tsifiri",,,,"GET /DATA HTTP/1.1","Mozilla/4.0 (compatible; MSIE 7.0; Windows NT 6.1; Trident/4.0; SLCC2; .NET CLR 2.0.50727; .NET CLR 3.5.30729; .NET CLR 3.0.30729; Media Center PC 6.0)","0-0-0-0-0-0-0-0-0-0-0-0-0-5-0-0-0-0-0-0-0-0-0-0-0-0-0.info",,,,,,,
"2020-08-01 18:39:33","2001:ee0:48e3:8960:140e:4c7c:8f65:4f4f",45899,"VN","HAI PHONG",49705,"2a02:1668:1034::2",51088,"NL","NOORD-HOLLAND",80,,"sality",,,,"GET /t_100_v400/?rnd=94812&id=862157864735 HTTP/1.1","KUKU v4.00 alpha","www.inform1ongung.info",,,,,,,
"2020-08-01 18:45:33","2001:ee0:48e3:8960:b138:c165:74b:14f7",45899,"VN","HAI PHONG",49878,"2a02:1668:1034::2",51088,"NL","NOORD-HOLLAND",80,,"sality",,,,"GET /t_100_v400/?rnd=103546&id=862157864735 HTTP/1.1","KUKU v4.00 alpha","www.inform1ongung.info",,,,,,,
"2020-08-01 18:56:43","2001:ee0:48e3:8960:b5de:7016:4699:fc36",45899,"VN","HAI PHONG",50633,"2a02:1668:1034::2",51088,"NL","NOORD-HOLLAND",80,,"sality",,,,"GET /t_100_v400/?rnd=773250&id=862157864735 HTTP/1.1","KUKU v4.00 alpha","www.inform1ongung.info",,,,,,,
"2020-08-01 22:09:06","2001:ee0:48e3:8960:8561:300e:f3a8:1138",45899,"VN","HAI PHONG",65201,"2a02:1668:1034::2",51088,"NL","NOORD-HOLLAND",80,,"sality",,,,"GET /t_100_v400/?rnd=12315156&id=862157864735 HTTP/1.1","KUKU v4.00 alpha","www.inform1ongung.info",,,,,,,
"2020-08-01 22:17:17","2402:800:6133:6fa3:e5fe:a0be:3e2b:e6f9",7552,"VN","HAI PHONG",42319,"2a02:1668:1034::2",51088,"NL","NOORD-HOLLAND",80,,"ghost-push",,,,"POST /okla/api/2 HTTP/1.1","Dalvik/1.6.0 (Linux; U; Android 4.4.2; T706-HD-MIPI Build/KOT49H)","mk.omkol.com",,,,,,,
"2020-08-01 22:20:38","2402:800:6133:6fa3:8596:a831:2721:157c",7552,"VN","HAI PHONG",53235,"2a02:1668:1034::2",51088,"NL","NOORD-HOLLAND",80,,"ghost-push",,,,"POST /okla/api/1 HTTP/1.1",,"k.omkol.com",,,,,,,
"2020-08-01 22:23:05","2402:800:6133:6fa3:75a3:f17c:6a2a:40f8",7552,"VN","HAI PHONG",49571,"2a02:1668:1034::2",51088,"NL","NOORD-HOLLAND",80,,"ghost-push",,,,"POST /okla/api/1 HTTP/1.1",,"k.omkol.com",,,,,,,
"2020-08-01 22:25:20","2402:800:6133:6fa3:d035:f8ba:b17f:2728",7552,"VN","HAI PHONG",50530,"2a02:1668:1034::2",51088,"NL","NOORD-HOLLAND",80,,"ghost-push",,,,"POST /okla/api/2 HTTP/1.1","Dalvik/1.6.0 (Linux; U; Android 4.4.2; T706-HD-MIPI Build/KOT49H)","mk.omkol.com",,,,,,,
"2020-08-01 22:29:22","2402:800:6133:6fa3:d7c:1fcc:96e7:5c93",7552,"VN","HAI PHONG",51314,"2a02:1668:1034::2",51088,"NL","NOORD-HOLLAND",80,,"ghost-push",,,,"POST /okla/api/2 HTTP/1.1","Dalvik/1.6.0 (Linux; U; Android 4.4.2; T706-HD-MIPI Build/KOT49H)","mk.omkol.com",,,,,,,
"2020-08-01 22:31:23","2402:800:6133:6fa3:21b6:4232:56ff:2c9c",7552,"VN","HAI PHONG",35669,"2a02:1668:1034::2",51088,"NL","NOORD-HOLLAND",80,,"ghost-push",,,,"POST /okla/api/2 HTTP/1.1","Dalvik/1.6.0 (Linux; U; Android 4.4.2; T706-HD-MIPI Build/KOT49H)","mk.omkol.com",,,,,,,
"2020-08-01 22:33:24","2402:800:6133:6fa3:a4f6:c09e:5c43:9625",7552,"VN","HAI PHONG",60964,"2a02:1668:1034::2",51088,"NL","NOORD-HOLLAND",80,,"ghost-push",,,,"POST /okla/api/2 HTTP/1.1","Dalvik/1.6.0 (Linux; U; Android 4.4.2; T706-HD-MIPI Build/KOT49H)","mk.omkol.com",,,,,,,
"2020-08-01 22:36:54","2402:800:6133:6fa3:ecad:f4d9:244:62f3",7552,"VN","HAI PHONG",38310,"2a02:1668:1034::2",51088,"NL","NOORD-HOLLAND",80,,"ghost-push",,,,"POST /okla/api/1 HTTP/1.1",,"k.omkol.com",,,,,,,
"2020-08-01 22:40:51","2402:800:6133:6fa3:3049:d4a3:17c9:ccac",7552,"VN","HAI PHONG",42162,"2a02:1668:1034::2",51088,"NL","NOORD-HOLLAND",80,,"ghost-push",,,,"POST /okla/api/1 HTTP/1.1",,"k.omkol.com",,,,,,,
"2020-08-01 22:44:53","2402:800:6133:6fa3:7d59:a297:89e9:5fbb",7552,"VN","HAI PHONG",33654,"2a02:1668:1034::2",51088,"NL","NOORD-HOLLAND",80,,"ghost-push",,,,"POST /okla/api/1 HTTP/1.1",,"k.omkol.com",,,,,,,
"2020-08-01 22:50:33","2001:ee0:4f97:22a0:f8c8:b843:5e50:eef4",45899,"VN","HO CHI MINH",38420,"2a02:1668:1034::2",51088,"NL","NOORD-HOLLAND",80,,"ghost-push",,,,"POST /agp/api/1/ HTTP/1.1",,"g.omlao.com",,,,,,,
"2020-08-01 22:53:32","2402:800:6133:6fa3:6826:4b4:5d38:94ff",7552,"VN","HAI PHONG",60662,"2a02:1668:1034::2",51088,"NL","NOORD-HOLLAND",80,,"ghost-push",,,,"POST /okla/api/1 HTTP/1.1",,"k.omkol.com",,,,,,,
"2020-08-01 22:55:34","2402:800:6133:6fa3:748f:5053:8bac:6ede",7552,"VN","HAI PHONG",55478,"2a02:1668:1034::2",51088,"NL","NOORD-HOLLAND",80,,"ghost-push",,,,"POST /okla/api/2 HTTP/1.1","Dalvik/1.6.0 (Linux; U; Android 4.4.2; T706-HD-MIPI Build/KOT49H)","mk.omkol.com",,,,,,,
"2020-08-01 22:57:35","2402:800:6133:6fa3:2433:d0d5:4983:d893",7552,"VN","HAI PHONG",42103,"2a02:1668:1034::2",51088,"NL","NOORD-HOLLAND",80,,"ghost-push",,,,"POST /okla/api/2 HTTP/1.1","Dalvik/1.6.0 (Linux; U; Android 4.4.2; T706-HD-MIPI Build/KOT49H)","mk.omkol.com",,,,,,,
"2020-08-01 22:59:46","2402:800:6133:6fa3:35f6:17e6:486d:ddf0",7552,"VN","HAI PHONG",49283,"2a02:1668:1034::2",51088,"NL","NOORD-HOLLAND",80,,"ghost-push",,,,"POST /okla/api/2 HTTP/1.1","Dalvik/1.6.0 (Linux; U; Android 4.4.2; T706-HD-MIPI Build/KOT49H)","mk.omkol.com",,,,,,,
"2020-08-01 23:00:53","2001:ee0:4f97:22a0:b8e4:61fa:9c92:c76d",45899,"VN","HO CHI MINH",59720,"2a02:1668:1034::2",51088,"NL","NOORD-HOLLAND",80,,"ghost-push",,,,"POST /agp/api/1/ HTTP/1.1",,"g.omlao.com",,,,,,,
"2020-08-01 23:03:47","2402:800:6133:6fa3:4147:86f1:5bd2:8de5",7552,"VN","HAI PHONG",57846,"2a02:1668:1034::2",51088,"NL","NOORD-HOLLAND",80,,"ghost-push",,,,"POST /okla/api/2 HTTP/1.1","Dalvik/1.6.0 (Linux; U; Android 4.4.2; T706-HD-MIPI Build/KOT49H)","mk.omkol.com",,,,,,,
"2020-08-01 23:07:20","2402:800:6133:6fa3:f140:cef3:9711:863d",7552,"VN","HAI PHONG",42919,"2a02:1668:1034::2",51088,"NL","NOORD-HOLLAND",80,,"ghost-push",,,,"POST /okla/api/1 HTTP/1.1",,"k.omkol.com",,,,,,,
"2020-08-01 23:37:40","2402:800:634b:d22c:9974:d414:814d:d58b",7552,"VN","HA NOI",49301,"2a02:1668:1034::2",51088,"NL","NOORD-HOLLAND",80,,"tsifiri",,,,"GET /DATA HTTP/1.1","Mozilla/4.0 (compatible; MSIE 7.0; Windows NT 6.1; Trident/4.0; SLCC2; .NET CLR 2.0.50727; .NET CLR 3.5.30729; .NET CLR 3.0.30729; Media Center PC 6.0; .NET4.0C; Tablet PC 2.0)","1-2-3-4-6-3-8-8-5-4-1-3-2-6-9-3-3-8-2-6-6-6-7-8-2-4-8-3-6-4-8-.0-0-0-0-0-0-0-0-0-0-0-0-0-5-0-0-0-0-0-0-0-0-0-0-0-0-0.info",,,,,,,
"2020-08-01 23:42:22","2405:4800:205e:ec50:1195:46da:9f33:68f",18403,"VN","HA NOI",36616,"2a02:1668:1034::2",51088,"NL","NOORD-HOLLAND",80,,"ghost-push",,,,"POST /okla/api/2 HTTP/1.1","Dalvik/1.6.0 (Linux; U; Android 4.2.2; ME173X Build/JDQ39)","mk.omkol.com",,,,,,,
"2020-08-01 23:53:41","2402:800:63b5:b5b7:2104:7889:2bcc:5e88",7552,"VN","CAN THO",49164,"2a02:1668:1034::2",51088,"NL","NOORD-HOLLAND",80,,"tsifiri",,,,"GET /DATA HTTP/1.1","Mozilla/4.0 (compatible; MSIE 7.0; Windows NT 6.2; WOW64; Trident/7.0; .NET4.0E; .NET4.0C; .NET CLR 3.5.30729; .NET CLR 2.0.50727; .NET CLR 3.0.30729)","0-0-0-0-0-0-0-0-0-0-0-0-0-10-0-0-0-0-0-0-0-0-0-0-0-0-0.info",,,,,,,
"2020-08-01 23:57:27","2001:ee0:55eb:4ce0:9081:54a1:e9e0:4368",45899,"VN","HO CHI MINH",37969,"2a02:1668:1034::2",51088,"NL","NOORD-HOLLAND",80,,"ghost-push",,,,"POST /omla/i/1 HTTP/1.1",,"m.omlao.com",,,,,,,
