timestamp,ip,protocol,port,hostname,tag,version,asn,geo,region,city,naics,sic,ok,name,cluster_name,status,build_hash,build_timestamp,build_snapshot,lucene_version,tagline,sector
8/1/2020 15:44,203.113.174.176,tcp,9200,,elasticsearch,5.6.3,7552,VN,HA NOI,HANOI,517312,,,w2WgRox,elasticsearch,,1a2f265,,FALSE,6.6.1,"You Know, for Search",Communications
8/1/2020 15:44,125.234.136.93,tcp,9200,125.234.136.93.hcm.viettel.vn,elasticsearch,2.4.6,7552,VN,HO CHI MINH,THANH PHO HO CHI MINH,0,,,Forearm,elasticsearch,,5376dca9f70f3abef96a77f4bb22720ace8240fd,2017-07-18T12:17:44Z,FALSE,5.5.4,"You Know, for Search",Communications
8/1/2020 15:44,103.127.207.181,tcp,9200,,elasticsearch,7.8.1,135961,VN,HA NOI,HANOI,0,,,node-1,elasticsearch,,b5ca9c58fb664ca8bf9e4057fc229b3396bf3a89,,FALSE,8.5.1,"You Know, for Search",Communications
8/1/2020 15:45,45.252.248.148,tcp,9200,,elasticsearch,6.7.0,63760,VN,HO CHI MINH,THANH PHO HO CHI MINH,0,,,#NAME?,elasticsearch,,8453f77,,FALSE,7.7.0,"You Know, for Search",Communications
8/1/2020 15:45,113.161.57.171,tcp,9200,static.vnpt.vn,elasticsearch,1.7.6,45899,VN,HO CHI MINH,THANH PHO HO CHI MINH,517311,,,Yellow Claw,elasticsearchDac,200,c730b59357f8ebc555286794dcd90b3411f517c9,2016-11-18T15:21:16Z,FALSE,4.10.4,"You Know, for Search",Communications
8/1/2020 15:45,103.92.26.61,tcp,9200,,elasticsearch,6.3.1,135915,VN,HO CHI MINH,THANH PHO HO CHI MINH,0,,,8ZYhDzB,elasticsearch,,eb782d0,,FALSE,7.3.1,"You Know, for Search",Communications
8/1/2020 15:45,123.31.43.14,tcp,9200,,elasticsearch,0.90.1,45899,VN,HA NOI,HANOI,517311,,TRUE,NgocHoi,,200,,,,4.3,"You Know, for Search",Communications
8/1/2020 15:45,14.225.20.19,tcp,9200,static.vnpt.vn,elasticsearch,5.0.2,135905,VN,HA NOI,HANOI,517311,,,EIDomsu,docker-cluster,,f6b4951,,FALSE,6.2.1,"You Know, for Search",Communications
8/1/2020 15:46,203.205.21.126,tcp,9200,static.cmcti.vn,elasticsearch,6.4.3,45903,VN,HO CHI MINH,THANH PHO HO CHI MINH,0,,,N149-Y1,elasticsearch,,fe40335,,FALSE,7.4.0,"You Know, for Search",Communications
8/1/2020 15:46,222.255.166.41,tcp,9200,static.vnpt.vn,elasticsearch,6.4.1,45899,VN,DA NANG,DA NANG,517311,,,joZ08T2,docker-cluster,,e36acdb,,FALSE,7.4.0,"You Know, for Search",Communications
8/1/2020 15:46,171.244.36.160,tcp,9200,,elasticsearch,6.4.2,38731,VN,HA NOI,HANOI,517312,,,vegacorp-prod-elk-ott.novalocal,production,,04711c2,,FALSE,7.4.0,"You Know, for Search",Communications
8/1/2020 15:46,125.212.226.16,tcp,9200,,elasticsearch,6.8.0,38731,VN,HA NOI,HANOI,517312,,,node-1,elasticsearch-dev,,65b6179,,FALSE,7.7.0,"You Know, for Search",Communications
8/1/2020 15:47,103.92.31.232,tcp,9200,,elasticsearch,7.3.1,56150,VN,HA NOI,HANOI,0,,,445bcb41be3b,docker-cluster,,4749ba6,,FALSE,8.1.0,"You Know, for Search",Communications
8/1/2020 15:47,103.249.103.60,tcp,9200,,elasticsearch,7.8.0,45538,VN,DONG NAI,BIEN HOA,0,,,trade.localdomain,elasticsearch,,757314695644ea9a1dc2fecd26d1a43856725e65,,FALSE,8.5.1,"You Know, for Search",Communications
8/1/2020 15:47,112.109.89.59,tcp,9200,,elasticsearch,7.5.1,55309,VN,HO CHI MINH,THANH PHO HO CHI MINH,0,,,1b829121cdea,docker-cluster,,3ae9ac9a93c95bd0cdc054951cf95d88e1e18d96,,FALSE,8.3.0,"You Know, for Search",Communications
8/1/2020 15:47,202.134.19.106,tcp,9200,static.cmcti.vn,elasticsearch,1.7.6,45903,VN,HA NOI,HANOI,0,,,Kwannon,smartHos,200,c730b59357f8ebc555286794dcd90b3411f517c9,2016-11-18T15:21:16Z,FALSE,4.10.4,"You Know, for Search",Communications
8/1/2020 15:47,103.15.50.254,tcp,9200,,elasticsearch,7.8.0,45538,VN,HO CHI MINH,THANH PHO HO CHI MINH,0,,,WIN-9FFP47GGLGQ,elasticsearch,,757314695644ea9a1dc2fecd26d1a43856725e65,,FALSE,8.5.1,"You Know, for Search",Communications
8/1/2020 15:47,27.71.232.215,tcp,9200,,elasticsearch,6.8.10,7552,VN,HO CHI MINH,THANH PHO HO CHI MINH,517312,,,sYIWuxq,graylog,,537cb22,,FALSE,7.7.3,"You Know, for Search",Communications
8/1/2020 15:47,61.28.233.46,tcp,9200,,elasticsearch,6.7.1,38244,VN,HO CHI MINH,THANH PHO HO CHI MINH,0,,,RQqSlgV,docker-cluster,,2f32220,,FALSE,7.7.0,"You Know, for Search",Communications
8/1/2020 15:47,103.63.213.163,tcp,9200,static-ptr.ehost.vn,elasticsearch,7.5.1,135920,VN,HO CHI MINH,THANH PHO HO CHI MINH,0,,,thegioicongnghiep.local,elasticsearch,,3ae9ac9a93c95bd0cdc054951cf95d88e1e18d96,,FALSE,8.3.0,"You Know, for Search",Communications
8/1/2020 15:47,171.244.9.246,tcp,9200,,elasticsearch,7.5.2,38731,VN,HA NOI,HANOI,517312,,,es01,es-docker-cluster,,8bec50e1e0ad29dad5653712cf3bb580cd1afcdf,,FALSE,8.3.0,"You Know, for Search",Communications
8/1/2020 15:47,124.158.12.228,tcp,9200,,elasticsearch,7.7.1,38733,VN,HO CHI MINH,THANH PHO HO CHI MINH,0,,,date_node_es_8,zuum_viet,,ad56dce891c901a492bb1ee393f12dfff473a423,,FALSE,8.5.1,"You Know, for Search",Communications
8/1/2020 15:47,103.63.213.160,tcp,9200,static-ptr.ehost.vn,elasticsearch,7.5.1,135920,VN,HO CHI MINH,THANH PHO HO CHI MINH,0,,,thegioicongnghiep.local,elasticsearch,,3ae9ac9a93c95bd0cdc054951cf95d88e1e18d96,,FALSE,8.3.0,"You Know, for Search",Communications
8/1/2020 15:47,103.232.120.134,tcp,9200,,elasticsearch,5.6.16,56150,VN,HO CHI MINH,THANH PHO HO CHI MINH,0,,,lpc,lpc-erp,,3a740d1,,FALSE,6.6.1,"You Know, for Search",Communications
8/1/2020 15:48,171.244.37.91,tcp,9200,,elasticsearch,1.7.3,38731,VN,HA NOI,HANOI,517312,,,Sebastian Shaw,elasticsearch,200,NA,NA,FALSE,4.10.4,"You Know, for Search",Communications
8/1/2020 15:48,103.98.152.52,tcp,9200,,elasticsearch,7.7.1,131374,VN,HO CHI MINH,THANH PHO HO CHI MINH,0,,,87f7c8555e3b,docker-cluster,,ad56dce891c901a492bb1ee393f12dfff473a423,,FALSE,8.5.1,"You Know, for Search",Communications
8/1/2020 15:48,210.211.118.204,tcp,9200,,elasticsearch,5.6.16,38731,VN,HO CHI MINH,THANH PHO HO CHI MINH,0,,,Wwl3Rji,elasticsearch,,3a740d1,,FALSE,6.6.1,"You Know, for Search",Communications
8/1/2020 15:48,103.63.213.159,tcp,9200,static-ptr.ehost.vn,elasticsearch,7.5.1,135920,VN,HO CHI MINH,THANH PHO HO CHI MINH,0,,,thegioicongnghiep.local,elasticsearch,,3ae9ac9a93c95bd0cdc054951cf95d88e1e18d96,,FALSE,8.3.0,"You Know, for Search",Communications
8/1/2020 15:48,103.130.218.194,tcp,9200,,elasticsearch,7.6.2,135951,VN,HA NOI,HANOI,0,,,cloud9771.tino.org,elasticsearch,,ef48eb35cf30adf4db14086e8aabd07ef6fb113f,,FALSE,8.4.0,"You Know, for Search",Communications
8/1/2020 15:49,171.244.9.248,tcp,9200,,elasticsearch,7.4.2,38731,VN,HA NOI,HANOI,517312,,,GHD_DEV_248,Logging-DMS,,2f90bbf7b93631e52bafb59b3b049cb44ec25e96,,FALSE,8.2.0,"You Know, for Search",Communications
8/1/2020 15:49,210.211.118.140,tcp,9200,,elasticsearch,7.7.0,38731,VN,HO CHI MINH,THANH PHO HO CHI MINH,0,,,node-1,travel,,81a1e9eda8e6183f5237786246f6dced26a10eaf,,FALSE,8.5.1,"You Know, for Search",Communications
8/1/2020 15:49,203.171.21.21,tcp,9200,static.cmcti.vn,elasticsearch,7.6.2,45903,VN,HA NOI,HANOI,0,,,040cbb583f50,docker-cluster,,ef48eb35cf30adf4db14086e8aabd07ef6fb113f,,FALSE,8.4.0,"You Know, for Search",Communications
8/1/2020 15:49,118.69.196.15,tcp,9200,web01.wifiads.vn,elasticsearch,1.7.3,18403,VN,HO CHI MINH,THANH PHO HO CHI MINH,517311,,,Seamus Mellencamp,elasticsearch,200,05d4530971ef0ea46d0f4fa6ee64dbc8df659682,2015-10-15T09:14:17Z,FALSE,4.10.4,"You Know, for Search",Communications
8/1/2020 15:49,118.69.198.212,tcp,9200,,elasticsearch,6.8.0,18403,VN,HO CHI MINH,THANH PHO HO CHI MINH,517311,,,FHM72uf,elasticsearch,,65b6179,,FALSE,7.7.0,"You Know, for Search",Communications
8/1/2020 15:49,103.63.213.4,tcp,9200,static-ptr.ehost.vn,elasticsearch,7.4.0,135920,VN,HO CHI MINH,THANH PHO HO CHI MINH,0,,,es01,docker-cluster,,22e1767283e61a198cb4db791ea66e3f11ab9910,,FALSE,8.2.0,"You Know, for Search",Communications
8/1/2020 15:50,123.30.50.68,tcp,9200,static.vnpt.vn,elasticsearch,6.1.1,45899,VN,HA NOI,HANOI,517311,,,rnMeSpY,YoData,,bd92e7f,,FALSE,7.1.0,"You Know, for Search",Communications
8/1/2020 15:50,115.165.166.106,tcp,9200,,elasticsearch,5.5.3,45903,VN,HA NOI,HANOI,0,,,sce-db,IONLive_5.5,,9305a5e,,FALSE,6.6.0,"You Know, for Search",Communications
8/1/2020 15:50,61.28.235.90,tcp,9200,,elasticsearch,7.8.1,38244,VN,HO CHI MINH,THANH PHO HO CHI MINH,0,,,sever-pubgm-esport,elasticsearch,,b5ca9c58fb664ca8bf9e4057fc229b3396bf3a89,,FALSE,8.5.1,"You Know, for Search",Communications
8/1/2020 15:50,163.44.207.110,tcp,9200,v163-44-207-110.a006.g.han1.static.cnode.io,elasticsearch,7.3.1,131392,VN,HA NOI,HANOI,0,,,node-1,SummitELK,,4749ba6,,FALSE,8.1.0,"You Know, for Search",Communications
8/1/2020 15:50,123.31.26.154,tcp,9200,static.vnpt.vn,elasticsearch,2.4.1,45899,VN,HA NOI,HANOI,517311,,,Hardnose,elasticsearch,,c67dc32e24162035d18d6fe1e952c4cbcbe79d16,2016-09-27T18:57:55Z,FALSE,5.5.2,"You Know, for Search",Communications
8/1/2020 15:50,171.244.16.233,tcp,9200,,elasticsearch,6.4.3,38731,VN,HO CHI MINH,THANH PHO HO CHI MINH,517312,,,WVx_4Pm,docker-cluster,,fe40335,,FALSE,7.4.0,"You Know, for Search",Communications
8/1/2020 15:51,118.68.170.32,tcp,9200,118-68-170-32.higio.net,elasticsearch,6.8.8,18403,VN,HA NOI,HANOI,517311,,,PNZ6W2o,docker-cluster,,2f4c224,,FALSE,7.7.2,"You Know, for Search",Communications
8/1/2020 15:51,14.225.7.118,tcp,9200,static.vnpt.vn,elasticsearch,6.3.2,135905,VN,HA NOI,HANOI,517311,,,elasticsearchnode-118,elasticsearch,,053779d,,FALSE,7.3.1,"You Know, for Search",Communications
8/1/2020 15:51,103.97.125.72,tcp,9200,no-ptr.123host.vn,elasticsearch,6.8.7,56153,VN,HO CHI MINH,THANH PHO HO CHI MINH,0,,,UwlKgZg,elasticsearch,,c63e621,,FALSE,7.7.2,"You Know, for Search",Communications
8/1/2020 15:51,118.69.66.174,tcp,9200,,elasticsearch,2.4.0,18403,VN,HO CHI MINH,THANH PHO HO CHI MINH,517311,,,my-nextlogix,nextlogix,,ce9f0c7394dee074091dd1bc4e9469251181fc55,2016-08-29T09:14:17Z,FALSE,5.5.2,"You Know, for Search",Communications
8/1/2020 15:51,42.116.35.167,tcp,9200,,elasticsearch,6.8.7,18403,VN,HA NOI,HANOI,517311,,,sqPX8B-,elasticsearch,,c63e621,,FALSE,7.7.2,"You Know, for Search",Communications
8/1/2020 15:51,103.68.252.172,tcp,9200,,elasticsearch,7.3.1,45899,VN,HA NOI,HANOI,0,,,elasticsearch,elasticsearch,,4749ba6,,FALSE,8.1.0,"You Know, for Search",Communications
8/1/2020 15:51,45.251.112.83,tcp,9200,,elasticsearch,7.3.1,45544,VN,HA NOI,HANOI,0,,,3cc2241bcf24,docker-cluster,,4749ba6,,FALSE,8.1.0,"You Know, for Search",Communications
8/1/2020 15:51,113.172.65.77,tcp,9200,static.vnpt.vn,elasticsearch,7.8.1,45899,VN,HO CHI MINH,THANH PHO HO CHI MINH,517311,,,PL-REDIS-ELASTI,elasticsearch,,b5ca9c58fb664ca8bf9e4057fc229b3396bf3a89,,FALSE,8.5.1,"You Know, for Search",Communications
8/1/2020 15:52,117.6.78.185,tcp,9200,,elasticsearch,5.6.16,7552,VN,HA NOI,HANOI,517312,,,ZvHwWts,elasticsearch,,3a740d1,,FALSE,6.6.1,"You Know, for Search",Communications
8/1/2020 15:52,171.244.48.42,tcp,9200,,elasticsearch,7.2.0,38731,VN,HA NOI,HANOI,517312,,,es01,ti-srv-test,,508c38a,,FALSE,8.0.0,"You Know, for Search",Communications
8/1/2020 15:52,171.244.23.102,tcp,9200,,elasticsearch,7.4.0,38731,VN,HO CHI MINH,THANH PHO HO CHI MINH,517312,,,vt1006.sundata.vn,elasticsearch,,22e1767283e61a198cb4db791ea66e3f11ab9910,,FALSE,8.2.0,"You Know, for Search",Communications
8/1/2020 15:52,103.1.210.108,tcp,9200,,elasticsearch,6.1.0,38731,VN,HA NOI,HANOI,0,,,4g_Hk0U,elasticsearch,,c0c1ba0,,FALSE,7.1.0,"You Know, for Search",Communications
8/1/2020 15:52,202.151.169.15,tcp,9200,ci169-15.netnam.vn,elasticsearch,7.6.0,24173,VN,HO CHI MINH,THANH PHO HO CHI MINH,0,,,ELF,ELF,,7f634e9f44834fbc12724506cc1da681b0c3b1e3,,FALSE,8.4.0,"You Know, for Search",Communications
8/1/2020 15:52,103.143.208.120,tcp,9200,,elasticsearch,6.8.8,56150,VN,HA NOI,HANOI,0,,,C1-FsbZ,es-prod,,2f4c224,,FALSE,7.7.2,"You Know, for Search",Communications
8/1/2020 15:53,42.112.27.55,tcp,9200,,elasticsearch,0.90.13,18403,VN,HO CHI MINH,THANH PHO HO CHI MINH,517311,,TRUE,Synch,,200,249c9c5e06765c9e929e92b1d235e1ba4dc679fa,2014-03-25T15:27:12Z,FALSE,4.6,"You Know, for Search",Communications
8/1/2020 15:53,103.9.79.159,tcp,9200,,elasticsearch,7.5.0,45899,VN,HA NOI,HANOI,0,,,es-vina-159,es-cluster-dev,,e9ccaed468e2fac2275a3761849cbee64b39519f,,FALSE,8.3.0,"You Know, for Search",Communications
8/1/2020 15:53,210.211.117.70,tcp,9200,,elasticsearch,6.8.6,38731,VN,HO CHI MINH,THANH PHO HO CHI MINH,0,,,gnENNd8,elasticsearch,,3d9f765,,FALSE,7.7.2,"You Know, for Search",Communications
8/1/2020 15:53,103.90.220.131,tcp,9200,,elasticsearch,6.8.2,135905,VN,HO CHI MINH,THANH PHO HO CHI MINH,0,,,dQ2Zp24,elasticsearch,,b506955,,FALSE,7.7.0,"You Know, for Search",Communications
8/1/2020 15:53,203.162.123.163,tcp,9200,,elasticsearch,1.7.6,45899,VN,HA NOI,HANOI,517311,,,James Proudstar,elasticsearch,200,c730b59357f8ebc555286794dcd90b3411f517c9,2016-11-18T15:21:16Z,FALSE,4.10.4,"You Know, for Search",Communications
8/1/2020 15:53,49.156.53.19,tcp,9200,,elasticsearch,7.8.0,56141,VN,DA NANG,DA NANG,0,,,172.17.38.3,elasticsearch,,757314695644ea9a1dc2fecd26d1a43856725e65,,FALSE,8.5.1,"You Know, for Search",Communications
8/1/2020 15:54,202.143.111.203,tcp,9200,ip.viettelidchcm.com,elasticsearch,7.3.2,56158,VN,HO CHI MINH,THANH PHO HO CHI MINH,0,,,EngineSearch203,elasticsearch,,1c1faf1,,FALSE,8.1.0,"You Know, for Search",Communications
8/1/2020 15:54,210.245.107.43,tcp,9200,,elasticsearch,6.0.0,18403,VN,HO CHI MINH,THANH PHO HO CHI MINH,517311,,,cYy3XBf,elasticsearch,,8f0685b,,FALSE,7.0.1,"You Know, for Search",Communications
8/1/2020 15:54,103.68.251.160,tcp,9200,network.powernet.vn,elasticsearch,6.8.10,135905,VN,HO CHI MINH,THANH PHO HO CHI MINH,0,,,Zt3zj4i,elasticsearch,,537cb22,,FALSE,7.7.3,"You Know, for Search",Communications
8/1/2020 15:54,125.212.215.131,tcp,9200,,elasticsearch,7.6.2,7552,VN,HO CHI MINH,THANH PHO HO CHI MINH,517312,,,node1,ntlogistics-dev,,ef48eb35cf30adf4db14086e8aabd07ef6fb113f,,FALSE,8.4.0,"You Know, for Search",Communications
8/1/2020 15:55,103.249.103.50,tcp,9200,,elasticsearch,6.8.6,45538,VN,DONG NAI,BIEN HOA,0,,,Erfs3Ga,elasticsearch,,3d9f765,,FALSE,7.7.2,"You Know, for Search",Communications
8/1/2020 15:55,27.72.89.79,tcp,9200,,elasticsearch,7.2.0,7552,VN,HA NOI,HANOI,517312,,,e96acb744b14,docker-cluster,,508c38a,,FALSE,8.0.0,"You Know, for Search",Communications
8/1/2020 15:55,123.31.38.171,tcp,9200,static.vnpt.vn,elasticsearch,6.3.2,45899,VN,HA NOI,HANOI,517311,,,Vrl1FfB,elasticsearch,,053779d,,FALSE,7.3.1,"You Know, for Search",Communications
8/1/2020 15:55,14.225.20.12,tcp,9200,static.vnpt.vn,elasticsearch,5.0.2,135905,VN,HA NOI,HANOI,517311,,,EIDomsu,docker-cluster,,f6b4951,,FALSE,6.2.1,"You Know, for Search",Communications
8/1/2020 15:55,27.118.16.107,tcp,9200,,elasticsearch,2.4.6,55313,VN,HO CHI MINH,THANH PHO HO CHI MINH,0,,,Centennial,elasticsearch,,5376dca9f70f3abef96a77f4bb22720ace8240fd,2017-07-18T12:17:44Z,FALSE,5.5.4,"You Know, for Search",Communications
8/1/2020 15:55,103.56.158.143,tcp,9200,,elasticsearch,5.4.1,45899,VN,HAU GIANG,VI THANH,0,,,1Aea9xr,elasticsearch,,2cfe0df,,FALSE,6.5.1,"You Know, for Search",Communications
8/1/2020 15:55,202.134.18.185,tcp,9200,,elasticsearch,7.6.2,45903,VN,HA NOI,HANOI,0,,,S1,elasticsearch,,ef48eb35cf30adf4db14086e8aabd07ef6fb113f,,FALSE,8.4.0,"You Know, for Search",Communications
8/1/2020 15:56,103.145.62.214,tcp,9200,,elasticsearch,7.5.1,135994,VN,HA NOI,HANOI,0,,,b18d041aee78,docker-cluster,,3ae9ac9a93c95bd0cdc054951cf95d88e1e18d96,,FALSE,8.3.0,"You Know, for Search",Communications
8/1/2020 15:56,125.212.254.44,tcp,9200,,elasticsearch,6.8.6,3873,VN,BA RIA-VUNG TAU,VUNG TAU,517312,,,node-1,24hmoney,,3d9f765,,FALSE,7.7.2,"You Know, for Search",Communications
8/1/2020 15:56,14.225.16.104,tcp,9200,,elasticsearch,6.8.8,135905,VN,HA NOI,HANOI,517311,,,node_50.104,betv,,2f4c224,,FALSE,7.7.2,"You Know, for Search",Communications
8/1/2020 15:56,118.68.170.75,tcp,9200,118-68-170-75.higio.net,elasticsearch,1.5.2,18403,VN,HA NOI,HANOI,517311,,,Sundragon,elasticsearch,200,62ff9868b4c8a0c45860bebb259e21980778ab1c,2015-04-27T09:21:06Z,FALSE,4.10.4,"You Know, for Search",Communications
8/1/2020 15:56,103.63.213.162,tcp,9200,static-ptr.ehost.vn,elasticsearch,7.5.1,135920,VN,HO CHI MINH,THANH PHO HO CHI MINH,0,,,thegioicongnghiep.local,elasticsearch,,3ae9ac9a93c95bd0cdc054951cf95d88e1e18d96,,FALSE,8.3.0,"You Know, for Search",Communications
8/1/2020 15:56,1.55.212.210,tcp,9200,1-55-212-210.higio.net,elasticsearch,2.4.6,18403,VN,HA NOI,HANOI,517311,,,Nefarius,elasticsearch,,5376dca9f70f3abef96a77f4bb22720ace8240fd,2017-07-18T12:17:44Z,FALSE,5.5.4,"You Know, for Search",Communications
8/1/2020 15:56,221.132.29.170,tcp,9200,,elasticsearch,1.7.6,45899,VN,HO CHI MINH,THANH PHO HO CHI MINH,517311,,,Server-02,graylog2,200,c730b59357f8ebc555286794dcd90b3411f517c9,2016-11-18T15:21:16Z,FALSE,4.10.4,"You Know, for Search",Communications
8/1/2020 15:56,171.244.26.183,tcp,9200,,elasticsearch,6.3.1,38731,VN,HO CHI MINH,THANH PHO HO CHI MINH,517312,,,nguyenkim-node1,nguyenkim-esc,,eb782d0,,FALSE,7.3.1,"You Know, for Search",Communications
8/1/2020 15:56,103.121.89.131,tcp,9200,,elasticsearch,6.8.10,135967,VN,HA NOI,HANOI,0,,,DSQmvvQ,elasticsearch,,537cb22,,FALSE,7.7.3,"You Know, for Search",Communications
8/1/2020 15:56,115.165.166.83,tcp,9200,,elasticsearch,5.5.3,45903,VN,HA NOI,HANOI,0,,,sce-training,OSDev_5.5,,9305a5e,,FALSE,6.6.0,"You Know, for Search",Communications
8/1/2020 15:56,42.117.3.78,tcp,9200,,elasticsearch,6.6.1,18403,VN,HO CHI MINH,THANH PHO HO CHI MINH,517311,,,eslabnodelb,eslabcluster1,,1fd8f69,,FALSE,7.6.0,"You Know, for Search",Communications
8/1/2020 15:57,103.7.40.198,tcp,9200,mx40198.superdata.vn,elasticsearch,6.8.10,45544,VN,HO CHI MINH,THANH PHO HO CHI MINH,0,,,qB8fCvR,docker-cluster,,537cb22,,FALSE,7.7.3,"You Know, for Search",Communications
8/1/2020 15:57,103.226.249.119,tcp,9200,,elasticsearch,6.1.1,135905,VN,HA NOI,HANOI,0,,,ueWAj22,elasticsearch,,bd92e7f,,FALSE,7.1.0,"You Know, for Search",Communications
8/1/2020 15:57,125.253.113.20,tcp,9200,sv113d20.emailserver.vn,elasticsearch,1.7.6,45538,VN,BAC GIANG,BAC GIANG,0,,,Kormok,elasticsearch,200,c730b59357f8ebc555286794dcd90b3411f517c9,2016-11-18T15:21:16Z,FALSE,4.10.4,"You Know, for Search",Communications
8/1/2020 15:57,103.104.122.233,tcp,9200,static-ptr.vndata.vn,elasticsearch,7.3.2,135932,VN,HA NOI,HANOI,0,,,WIN-0AR2O41A3RQ,elasticsearch,,1c1faf1,,FALSE,8.1.0,"You Know, for Search",Communications
8/1/2020 15:57,42.119.252.92,tcp,9200,,elasticsearch,7.4.1,18403,VN,HA NOI,HANOI,517311,,,be59494eb10e,docker-cluster,,fc0eeb6e2c25915d63d871d344e3d0b45ea0ea1e,,FALSE,8.2.0,"You Know, for Search",Communications
8/1/2020 15:57,42.112.21.7,tcp,9200,,elasticsearch,6.8.2,18403,VN,HA NOI,HANOI,517311,,,ENT3d_6,elasticsearch,,b506955,,FALSE,7.7.0,"You Know, for Search",Communications
8/1/2020 15:57,103.97.125.232,tcp,9200,no-ptr.123host.vn,elasticsearch,2.4.6,56153,VN,HO CHI MINH,THANH PHO HO CHI MINH,0,,,Albert,elasticsearch,,5376dca9f70f3abef96a77f4bb22720ace8240fd,2017-07-18T12:17:44Z,FALSE,5.5.4,"You Know, for Search",Communications
8/1/2020 15:58,203.113.174.171,tcp,9200,,elasticsearch,6.2.4,7552,VN,HA NOI,HANOI,517312,,,VT5tWy3,docker-cluster,,ccec39f,,FALSE,7.2.1,"You Know, for Search",Communications
8/1/2020 15:58,125.212.226.15,tcp,9200,,elasticsearch,6.8.0,38731,VN,HA NOI,HANOI,517312,,,node-3,elasticsearch-dev,,65b6179,,FALSE,7.7.0,"You Know, for Search",Communications
8/1/2020 15:58,14.225.20.16,tcp,9200,static.vnpt.vn,elasticsearch,7.3.1,135905,VN,HA NOI,HANOI,517311,,,test_erp,elasticsearch,,4749ba6,,FALSE,8.1.0,"You Know, for Search",Communications
8/1/2020 15:58,42.113.207.184,tcp,9200,,elasticsearch,6.8.6,18403,VN,HA NOI,HANOI,517311,,,node-master,ecoticsearch,,3d9f765,,FALSE,7.7.2,"You Know, for Search",Communications
8/1/2020 15:58,123.30.237.84,tcp,9200,static.vnpt.vn,elasticsearch,1.6.0,45899,VN,HA NOI,HANOI,517311,,,Skywalker,elasticsearch,200,cdd3ac4dde4f69524ec0a14de3828cb95bbb86d0,2015-06-09T13:36:34Z,FALSE,4.10.4,"You Know, for Search",Communications
8/1/2020 15:58,42.112.21.198,tcp,9200,,elasticsearch,7.8.1,18403,VN,HA NOI,HANOI,517311,,,b3889ddc8ead,docker-cluster,,b5ca9c58fb664ca8bf9e4057fc229b3396bf3a89,,FALSE,8.5.1,"You Know, for Search",Communications
8/1/2020 15:58,103.249.103.41,tcp,9200,,elasticsearch,6.8.6,45538,VN,DONG NAI,BIEN HOA,0,,,Erfs3Ga,elasticsearch,,3d9f765,,FALSE,7.7.2,"You Know, for Search",Communications
8/1/2020 15:59,61.14.237.87,tcp,9200,,elasticsearch,5.6.0,63731,VN,HO CHI MINH,THANH PHO HO CHI MINH,0,,,_fWmcpE,elasticsearch,,781a835,,FALSE,6.6.0,"You Know, for Search",Communications
8/1/2020 15:59,103.206.217.82,tcp,9200,,elasticsearch,2.3.1,63735,VN,HO CHI MINH,THANH PHO HO CHI MINH,0,,,main,shop,,bd980929010aef404e7cb0843e61d0665269fc39,2016-04-04T12:25:05Z,FALSE,5.5.0,"You Know, for Search",Communications
8/1/2020 15:59,171.244.11.44,tcp,9200,,elasticsearch,5.3.2,38731,VN,HA NOI,HANOI,517312,,,l71dqAm,elasticsearch,,3068195,,FALSE,6.4.2,"You Know, for Search",Communications
8/1/2020 15:59,103.142.139.231,tcp,9200,,elasticsearch,7.8.0,63731,VN,HA NOI,HANOI,0,,,103.142.139.231,elas-cluster,,757314695644ea9a1dc2fecd26d1a43856725e65,,FALSE,8.5.1,"You Know, for Search",Communications
8/1/2020 15:59,202.134.19.57,tcp,9200,static.cmcti.vn,elasticsearch,7.2.0,45903,VN,HA NOI,HANOI,0,,,node-57,kidtopi-dev,,508c38a,,FALSE,8.0.0,"You Know, for Search",Communications
8/1/2020 15:59,103.126.156.122,tcp,9200,,elasticsearch,7.1.1,135958,VN,HA NOI,HANOI,0,,,node-3,tracking,,7a013de,,FALSE,8.0.0,"You Know, for Search",Communications
8/1/2020 15:59,125.212.226.13,tcp,9200,,elasticsearch,6.8.0,38731,VN,HA NOI,HANOI,517312,,,node-2,elasticsearch-dev,,65b6179,,FALSE,7.7.0,"You Know, for Search",Communications
8/1/2020 15:59,210.211.124.20,tcp,9200,,elasticsearch,7.0.1,38731,VN,HO CHI MINH,THANH PHO HO CHI MINH,0,,,localhost.localdomain,elasticsearch,,e4efcb5,,FALSE,8.0.0,"You Know, for Search",Communications
8/1/2020 16:00,210.245.95.63,tcp,9200,,elasticsearch,1.5.2,18403,VN,HA NOI,HANOI,517311,,,Xemnu the Titan,elasticsearch,200,62ff9868b4c8a0c45860bebb259e21980778ab1c,2015-04-27T09:21:06Z,FALSE,4.10.4,"You Know, for Search",Communications
8/1/2020 16:00,183.91.11.119,tcp,9200,static.cmcti.vn,elasticsearch,2.2.2,45903,VN,HA NOI,HANOI,0,,,Jackpot,elasticsearch,,fcc01dd81f4de6b2852888450ce5a56436fd5852,2016-03-29T08:49:35Z,FALSE,5.4.1,"You Know, for Search",Communications
8/1/2020 16:00,103.221.220.158,tcp,9200,,elasticsearch,6.8.2,18403,VN,HO CHI MINH,THANH PHO HO CHI MINH,0,,,Kiicrbe,elasticsearch,,b506955,,FALSE,7.7.0,"You Know, for Search",Communications
8/1/2020 16:00,210.211.101.193,tcp,9200,,elasticsearch,6.4.0,38731,VN,HO CHI MINH,THANH PHO HO CHI MINH,0,,,dz8BgCo,elasticsearch,,595516e,,FALSE,7.4.0,"You Know, for Search",Communications
8/1/2020 16:00,113.161.64.177,tcp,9200,static.vnpt.vn,elasticsearch,7.6.2,45899,VN,HO CHI MINH,THANH PHO HO CHI MINH,517311,,,node-1,my-HCM-ELK,,ef48eb35cf30adf4db14086e8aabd07ef6fb113f,,FALSE,8.4.0,"You Know, for Search",Communications
8/1/2020 16:00,1.55.215.47,tcp,9200,1-55-215-47.higio.net,elasticsearch,2.4.6,18403,VN,HAI PHONG,HAI PHONG,517311,,,Nefarius,elasticsearch,,5376dca9f70f3abef96a77f4bb22720ace8240fd,2017-07-18T12:17:44Z,FALSE,5.5.4,"You Know, for Search",Communications
8/1/2020 16:00,45.117.171.254,tcp,9200,mx171254.superdata.vn,elasticsearch,6.8.10,45544,VN,HA NOI,HANOI,0,,,sfp9F83,elasticsearch,,537cb22,,FALSE,7.7.3,"You Know, for Search",Communications
8/1/2020 16:01,125.253.127.15,tcp,9200,,elasticsearch,6.2.3,45538,VN,BAC GIANG,BAC GIANG,0,,,125.253.127.15,nongnghiepapp,,c988a13,,FALSE,7.2.1,"You Know, for Search",Communications
8/1/2020 16:01,112.137.130.59,tcp,9200,,elasticsearch,0.90.11,45542,VN,HA NOI,HANOI,0,,TRUE,Maxam,,200,11da1bacf39cec400fd97581668acb2c5450516c,2014-02-03T15:27:39Z,FALSE,4.6,"You Know, for Search",Communications
8/1/2020 16:01,203.171.20.194,tcp,9200,static.cmcti.vn,elasticsearch,7.3.1,45903,VN,HA NOI,HANOI,0,,,WIN-BMOJEEV1U7D,elasticsearch,,4749ba6,,FALSE,8.1.0,"You Know, for Search",Communications
8/1/2020 16:01,103.98.160.50,tcp,9200,,elasticsearch,2.4.4,135922,VN,HO CHI MINH,THANH PHO HO CHI MINH,0,,,Thin Man,elasticsearch,,fcbb46dfd45562a9cf00c604b30849a6dec6b017,2017-01-03T11:33:16Z,FALSE,5.5.2,"You Know, for Search",Communications
8/1/2020 16:01,118.69.190.70,tcp,9200,,elasticsearch,6.2.4,18403,VN,HO CHI MINH,THANH PHO HO CHI MINH,517311,,,node-3.28,thomson,,ccec39f,,FALSE,7.2.1,"You Know, for Search",Communications
8/1/2020 16:01,14.161.35.34,tcp,9200,static.vnpt.vn,elasticsearch,7.2.0,45899,VN,HO CHI MINH,THANH PHO HO CHI MINH,517311,,,e87ac2ec4115,docker-cluster,,508c38a,,FALSE,8.0.0,"You Know, for Search",Communications
8/1/2020 16:02,183.91.11.11,tcp,9200,static.cmcti.vn,elasticsearch,6.5.4,45903,VN,HA NOI,HANOI,0,,,node-1,sim38,,d2ef93d,,FALSE,7.5.0,"You Know, for Search",Communications
8/1/2020 16:02,103.121.88.252,tcp,9200,,elasticsearch,6.2.4,135967,VN,HA NOI,HANOI,0,,,BKNS_Support,BKNS,,ccec39f,,FALSE,7.2.1,"You Know, for Search",Communications
8/1/2020 16:02,103.104.123.98,tcp,9200,static-ptr.vndata.vn,elasticsearch,7.8.0,135932,VN,HA NOI,HANOI,0,,,c013554dde25,docker-cluster,,757314695644ea9a1dc2fecd26d1a43856725e65,,FALSE,8.5.1,"You Know, for Search",Communications
8/1/2020 16:02,118.69.18.217,tcp,9200,,elasticsearch,6.8.9,18403,VN,HA NOI,HANOI,517311,,,g-GB3DS,opentrace,,be2c7bf,,FALSE,7.7.3,"You Know, for Search",Communications
8/1/2020 16:02,61.14.233.46,tcp,9200,no-ptr.123host.vn,elasticsearch,7.3.0,45899,VN,HO CHI MINH,THANH PHO HO CHI MINH,0,,,linux.280619.novalocal,elasticsearch,,de777fa,,FALSE,8.1.0,"You Know, for Search",Communications
8/1/2020 16:02,14.232.215.140,tcp,9200,static.vnpt.vn,elasticsearch,7.4.0,45899,VN,HA NOI,HANOI,517311,,,VTVID,elasticsearch,,22e1767283e61a198cb4db791ea66e3f11ab9910,,FALSE,8.2.0,"You Know, for Search",Communications
8/1/2020 16:02,103.249.103.31,tcp,9200,,elasticsearch,6.8.7,45538,VN,DONG NAI,BIEN HOA,0,,,NAXrcFh,elasticsearch,,c63e621,,FALSE,7.7.2,"You Know, for Search",Communications
8/1/2020 16:03,112.78.11.31,tcp,9200,11-31.static.v1server.com,elasticsearch,2.4.6,45538,VN,HO CHI MINH,THANH PHO HO CHI MINH,0,,,Kurt Wagner,elasticsearch,,5376dca9f70f3abef96a77f4bb22720ace8240fd,2017-07-18T12:17:44Z,FALSE,5.5.4,"You Know, for Search",Communications
8/1/2020 16:03,124.158.15.8,tcp,9200,,elasticsearch,1.7.3,38733,VN,HO CHI MINH,THANH PHO HO CHI MINH,0,,,Kem Horkus,es-pep-pre,200,05d4530971ef0ea46d0f4fa6ee64dbc8df659682,2015-10-15T09:14:17Z,FALSE,4.10.4,"You Know, for Search",Communications
8/1/2020 16:03,124.158.12.221,tcp,9200,,elasticsearch,7.6.2,38733,VN,HO CHI MINH,THANH PHO HO CHI MINH,0,,,06a92ba78194,docker-cluster,,ef48eb35cf30adf4db14086e8aabd07ef6fb113f,,FALSE,8.4.0,"You Know, for Search",Communications
8/1/2020 16:03,103.216.113.81,tcp,9200,,elasticsearch,7.5.2,63765,VN,HA NOI,HANOI,0,,,de0d236d09a4,docker-cluster,,8bec50e1e0ad29dad5653712cf3bb580cd1afcdf,,FALSE,8.3.0,"You Know, for Search",Communications
8/1/2020 16:03,171.244.0.1,tcp,9200,,elasticsearch,7.3.1,38731,VN,HA NOI,HANOI,517312,,,node-1,ekingdom,,4749ba6,,FALSE,8.1.0,"You Know, for Search",Communications
8/1/2020 16:03,123.31.20.81,tcp,9200,static.vnpt.vn,elasticsearch,7.1.1,45899,VN,HA NOI,HANOI,517311,,,btsmedia.vn,elasticsearch,,7a013de,,FALSE,8.0.0,"You Know, for Search",Communications
8/1/2020 16:03,103.151.238.205,tcp,9200,,elasticsearch,2.2.2,38245,VN,HA NOI,HANOI,0,,,Sultan,elasticsearch,,fcc01dd81f4de6b2852888450ce5a56436fd5852,2016-03-29T08:49:35Z,FALSE,5.4.1,"You Know, for Search",Communications
8/1/2020 16:03,171.244.48.115,tcp,9200,,elasticsearch,2.3.1,38731,VN,HA NOI,HANOI,517312,,,node-1,elasticsearch,,bd980929010aef404e7cb0843e61d0665269fc39,2016-04-04T12:25:05Z,FALSE,5.5.0,"You Know, for Search",Communications
8/1/2020 16:03,115.165.166.217,tcp,9200,,elasticsearch,5.6.14,45903,VN,HA NOI,HANOI,0,,,bot-1,tradecircle1,,f310fe9,,FALSE,6.6.1,"You Know, for Search",Communications
8/1/2020 16:03,210.245.8.12,tcp,9200,,elasticsearch,6.8.7,18403,VN,HA NOI,HANOI,517311,,,FkWbhdX,zota-elastic-search,,c63e621,,FALSE,7.7.2,"You Know, for Search",Communications
8/1/2020 16:03,61.28.236.72,tcp,9200,,elasticsearch,6.7.1,38244,VN,HO CHI MINH,THANH PHO HO CHI MINH,0,,,1kkCzk4,docker-cluster,,2f32220,,FALSE,7.7.0,"You Know, for Search",Communications
8/1/2020 16:03,103.74.121.156,tcp,9200,sv121156.bkns.vn,elasticsearch,7.6.1,135967,VN,HA NOI,HANOI,0,,,WIN-GJOLFOIHPFF,elasticsearch,,aa751e09be0a5072e8570670309b1f12348f023b,,FALSE,8.4.0,"You Know, for Search",Communications
8/1/2020 16:04,103.70.29.54,tcp,9200,,elasticsearch,7.5.1,63761,VN,HO CHI MINH,THANH PHO HO CHI MINH,333995,,,es-node-3,ureka_uconnect,,3ae9ac9a93c95bd0cdc054951cf95d88e1e18d96,,FALSE,8.3.0,"You Know, for Search",Communications
8/1/2020 16:04,203.113.174.175,tcp,9200,,elasticsearch,5.6.4,7552,VN,HA NOI,HANOI,517312,,,Sg3D8fj,elasticsearch,,8bbedf5,,FALSE,6.6.1,"You Know, for Search",Communications
8/1/2020 16:04,210.245.8.11,tcp,9200,,elasticsearch,6.8.10,18403,VN,HA NOI,HANOI,517311,,,1Qzoz8Q,zota-es,,537cb22,,FALSE,7.7.3,"You Know, for Search",Communications
8/1/2020 16:04,125.212.218.194,tcp,9200,,elasticsearch,7.8.0,7552,VN,HO CHI MINH,THANH PHO HO CHI MINH,517312,,,d506c55181f3,docker-cluster,,757314695644ea9a1dc2fecd26d1a43856725e65,,FALSE,8.5.1,"You Know, for Search",Communications
8/1/2020 16:04,113.161.92.162,tcp,9200,static.vnpt.vn,elasticsearch,6.5.1,45899,VN,HO CHI MINH,THANH PHO HO CHI MINH,517311,,,T4fSZHb,elasticsearch,,8c58350,,FALSE,7.5.0,"You Know, for Search",Communications
8/1/2020 16:04,103.220.68.79,tcp,9200,,elasticsearch,6.7.2,63746,VN,HA NOI,HANOI,0,,,XFwHwUV,elasticsearch,,56c6e48,,FALSE,7.7.0,"You Know, for Search",Communications
8/1/2020 16:04,45.124.92.119,tcp,9200,,elasticsearch,7.3.0,45899,VN,HUNG YEN,HUNG YEN,0,,,gxxx-elastic-1,gxxx,,de777fa,,FALSE,8.1.0,"You Know, for Search",Communications
8/1/2020 16:04,103.137.4.62,tcp,9200,,elasticsearch,7.5.1,18403,VN,HA NOI,HANOI,0,,,a46f22c8079c,docker-cluster,,3ae9ac9a93c95bd0cdc054951cf95d88e1e18d96,,FALSE,8.3.0,"You Know, for Search",Communications
8/1/2020 16:04,103.249.103.18,tcp,9200,,elasticsearch,6.8.8,45538,VN,DONG NAI,BIEN HOA,0,,,MmlAFlw,elasticsearch,,2f4c224,,FALSE,7.7.2,"You Know, for Search",Communications
8/1/2020 16:04,27.118.22.14,tcp,9200,,elasticsearch,5.4.3,55313,VN,HA NOI,HANOI,0,,,e93HzEJ,elasticsearch,,eed30a8,,FALSE,6.5.1,"You Know, for Search",Communications
8/1/2020 16:05,171.244.48.46,tcp,9200,,elasticsearch,7.3.1,38731,VN,HA NOI,HANOI,517312,,,9e2f3f6980fc,docker-cluster,,4749ba6,,FALSE,8.1.0,"You Know, for Search",Communications
8/1/2020 16:05,45.119.85.217,tcp,9200,,elasticsearch,5.6.0,131386,VN,HA NOI,HANOI,0,,,WIN-1GT0S1EFGAS,elasticsearch,,781a835,,FALSE,6.6.0,"You Know, for Search",Communications
8/1/2020 16:05,42.112.27.31,tcp,9200,,elasticsearch,7.6.2,18403,VN,HO CHI MINH,THANH PHO HO CHI MINH,517311,,,d43c5d9e34fb,docker-cluster,,ef48eb35cf30adf4db14086e8aabd07ef6fb113f,,FALSE,8.4.0,"You Know, for Search",Communications
8/1/2020 16:05,103.63.213.161,tcp,9200,static-ptr.ehost.vn,elasticsearch,7.5.1,135920,VN,HO CHI MINH,THANH PHO HO CHI MINH,0,,,thegioicongnghiep.local,elasticsearch,,3ae9ac9a93c95bd0cdc054951cf95d88e1e18d96,,FALSE,8.3.0,"You Know, for Search",Communications
8/1/2020 16:05,42.112.20.237,tcp,9200,,elasticsearch,7.1.1,18403,VN,HA NOI,HANOI,517311,,,c907aa78f5e9,docker-cluster,,7a013de,,FALSE,8.0.0,"You Know, for Search",Communications
8/1/2020 16:05,14.225.20.22,tcp,9200,static.vnpt.vn,elasticsearch,5.0.2,135905,VN,HA NOI,HANOI,517311,,,Tca5cNC,docker-cluster,,f6b4951,,FALSE,6.2.1,"You Know, for Search",Communications
8/1/2020 16:05,103.226.250.26,tcp,9200,,elasticsearch,7.8.1,135905,VN,HA NOI,HANOI,0,,,gdata,elasticsearch,,b5ca9c58fb664ca8bf9e4057fc229b3396bf3a89,,FALSE,8.5.1,"You Know, for Search",Communications
8/1/2020 16:05,27.118.22.53,tcp,9200,,elasticsearch,5.5.2,55313,VN,HA NOI,HANOI,0,,,JpVlFnO,elasticsearch,,b2f0c09,,FALSE,6.6.0,"You Know, for Search",Communications
8/1/2020 16:05,45.119.81.76,tcp,9200,,elasticsearch,5.6.3,131386,VN,HO CHI MINH,THANH PHO HO CHI MINH,0,,,WIN-S452DS18V0T,elasticsearch,,1a2f265,,FALSE,6.6.1,"You Know, for Search",Communications
8/1/2020 16:05,125.253.127.16,tcp,9200,alomragri.vn,elasticsearch,6.2.3,45538,VN,BAC GIANG,BAC GIANG,0,,,125.253.127.16,nongnghiepapp,,ed38560,,FALSE,7.2.1,"You Know, for Search",Communications
8/1/2020 16:05,45.119.80.49,tcp,9200,,elasticsearch,5.6.0,131386,VN,HO CHI MINH,THANH PHO HO CHI MINH,0,,,WINDOWS2012-001,elasticsearch,,781a835,,FALSE,6.6.0,"You Know, for Search",Communications
8/1/2020 16:05,103.68.70.245,tcp,9200,,elasticsearch,2.4.0,18403,VN,HO CHI MINH,THANH PHO HO CHI MINH,0,,,Medusa,elasticsearch,,ce9f0c7394dee074091dd1bc4e9469251181fc55,2016-08-29T09:14:17Z,FALSE,5.5.2,"You Know, for Search",Communications
8/1/2020 16:06,118.70.171.240,tcp,9200,,elasticsearch,7.7.0,18403,VN,HA NOI,HANOI,517311,,,WIN-4465B0F5LMK,elasticsearch,,81a1e9eda8e6183f5237786246f6dced26a10eaf,,FALSE,8.5.1,"You Know, for Search",Communications
8/1/2020 16:07,103.249.100.38,tcp,9200,,elasticsearch,6.7.2,45538,VN,DONG NAI,BIEN HOA,0,,,node-1,kicy-application,,56c6e48,,FALSE,7.7.0,"You Know, for Search",Communications
8/1/2020 16:07,125.212.209.163,tcp,9200,,elasticsearch,7.8.0,7552,VN,HO CHI MINH,THANH PHO HO CHI MINH,517312,,,node-1,production-cluster,,757314695644ea9a1dc2fecd26d1a43856725e65,,FALSE,8.5.1,"You Know, for Search",Communications
8/1/2020 16:07,14.225.20.29,tcp,9200,static.vnpt.vn,elasticsearch,5.0.2,135905,VN,HA NOI,HANOI,517311,,,EIDomsu,docker-cluster,,f6b4951,,FALSE,6.2.1,"You Know, for Search",Communications
8/1/2020 16:07,103.124.92.213,tcp,9200,,elasticsearch,1.7.3,131353,VN,HA NOI,HANOI,0,,,Johnny Storm,elasticsearch,200,05d4530971ef0ea46d0f4fa6ee64dbc8df659682,2015-10-15T09:14:17Z,FALSE,4.10.4,"You Know, for Search",Communications
8/1/2020 16:07,125.212.226.12,tcp,9200,,elasticsearch,6.8.0,38731,VN,HA NOI,HANOI,517312,,,node-0,elasticsearch-dev,,65b6179,,FALSE,7.7.0,"You Know, for Search",Communications
8/1/2020 16:07,221.132.27.186,tcp,9200,,elasticsearch,2.4.4,45899,VN,HO CHI MINH,THANH PHO HO CHI MINH,517311,,,Tesse_1,Tesse,,fcbb46dfd45562a9cf00c604b30849a6dec6b017,2017-01-03T11:33:16Z,FALSE,5.5.2,"You Know, for Search",Communications
8/1/2020 16:07,45.117.165.98,tcp,9200,,elasticsearch,2.2.2,45538,VN,HA NOI,HANOI,0,,,3-D Man,elasticsearch,,fcc01dd81f4de6b2852888450ce5a56436fd5852,2016-03-29T08:49:35Z,FALSE,5.4.1,"You Know, for Search",Communications
8/1/2020 16:08,27.72.29.41,tcp,9200,dynamic-ip-adsl.viettel.vn,elasticsearch,7.4.0,7552,VN,HA NOI,HANOI,517312,,,f482f21896aa,docker-cluster,,22e1767283e61a198cb4db791ea66e3f11ab9910,,FALSE,8.2.0,"You Know, for Search",Communications
8/1/2020 16:08,115.146.122.61,tcp,9200,,elasticsearch,1.7.3,38732,VN,HA NOI,HANOI,0,,,William Baker,elasticsearch,200,05d4530971ef0ea46d0f4fa6ee64dbc8df659682,2015-10-15T09:14:17Z,FALSE,4.10.4,"You Know, for Search",Communications
8/1/2020 16:08,14.248.82.90,tcp,9200,,elasticsearch,7.3.1,45899,VN,HA NOI,HANOI,517311,,,elasticsearch-es-8467f6cb-vqbrz,elasticsearch-es,,4749ba6,,FALSE,8.1.0,"You Know, for Search",Communications
