timestamp,ip,protocol,port,hostname,tag,version,asn,geo,region,city,naics,sic,git_sha1,git_dirty_flag,build_id,mode,os,architecture,multiplexing_api,gcc_version,process_id,run_id,uptime,connected_clients,sector
8/1/2020 19:19,157.119.251.206,tcp,6379,,redis,5.0.7,135944,VN,HO CHI MINH,THANH PHO HO CHI MINH,0,,0,0,825c96d6c798641,standalone,Linux 3.10.0-1127.el7.x86_64 x86_64,,epoll,8.3.0,1,43903832723e2902471cbc10fb65105ff8b2a900,435947,3,Information Technology
8/1/2020 19:19,61.14.238.163,tcp,6379,,redis,5.0.7,63731,VN,HO CHI MINH,THANH PHO HO CHI MINH,0,,0,0,636cde3b5c7a3923,standalone,Linux 5.4.0-37-generic x86_64,,epoll,9.2.1,758,96b1b525d4b7b5931f60a1c45f85c86c7cb3b265,635727,1,Communications
8/1/2020 19:19,14.225.3.52,tcp,6379,,redis,6.0.4,45899,VN,HA NOI,HANOI,517311,,0,0,d5d470262d47f1a0,standalone,Linux 3.10.0-1127.8.2.el7.x86_64 x86_64,,epoll,8.3.0,1,376c0ccf1ef673704c7df6f388803d51d6e2abfd,5501290,36,Communications
8/1/2020 19:19,118.69.196.112,tcp,6379,,redis,3.0.504,18403,VN,HO CHI MINH,THANH PHO HO CHI MINH,517311,,0,0,a4f7a6e86f2d60b3,standalone,Windows,,WinSock_IOCP,,4592,0fff775c262c45412ebb7fa713c14b5bb2cacdd2,399739,5,Communications
8/1/2020 19:19,222.252.22.130,tcp,6379,static.vnpt-hanoi.com.vn,redis,5.0.6,45899,VN,HA NOI,HANOI,517311,,0,0,c3d7ebb6b1a2844b,cluster,Linux 3.10.0-1062.1.2.el7.x86_64 x86_64,,epoll,4.8.5,2452,7d09970c49c040dff1b3698b67fa6ddb6b527071,3517202,1,Communications
8/1/2020 19:19,45.118.145.123,tcp,6379,,redis,6.0.5,131414,VN,BAC NINH,BAC NINH,0,,0,0,db63ea56716d515f,standalone,Linux 4.15.0-99-generic x86_64,,epoll,8.3.0,1,0bf2da157018a27984914770f9a8cfbe46794871,1936956,2,Communications
8/1/2020 19:19,125.212.193.69,tcp,6379,,redis,3.2.12,38731,VN,HA NOI,HANOI,517312,,0,0,b2d74fe5fff7657d,standalone,Linux 2.6.32-754.24.3.el6.x86_64 x86_64,,epoll,4.4.7,58629,58dc45b8500a9bc871e41e74e232cbaca13bdab3,16720186,1,Communications
8/1/2020 19:19,103.221.223.152,tcp,6379,www.vitaminsea.vn,redis,5.0.9,18403,VN,HO CHI MINH,THANH PHO HO CHI MINH,0,,0,0,599348814c01830d,standalone,Linux 4.15.0 x86_64,,epoll,9.3.0,1,06ab089a834f5b8a9b83d768b37b09532caaaa29,220381,1,Communications
8/1/2020 19:19,103.104.123.51,tcp,6379,static-ptr.vndata.vn,redis,5.0.9,135932,VN,HA NOI,HANOI,0,,0,0,c781f6fafb441952,standalone,Linux 3.10.0-1062.18.1.el7.x86_64 x86_64,,epoll,8.3.0,1,a1124a4c9ee74b9e0af01af492594fbad151f46f,505873,1,Communications
8/1/2020 19:20,222.255.174.37,tcp,6379,static.vnpt.vn,redis,3.2.12,45899,VN,DA NANG,DA NANG,517311,,0,0,7897e7d0e13773f,standalone,Linux 3.10.0-957.el7.x86_64 x86_64,,epoll,4.8.5,9450,9463eaca7e4b83c1b718886a1e419dc01f111b3a,42316,1,Communications
8/1/2020 19:20,124.158.12.177,tcp,6379,vnit-services.com,redis,3.0.504,38733,VN,HO CHI MINH,THANH PHO HO CHI MINH,0,,0,0,a4f7a6e86f2d60b3,standalone,Windows,,WinSock_IOCP,,2412,2a70b06b5425cbb7a18bd5612bb2be58f0b1eeec,2219,1,Communications
8/1/2020 19:20,171.244.142.44,tcp,6379,,redis,2.8.210,7552,VN,HA NOI,HANOI,517312,,0,0,83ad777ec89a946b,standalone,Windows,,winsock_IOCP,,1492,0fd0e5a5acb579f02f395c624d60acb44258a005,1693329,3,Communications
8/1/2020 19:21,1.55.215.47,tcp,6379,1-55-215-47.higio.net,redis,3.2.12,18403,VN,HAI PHONG,HAI PHONG,517311,,0,0,7897e7d0e13773f,standalone,Linux 3.10.0-957.5.1.el7.x86_64 x86_64,,epoll,4.8.5,10679,ee5e2ad3ccc5fd400453f3b3fc12d1da06c28ded,928317,1,Communications
8/1/2020 19:21,103.199.6.191,tcp,6379,,redis,6.0.6,56155,VN,HO CHI MINH,THANH PHO HO CHI MINH,0,,0,0,e1758574e18403c5,standalone,Linux 4.4.0-186-generic x86_64,,epoll,5.4.0,3641,1ea20bf4a20b10670968dbf9f5b5703b5b1e9234,202588,2,Communications
8/1/2020 19:21,103.98.160.24,tcp,6379,,redis,3.0.501,135922,VN,HO CHI MINH,THANH PHO HO CHI MINH,0,,0,0,ba05b51e58eb9205,standalone,Windows,,WinSock_IOCP,,1752,d8425c42d8821c8c25e8c9b691faacb96051de6b,2166321,6,Communications
8/1/2020 19:21,103.109.43.129,tcp,6379,,redis,6.0.5,135905,VN,HA NOI,HANOI,0,,0,0,efcacada99594620,standalone,Linux 4.15.0-46-generic x86_64,,epoll,8.3.0,1,00f5df94e5da658a17f1a8b9d611c209918a7d8f,1137234,37,Communications
8/1/2020 19:21,157.119.251.95,tcp,6379,,redis,6.0.3,135944,VN,HO CHI MINH,THANH PHO HO CHI MINH,0,,0,0,eb1391459d1a8dbb,standalone,Linux 3.10.0-1127.el7.x86_64 x86_64,,epoll,8.3.1,7041,6de2c2388a51bdab028663056e87a75a861dd240,3238480,5,Information Technology
8/1/2020 19:21,210.245.8.11,tcp,6379,,redis,3.2.12,18403,VN,HA NOI,HANOI,517311,,0,0,7897e7d0e13773f,standalone,Linux 3.10.0-1062.el7.x86_64 x86_64,,epoll,4.8.5,15207,ed853313fceb924457c274c6c9cfc1d8d4e1de77,4290994,2,Communications
8/1/2020 19:21,171.244.33.160,tcp,6379,,redis,3.0.503,38731,VN,HA NOI,HANOI,517312,,0,0,d14575c6134f877,standalone,Windows,,WinSock_IOCP,,1576,af2a6e707f919b38b2bb2f3fe7b3ee59f763ce6a,3229773,9,Communications
8/1/2020 19:21,112.213.86.108,tcp,6379,mx86108.superdata.vn,redis,3.0.6,45544,VN,HO CHI MINH,THANH PHO HO CHI MINH,0,,0,0,7785291a3d2152db,standalone,Linux 4.4.0-150-generic x86_64,,epoll,5.4.0,1039,a4389b551dc00d8632792aac63c2493f7a0f97ef,12129661,8,Communications
8/1/2020 19:21,58.186.75.74,tcp,6379,58-186-75-xxx-dynamic.hcm.fpt.vn,redis,5.9.101,18403,VN,HO CHI MINH,THANH PHO HO CHI MINH,517311,,0,0,d7b6f1c8be3c4f0a,standalone,Linux 5.4.0-42-generic x86_64,,epoll,8.3.0,1,2cda7de34d2eff75cff201aecbcea52ed889fa31,144383,11,Communications
8/1/2020 19:21,124.158.4.13,tcp,6379,,redis,3.0.7,38732,VN,HA NOI,HANOI,0,,0,0,9608eaf6bab769c5,standalone,Linux 3.10.0-693.el7.x86_64 x86_64,,epoll,4.9.2,1,a3e09a01143a29bda0b93530c027b150147972f6,2910481,17,Communications
8/1/2020 19:21,45.119.85.7,tcp,6379,,redis,3.0.504,131386,VN,HA NOI,HANOI,0,,0,0,a4f7a6e86f2d60b3,standalone,Windows,,WinSock_IOCP,,1388,7626a4e1b4ec509cb9c6905cc91158b46804e5bf,4454197,15,Communications
8/1/2020 19:21,103.130.219.92,tcp,6379,,redis,6.0.6,135951,VN,HA NOI,HANOI,0,,0,0,97204d6a2bf74d2c,standalone,Linux 3.10.0-1062.12.1.vz7.131.10 x86_64,,epoll,8.3.0,1,3fec5144b68cb1df663bec018ba1bc9cc41c00d7,84773,17,Communications
8/1/2020 19:22,103.216.127.168,tcp,6379,,redis,3.2.12,135944,VN,HO CHI MINH,THANH PHO HO CHI MINH,0,,0,0,7897e7d0e13773f,standalone,Linux 3.10.0 x86_64,,epoll,4.8.5,15003,ce0175f3f5a2946d05868a2929780e42f59152d3,3144159,1,Communications
8/1/2020 19:22,45.124.95.163,tcp,6379,,redis,5.9.104,45899,VN,HUNG YEN,HUNG YEN,0,,0,0,8840294149362ed6,standalone,Linux 4.15.0-46-generic x86_64,,epoll,9.2.0,1,e73587bf66377c3b4ce5381cbe425aea69a1f374,5673221,1,Communications
8/1/2020 19:22,210.245.89.25,tcp,6379,,redis,3.0.504,18403,VN,HA NOI,HANOI,517311,,0,0,a4f7a6e86f2d60b3,standalone,Windows,,WinSock_IOCP,,1304,16294a117579cefff17c46a4412df3a13285c147,8270346,26,Communications
8/1/2020 19:22,113.190.45.132,tcp,6379,dynamic.vdc.vn,redis,3.0.504,45899,VN,HA NOI,HANOI,517311,,0,0,a4f7a6e86f2d60b3,standalone,Windows,,WinSock_IOCP,,2964,4436f909c200f9abcda9789391db72a9ac0d3170,123538,1,Communications
8/1/2020 19:22,171.244.22.93,tcp,6379,,redis,3.2.12,38731,VN,HO CHI MINH,THANH PHO HO CHI MINH,517312,,0,0,7897e7d0e13773f,standalone,Linux 3.10.0-1062.12.1.el7.x86_64 x86_64,,epoll,4.8.5,1396,2c2b14216d6799cd1e46930d25c15ba488db8fff,12276898,17,Communications
8/1/2020 19:22,103.74.121.159,tcp,6379,sv121159.bkns.vn,redis,3.0.504,135967,VN,HA NOI,HANOI,0,,0,0,a4f7a6e86f2d60b3,standalone,Windows,,WinSock_IOCP,,1952,1b0fc9b9ba2d3e78aea632d3149d126ac53677db,5458688,19,Communications
8/1/2020 19:23,118.69.118.147,tcp,6379,,redis,3.0.6,18403,VN,HA NOI,HANOI,517311,,0,0,7785291a3d2152db,standalone,Linux 4.4.0-174-generic x86_64,,epoll,5.4.0,1242,d8c5f93e34708247ed7e7b280e2cc84e10994a99,14304461,316,Communications
8/1/2020 19:23,123.31.45.201,tcp,6379,static.vnpt.vn,redis,3.2.12,45899,VN,HA NOI,HANOI,517311,,0,0,7897e7d0e13773f,standalone,Linux 3.10.0-862.9.1.el7.x86_64 x86_64,,epoll,4.8.5,14148,5e1790a6cd53c3a2c3abfd563f8b40a8604220e4,6364727,7,Communications
8/1/2020 19:23,113.190.232.104,tcp,6379,static.vnpt.vn,redis,6.0.1,45899,VN,HA NOI,HANOI,517311,,0,0,925f85c34ce34cdd,standalone,Linux 5.3.0-62-generic x86_64,,epoll,8.3.0,1,d7dbcec81bf85b86c5ab633e7f4b49345a2dc91a,2206693,2,Communications
8/1/2020 19:23,203.171.20.211,tcp,6379,static.cmcti.vn,redis,3.2.12,45903,VN,HA NOI,HANOI,0,,0,0,7897e7d0e13773f,standalone,Linux 3.10.0-957.el7.x86_64 x86_64,,epoll,4.8.5,30705,9ca48189b702744891e295fbc22abda53b6d5874,227170,4,Communications
8/1/2020 19:23,103.143.209.192,tcp,6379,,redis,6.0.5,56150,VN,HA NOI,HANOI,0,,0,0,db63ea56716d515f,standalone,Linux 4.15.0-65-generic x86_64,,epoll,8.3.0,1,03390ee1e4c0ff706a4114e78c29a0f433317c5f,9501,17,Communications
8/1/2020 19:23,45.122.221.83,tcp,6379,,redis,3.2.100,56150,VN,HA NOI,HANOI,0,,0,0,dd26f1f93c5130ee,standalone,Windows,,WinSock_IOCP,,1352,12e745717d41597267775ca44dc8e0ec494c3612,1580878,4,Communications
8/1/2020 19:24,150.95.113.77,tcp,6379,v150-95-113-77.a013.g.han1.static.cnode.io,redis,5.0.6,131392,VN,HA NOI,HANOI,0,,0,0,24cefa6406f92a1f,standalone,Linux 3.10.0-862.2.3.el7.x86_64 x86_64,,epoll,8.3.0,1,c6a245ee588201ba7806aef3dd342e5a68ac922e,899623,1,Communications
8/1/2020 19:24,103.57.222.211,tcp,6379,,redis,5.0.8,45899,VN,HA NOI,HANOI,0,,0,0,eafe84eb3330af7e,standalone,Linux 4.15.0-106-generic x86_64,,epoll,9.2.0,1,46affab5d3a99ada0aaf7acea775bce2d25ccec2,4052675,1,Communications
8/1/2020 19:24,103.90.220.79,tcp,6379,,redis,3.0.503,135905,VN,HO CHI MINH,THANH PHO HO CHI MINH,0,,0,0,d14575c6134f877,standalone,Windows,,WinSock_IOCP,,2212,2c5880f89992a59c681ccd9bc870394b847522c1,2019615,7,Communications
8/1/2020 19:24,124.158.12.228,tcp,6379,,redis,3.2.12,38733,VN,HO CHI MINH,THANH PHO HO CHI MINH,0,,0,0,7897e7d0e13773f,standalone,Linux 3.10.0-1062.9.1.el7.x86_64 x86_64,,epoll,4.8.5,2592,c8414ae52acfb172a18fe5049de8c995aa63037f,4623265,46,Communications
8/1/2020 19:24,45.117.169.174,tcp,6379,mx169174.superdata.vn,redis,6.0.4,45544,VN,HA NOI,HANOI,0,,0,0,d5d470262d47f1a0,standalone,Linux 4.15.0-22-generic x86_64,,epoll,8.3.0,1,8bb8b022811c38f5965e104c12bb33ac1028055b,210898,23,Communications
8/1/2020 19:24,103.147.186.43,tcp,6379,,redis,3.2.12,131378,VN,HA NOI,HANOI,0,,0,0,7897e7d0e13773f,standalone,Linux 3.10.0-957.10.1.el7.x86_64 x86_64,,epoll,4.8.5,1371,d96bcfc30399d476a039d41bf1c83539ce3c7240,2112254,1,Communications
8/1/2020 19:24,222.255.168.179,tcp,6379,static.vnpt.vn,redis,2.8.19,45899,VN,DA NANG,DA NANG,517311,,0,0,9968db13395be4aa,standalone,Windows,,winsock_IOCP,0.0.0,1540,3a21ad649e4fcb689392e7dcf22ca83f10d35811,34291,2,Communications
8/1/2020 19:24,118.71.0.166,tcp,6379,mail.dms.gov.vn,redis,6.0.1,18403,VN,HA NOI,HANOI,517311,,0,0,2ba45b213f4a563d,standalone,Linux 3.10.0-1062.18.1.el7.x86_64 x86_64,,epoll,8.3.1,2717,e32786a8f292a58d5b5e0a59c37c8db949c906e3,5311492,3,Communications
8/1/2020 19:24,118.27.192.152,tcp,6379,v118-27-192-152.bokg.static.cnode.io,redis,3.0.504,131392,VN,HA NOI,HANOI,0,,0,0,a4f7a6e86f2d60b3,standalone,Windows,,WinSock_IOCP,,3788,61481c51aafdfc8d6b8bb29c02d92b54b9de4b67,132917,9,Communications
8/1/2020 19:25,103.249.103.60,tcp,6379,,redis,6.0.6,45538,VN,DONG NAI,BIEN HOA,0,,0,0,3f4720fbc51b9c9,standalone,Linux 3.10.0-1127.13.1.el7.x86_64 x86_64,,epoll,8.3.1,1045,4b12e67d619a95ae76ce4512c354e1c546626b95,61445,9,Communications
8/1/2020 19:25,103.229.192.224,tcp,6379,static.vietnamhost.com.vn,redis,3.0.504,131404,VN,HO CHI MINH,THANH PHO HO CHI MINH,0,,0,0,a4f7a6e86f2d60b3,standalone,Windows,,WinSock_IOCP,,1704,86ac4695d0ef7ac493541ae8459f4b3b9bf56410,13115265,290,Communications
8/1/2020 19:25,103.130.218.185,tcp,6379,nckit.xyz,redis,6.0.6,135951,VN,HA NOI,HANOI,0,,0,0,97204d6a2bf74d2c,standalone,Linux 3.10.0-1062.12.1.vz7.131.10 x86_64,,epoll,8.3.0,1,0610f137c3660db22ff3063ff5fbd0aad7d1676e,86410,21,Communications
8/1/2020 19:25,103.130.219.142,tcp,6379,,redis,5.0.9,135951,VN,HA NOI,HANOI,0,,0,0,659de0c1cd73c807,standalone,Linux 4.15.0 x86_64,,epoll,8.3.0,1,b5919640b26d405665cf3c40877f9159b0fc7ae5,1953275,1,Communications
8/1/2020 19:25,123.30.127.133,tcp,6379,static.vnpt.vn,redis,4.0.9,7643,VN,HA NOI,HANOI,517311,,0,0,9435c3c2879311f3,standalone,Linux 4.15.0-108-generic x86_64,,epoll,7.4.0,1181,08f4aabe94be17cfa4a690b61ffe819f9ee957bf,2565450,2,Communications
8/1/2020 19:25,202.143.111.228,tcp,6379,ip.viettelidchcm.com,redis,4.0.9,56158,VN,HO CHI MINH,THANH PHO HO CHI MINH,0,,0,0,9435c3c2879311f3,standalone,Linux 4.15.0-112-generic x86_64,,epoll,7.4.0,1032,10b1bbdbce857ed1de6ae0b293a4d5b74c67c409,313461,8,Communications
8/1/2020 19:25,103.130.219.109,tcp,6379,,redis,6.0.5,135951,VN,HA NOI,HANOI,0,,0,0,db63ea56716d515f,standalone,Linux 3.10.0 x86_64,,epoll,8.3.0,1,d7000a2e53fb6b1f5a977b767ee13ba05cccd634,4285739,26,Communications
8/1/2020 19:25,113.22.52.62,tcp,6379,,redis,6.0.4,18403,VN,HA NOI,HANOI,517311,,0,0,d5d470262d47f1a0,standalone,Linux 3.10.0-1127.el7.x86_64 x86_64,,epoll,8.3.0,1,02eae69ed7d5680aeb892936655d9c87a508c246,659384,7,Communications
8/1/2020 19:25,183.91.14.168,tcp,6379,static.cmcti.vn,redis,3.0.504,38732,VN,HA NOI,HANOI,0,,0,0,a4f7a6e86f2d60b3,standalone,Windows,,WinSock_IOCP,,1704,5a70442d7b01a65e6999ac17e3b5e4469c2ab8bc,989275,5,Communications
8/1/2020 19:25,119.82.135.143,tcp,6379,static.cmcti.vn,redis,4.0.9,45903,VN,HO CHI MINH,THANH PHO HO CHI MINH,0,,0,0,9435c3c2879311f3,standalone,Linux 4.15.0-111-generic x86_64,,epoll,7.4.0,5460,52b8f030e4b965699f3b85a2c1769c187c02fe35,1314564,2,Communications
8/1/2020 19:26,118.69.81.47,tcp,6379,,redis,3.0.504,18403,VN,HO CHI MINH,THANH PHO HO CHI MINH,517311,,0,0,a4f7a6e86f2d60b3,standalone,Windows,,WinSock_IOCP,,16308,0f5a3c3627fd4843dda89189bada63488cecef9e,2114085,6,Communications
8/1/2020 19:26,103.1.238.166,tcp,6379,mx238166.superdata.vn,redis,6.0.1,45544,VN,HA NOI,HANOI,0,,0,0,4935af324665042b,standalone,Linux 4.15.0-22-generic x86_64,,epoll,8.3.0,1,68bbf5717ac5d0469e050c1c10addfcb354ce4f3,6621184,2,Communications
8/1/2020 19:26,103.237.144.223,tcp,6379,,redis,3.0.504,131414,VN,HA NOI,HANOI,0,,0,0,a4f7a6e86f2d60b3,standalone,Windows,,WinSock_IOCP,,1888,78c11c321798183584c99f66aa37d74fbe8f13fd,12822567,37,Communications
8/1/2020 19:26,123.21.184.106,tcp,6379,,redis,4.0.9,45899,VN,HA NOI,HANOI,517311,,0,0,9435c3c2879311f3,standalone,Linux 5.3.0-1018-raspi2 aarch64,,epoll,7.4.0,5181,82b7e1c8c7139784da8e0e1deb1ca6104ab4b9d1,120591,3,Communications
8/1/2020 19:26,45.119.212.43,tcp,6379,,redis,3.0.503,131423,VN,HA NOI,HANOI,0,,0,0,d14575c6134f877,standalone,Windows,,WinSock_IOCP,,2028,a0f0cde4b6d7c50e7fef47d640ce0e2d1272e3e0,984022,3,Communications
8/1/2020 19:26,14.225.2.153,tcp,6379,mail.newinvoice.com.vn,redis,3.0.504,45899,VN,HA NOI,HANOI,517311,,0,0,a4f7a6e86f2d60b3,standalone,Windows,,WinSock_IOCP,,5680,30541a68e9532491599a705b1be2c6a64817e147,6778486,17,Communications
8/1/2020 19:26,171.244.9.47,tcp,6379,,redis,3.0.504,38731,VN,HA NOI,HANOI,517312,,0,0,a4f7a6e86f2d60b3,standalone,Windows,,WinSock_IOCP,,1236,0da67ff9f47a1a5a3b06860672ce9f521011d5f8,7134419,12,Communications
8/1/2020 19:27,103.226.249.192,tcp,6379,,redis,3.0.504,135905,VN,HA NOI,HANOI,0,,0,0,a4f7a6e86f2d60b3,standalone,Windows,,WinSock_IOCP,,4180,361f1981e46121ddc049526d06666d1c511b100a,535006,1,Communications
8/1/2020 19:27,103.229.193.206,tcp,6379,static.vietnamhost.com.vn,redis,4.0.9,131404,VN,HO CHI MINH,THANH PHO HO CHI MINH,0,,0,0,9435c3c2879311f3,standalone,Linux 4.15.0-108-generic x86_64,,epoll,7.4.0,16358,d2ad293d07d309d5688dc49bf93a58d51530b38b,2217991,6,Communications
8/1/2020 19:27,14.225.19.60,tcp,6379,static.vnpt.vn,redis,6.0.5,135905,VN,HA NOI,HANOI,517311,,0,0,db63ea56716d515f,standalone,Linux 3.10.0-957.21.3.el7.x86_64 x86_64,,epoll,8.3.0,1,1393fbf335495e87e0ebf6786621b2908da8f6b7,887267,13,Communications
8/1/2020 19:27,42.117.4.158,tcp,6379,,redis,3.0.504,18403,VN,HO CHI MINH,THANH PHO HO CHI MINH,517311,,0,0,a4f7a6e86f2d60b3,standalone,Windows,,WinSock_IOCP,,1620,97c06650947b3b422f27d4b52b6bef0f3b6908d4,3309907,6,Communications
8/1/2020 19:27,14.225.5.178,tcp,6379,,redis,3.2.100,135905,VN,HA NOI,HANOI,517311,,0,0,dd26f1f93c5130ee,standalone,Windows,,WinSock_IOCP,,2844,e650f11837334d75f270e660dac97f6bced8d14f,39407,1,Communications
8/1/2020 19:28,45.119.83.81,tcp,6379,,redis,3.2.100,131386,VN,HO CHI MINH,THANH PHO HO CHI MINH,0,,0,0,dd26f1f93c5130ee,standalone,Windows,,WinSock_IOCP,,14784,ef4e5b66b88ffe3b7594dd3a57054e4f83b16835,8881,1,Communications
8/1/2020 19:28,118.70.206.204,tcp,6379,,redis,3.2.12,18403,VN,HA NOI,HANOI,517311,,0,0,7897e7d0e13773f,standalone,Linux 3.10.0-862.14.4.el7.x86_64 x86_64,,epoll,4.8.5,1543,416b4c2a23309726f0490175981e58feb8c2c397,202688,11,Communications
8/1/2020 19:28,103.142.25.233,tcp,6379,,redis,4.0.14,135951,VN,HA NOI,HANOI,0,,0,0,371a1f9ebdabb6e7,standalone,Linux 3.10.0-1127.13.1.el7.x86_64 x86_64,,epoll,6.3.0,1,49e6e86127e504c178327a00194a37977b921aa7,351238,1,Communications
8/1/2020 19:28,123.31.45.113,tcp,6379,static.vnpt.vn,redis,3.2.12,45899,VN,HA NOI,HANOI,517311,,0,0,b2d74fe5fff7657d,standalone,Linux 2.6.32-754.3.5.el6.x86_64 x86_64,,epoll,4.4.7,3965,fe82434ab1ed52b63bd537362f226cad6132886a,11358822,1,Communications
8/1/2020 19:28,119.82.135.237,tcp,6379,static.cmcti.vn,redis,6.0.5,45903,VN,HO CHI MINH,THANH PHO HO CHI MINH,0,,0,0,db63ea56716d515f,standalone,Linux 3.10.0-957.el7.x86_64 x86_64,,epoll,8.3.0,1,a2079eb4ffee1c9728fa40600e6cf71ee24c8c22,2383236,1,Communications
8/1/2020 19:28,103.56.156.147,tcp,6379,,redis,5.0.5,45899,VN,HA NOI,HANOI,0,,0,0,24f9cd9802bc0a06,standalone,Linux 4.4.0-179-generic x86_64,,epoll,6.3.0,1,b4d8bb62ea01a513c4c56d2f3aa52d38b78bcdb1,4611385,1,Communications
8/1/2020 19:28,45.117.169.181,tcp,6379,mx169181.superdata.vn,redis,6.0.1,45544,VN,HA NOI,HANOI,0,,0,0,4935af324665042b,standalone,Linux 4.15.0-22-generic x86_64,,epoll,8.3.0,1,adae04db4536f862d47162493be79bc84e0a2e3d,216873,39,Communications
8/1/2020 19:28,202.134.19.57,tcp,6379,static.cmcti.vn,redis,5.0.3,45903,VN,HA NOI,HANOI,0,,0,0,b67e011aea7b1f55,standalone,Linux 4.4.0-53-generic x86_64,,epoll,5.4.0,1487,201538edbeba7126766d03100a294ea7e0ef8183,28154123,24,Communications
8/1/2020 19:28,103.150.0.54,tcp,6379,,redis,6.0.5,135902,VN,HA NOI,HANOI,0,,0,0,db63ea56716d515f,standalone,Linux 5.3.0-51-generic x86_64,,epoll,8.3.0,1,0d9fcdd85acf26dabd94c0e5bec9e45ed07fc317,1531511,9,Communications
8/1/2020 19:28,1.53.252.211,tcp,6379,,redis,6.0.6,18403,VN,DA NANG,DA NANG,517311,,0,0,97204d6a2bf74d2c,standalone,Linux 4.4.0-178-generic x86_64,,epoll,8.3.0,1,fd982178aac3c5a0097d802fe974e21dcd33c4c2,30845,8,Communications
8/1/2020 19:28,210.245.83.66,tcp,6379,,redis,6.0.6,18403,VN,HA NOI,HANOI,517311,,0,0,97204d6a2bf74d2c,standalone,Linux 3.10.0-1127.13.1.el7.x86_64 x86_64,,epoll,8.3.0,1,99f90fcd4d99c77dfd6d2316a84fee5bbedcdc29,206389,1,Communications
8/1/2020 19:28,203.171.20.70,tcp,6379,static.cmcti.vn,redis,3.0.504,45903,VN,HA NOI,HANOI,0,,0,0,a4f7a6e86f2d60b3,standalone,Windows,,WinSock_IOCP,,2036,0507db3f051487dea282b0c81caf22feb9597cba,1600950,4,Communications
8/1/2020 19:28,14.241.38.4,tcp,6379,static.vnpt.vn,redis,3.0.504,45899,VN,BAC NINH,BAC NINH,517311,,0,0,a4f7a6e86f2d60b3,standalone,Windows,,WinSock_IOCP,,3104,7418f44a09a76b3959e4b9f52eb8048e862e46ff,498868,3,Communications
8/1/2020 19:29,103.21.150.73,tcp,6379,,redis,2.8.4,38732,VN,HA NOI,HANOI,0,,0,0,645b61b5aa39f6b1,standalone,Linux 3.16.0-30-generic x86_64,,epoll,4.8.4,5772,0bb270c20cc1f1b39135a03175d859894ee5b5a8,9741892,46,Communications
8/1/2020 19:29,150.95.109.81,tcp,6379,v150-95-109-81.a00b.g.han1.static.cnode.io,redis,3.0.504,131392,VN,HA NOI,HANOI,0,,0,0,a4f7a6e86f2d60b3,standalone,Windows,,WinSock_IOCP,,1108,6fb7280a5139d9460e1e28922a531f51050cc502,34027109,95,Communications
8/1/2020 19:29,45.119.81.215,tcp,6379,,redis,3.2.12,131386,VN,HO CHI MINH,THANH PHO HO CHI MINH,0,,0,0,b2d74fe5fff7657d,standalone,Linux 2.6.32-754.14.2.el6.x86_64 x86_64,,epoll,4.4.7,1540,88868864e1fbdc6ff77019d74f43c738b6517b88,489277,1,Communications
8/1/2020 19:29,42.117.7.18,tcp,6379,,redis,3.0.504,18403,VN,HO CHI MINH,THANH PHO HO CHI MINH,517311,,0,0,a4f7a6e86f2d60b3,standalone,Windows,,WinSock_IOCP,,1836,2ad759d166abfc1fbed115169d01698df2f048a3,2778585,16,Communications
8/1/2020 19:29,103.27.62.61,tcp,6379,,redis,3.2.12,56150,VN,VINH LONG,TAN BINH,0,,0,0,7897e7d0e13773f,standalone,Linux 3.10.0-1062.12.1.el7.x86_64 x86_64,,epoll,4.8.5,1169,3bd6ebc06658a2abcd4d15400f75c665efc40204,2802775,1,Communications
8/1/2020 19:29,42.112.16.159,tcp,6379,,redis,3.2.8,18403,VN,HA NOI,HANOI,517311,,0,0,d54206add7cdd64a,standalone,Linux 2.6.32-696.el6.x86_64 x86_64,,epoll,4.4.7,2041,d3bb6a936184bf0db892c1b16c76311c2cca0b5d,79701265,1,Communications
8/1/2020 19:29,203.205.21.136,tcp,6379,static.cmcti.vn,redis,3.2.100,45903,VN,HO CHI MINH,THANH PHO HO CHI MINH,0,,0,0,dd26f1f93c5130ee,standalone,Windows,,WinSock_IOCP,,952,c8278807b914e51ba3fca6fb4cb7f603ba97597b,145096,21,Communications
8/1/2020 19:29,202.134.19.227,tcp,6379,static.cmcti.vn,redis,4.0.9,45903,VN,HA NOI,HANOI,0,,0,0,9435c3c2879311f3,standalone,Linux 4.15.0-91-generic x86_64,,epoll,7.4.0,1004,9aefed9a0beb63d786390cb6d59d17af93a50a1b,11674974,1,Communications
8/1/2020 19:29,125.212.254.29,tcp,6379,,redis,2.8.240,3873,VN,BA RIA-VUNG TAU,VUNG TAU,517312,,0,0,5b5b8d41b2049c5,standalone,Windows,,winsock_IOCP,,2180,58c93b53c972f8b68878d9be96e9e37485c63eff,23469392,75,Communications
8/1/2020 19:30,103.221.220.129,tcp,6379,,redis,4.0.9,18403,VN,HO CHI MINH,THANH PHO HO CHI MINH,0,,0,0,9435c3c2879311f3,standalone,Linux 4.15.0 x86_64,,epoll,7.4.0,251,557aac8a9f264c1c4e7694c10860164b7a721b55,1184020,1,Communications
8/1/2020 19:30,103.104.123.76,tcp,6379,static-ptr.vndata.vn,redis,5.0.8,135932,VN,HA NOI,HANOI,0,,0,0,77527a95f43c3567,standalone,Linux 3.10.0-957.12.2.el7.x86_64 x86_64,,epoll,8.3.0,1,dfc80bdc4ccd9a4eebfb2345d87f73ed7396d42a,506370,5,Communications
8/1/2020 19:30,14.225.5.152,tcp,6379,,redis,3.0.504,135905,VN,HA NOI,HANOI,517311,,0,0,a4f7a6e86f2d60b3,standalone,Windows,,WinSock_IOCP,,7852,9f0db690378bb069c92ed8560983af593e2ed233,2972187,9,Communications
8/1/2020 19:30,118.69.82.167,tcp,6379,,redis,6.0.5,18403,VN,HO CHI MINH,THANH PHO HO CHI MINH,517311,,0,0,db63ea56716d515f,standalone,Linux 4.15.0-109-generic x86_64,,epoll,8.3.0,1,fc897b00614ad4cfb68832c052e0774595f8e889,126611,1,Communications
8/1/2020 19:30,125.212.203.250,tcp,6379,,redis,3.0.6,38731,VN,HA NOI,HANOI,517312,,0,0,7785291a3d2152db,standalone,Linux 4.4.0-87-generic x86_64,,epoll,5.4.0,431,bc97ef8643af09086504cf0c8ef159ccb661a005,1001265,9,Communications
8/1/2020 19:31,27.72.63.103,tcp,6379,dynamic-ip-adsl.viettel.vn,redis,3.0.504,7552,VN,HA NOI,HANOI,517312,,0,0,a4f7a6e86f2d60b3,standalone,Windows,,WinSock_IOCP,,3836,425fa193024eb9d32ecf0e563c306e2972c03d3b,212440,1,Communications
8/1/2020 19:31,210.245.26.186,tcp,6379,,redis,3.0.504,18403,VN,HO CHI MINH,THANH PHO HO CHI MINH,517311,,0,0,a4f7a6e86f2d60b3,standalone,Windows,,WinSock_IOCP,,2088,163c6e554b0a5c77ee28a930ca2a4aeff50ad9e3,3679467,8,Communications
8/1/2020 19:31,27.72.249.155,tcp,6379,dynamic-ip-adsl.viettel.vn,redis,2.1.5,7552,VN,THAI NGUYEN,THAI NGUYEN,517312,,0,0,,,,,winsock2,,1292,,76260,1,Communications
8/1/2020 19:31,103.89.85.172,tcp,6379,,redis,5.0.5,63731,VN,HO CHI MINH,THANH PHO HO CHI MINH,0,,0,0,4d0898999c5f857,standalone,Linux 4.4.0-178-generic x86_64,,epoll,6.3.0,1,05661185f4de64e3d2cbd625abe99f3844c9d239,1618378,1,Communications
8/1/2020 19:31,103.133.107.105,tcp,6379,,redis,3.0.504,135905,VN,HA NOI,HANOI,0,,0,0,a4f7a6e86f2d60b3,standalone,Windows,,WinSock_IOCP,,5864,6d1ab5109c1e8978ddfa85039246c30a6862089f,4851520,28,Communications
8/1/2020 19:31,125.212.193.27,tcp,6379,,redis,3.2.12,38731,VN,HA NOI,HANOI,517312,,0,0,b2d74fe5fff7657d,standalone,Linux 2.6.32-754.24.3.el6.x86_64 x86_64,,epoll,4.4.7,58629,58dc45b8500a9bc871e41e74e232cbaca13bdab3,16720906,1,Communications
8/1/2020 19:31,27.74.247.203,tcp,6379,localhost,redis,3.2.12,7552,VN,HO CHI MINH,THANH PHO HO CHI MINH,517312,,0,0,7897e7d0e13773f,standalone,Linux 4.20.0-1.el7.elrepo.x86_64 x86_64,,epoll,4.8.5,6457,48b82619bc683cf77c4e7c53465dd9297ae252e1,127967,18,Communications
8/1/2020 19:31,118.70.33.98,tcp,6379,,redis,3.2.12,18403,VN,HA NOI,HANOI,517311,,0,0,7897e7d0e13773f,standalone,Linux 3.10.0-1062.18.1.el7.x86_64 x86_64,,epoll,4.8.5,1665,d278c7038e7233aca6fd8949f1226ffca65cf116,1016861,1,Communications
8/1/2020 19:32,45.119.80.49,tcp,6379,,redis,3.0.503,131386,VN,HO CHI MINH,THANH PHO HO CHI MINH,0,,0,0,d14575c6134f877,standalone,Windows,,WinSock_IOCP,,152,9fa7d6bd933f1c784b9b120c37bdab0ba3336027,9186,29,Communications
8/1/2020 19:32,112.137.129.102,tcp,6379,,redis,3.2.12,45542,VN,HA NOI,HANOI,0,,0,0,7897e7d0e13773f,standalone,Linux 3.10.0-1127.10.1.el7.x86_64 x86_64,,epoll,4.8.5,2381,f46c57495aa7fa0c37372b0d625acc0dae6a93d6,2132701,103,Communications
8/1/2020 19:32,115.165.166.194,tcp,6379,,redis,3.2.12,45903,VN,HA NOI,HANOI,0,,0,0,7897e7d0e13773f,standalone,Linux 3.10.0-229.el7.x86_64 x86_64,,epoll,4.8.5,1088,b8b30e627f5160371d365fad407c8681a5fa6355,4925656,1,Communications
8/1/2020 19:32,113.161.54.200,tcp,6379,static.vnpt.vn,redis,5.9.101,45899,VN,HO CHI MINH,THANH PHO HO CHI MINH,517311,,0,0,d7b6f1c8be3c4f0a,standalone,Linux 5.4.0-42-generic x86_64,,epoll,8.3.0,1,2cda7de34d2eff75cff201aecbcea52ed889fa31,144998,11,Communications
8/1/2020 19:32,14.225.2.40,tcp,6379,static.vnpt.vn,redis,6.0.6,45899,VN,HA NOI,HANOI,517311,,0,0,2fc5ea359ee70c95,standalone,Linux 3.10.0-1062.el7.x86_64 x86_64,,epoll,9.3.0,1,805747ae98857fa1c81a2cd7603521040afccac8,448578,1,Communications
8/1/2020 19:32,202.134.19.107,tcp,6379,static.cmcti.vn,redis,3.0.504,45903,VN,HA NOI,HANOI,0,,0,0,a4f7a6e86f2d60b3,standalone,Windows,,WinSock_IOCP,,16012,8b07799968f244e3cb3474eb29d193c5e8551b50,1600107,7,Communications
8/1/2020 19:32,103.137.4.20,tcp,6379,,redis,3.0.6,18403,VN,HA NOI,HANOI,0,,0,0,7785291a3d2152db,standalone,Linux 4.4.0-87-generic x86_64,,epoll,5.4.0,1069,68f52919d691e3b91e1158d845f3d2d10b1f5b3f,9194697,25,Communications
8/1/2020 19:32,61.14.238.141,tcp,6379,,redis,6.0.5,63731,VN,HO CHI MINH,THANH PHO HO CHI MINH,0,,0,0,db63ea56716d515f,standalone,Linux 4.4.0-184-generic x86_64,,epoll,8.3.0,1,af687a28ac5d010797e536548bd88f335c65e334,2867330,4,Communications
8/1/2020 19:32,123.25.21.16,tcp,6379,static.vnpt-hanoi.com.vn,redis,6.0.3,45899,VN,HA NOI,HANOI,517311,,0,0,839141755a9d16cb,standalone,Linux 3.10.0-1127.10.1.el7.x86_64 x86_64,,epoll,8.3.0,1,077503e3b058e94d5219d88db0e9b091e3fdec53,2914883,1,Communications
8/1/2020 19:32,61.14.238.190,tcp,6379,,redis,3.0.504,63731,VN,HO CHI MINH,THANH PHO HO CHI MINH,0,,0,0,a4f7a6e86f2d60b3,standalone,Windows,,WinSock_IOCP,,3288,ffd553eae9f540228d1fe5071684eae1162788ec,2492435,25,Communications
8/1/2020 19:33,14.225.5.206,tcp,6379,,redis,3.0.504,135905,VN,HA NOI,HANOI,517311,,0,0,a4f7a6e86f2d60b3,standalone,Windows,,WinSock_IOCP,,1892,75dfe1d4ff5bfdbfddf20a6c148df4badc93471f,7720407,51,Communications
8/1/2020 19:33,123.31.47.110,tcp,6379,static.vnpt.vn,redis,3.0.504,45899,VN,HA NOI,HANOI,517311,,0,0,a4f7a6e86f2d60b3,standalone,Windows,,WinSock_IOCP,,5628,6368055306d54d4a8bd3605cfcbdfbdfb3570653,4548425,14,Communications
8/1/2020 19:33,103.92.31.232,tcp,6379,,redis,6.0.5,56150,VN,HA NOI,HANOI,0,,0,0,db63ea56716d515f,standalone,Linux 4.15.0-96-generic x86_64,,epoll,8.3.0,1,6ba5d5200b5a3276552a7c47109be0f5b0ea508f,1474136,3,Communications
8/1/2020 19:33,171.244.37.138,tcp,6379,,redis,3.2.100,38731,VN,HA NOI,HANOI,517312,,0,0,dd26f1f93c5130ee,standalone,Windows,,WinSock_IOCP,,1644,e35a32492fa2054ab41004d87acf42ab8449bcd7,2265821,5,Communications
8/1/2020 19:33,45.119.85.156,tcp,6379,,redis,3.0.504,131386,VN,HA NOI,HANOI,0,,0,0,a4f7a6e86f2d60b3,standalone,Windows,,WinSock_IOCP,,1452,332074f54af0a4a45638a6afb0a8e0b66730795d,1099760,6,Communications
8/1/2020 19:33,14.232.215.139,tcp,6379,static.vnpt.vn,redis,3.0.503,45899,VN,HA NOI,HANOI,517311,,0,0,d14575c6134f877,standalone,Windows,,WinSock_IOCP,,2472,3fe63a7fe8dd168797ed0920591241fa528b5fda,15341232,16,Communications
8/1/2020 19:34,171.244.52.101,tcp,6379,,redis,3.2.100,38731,VN,HA NOI,HANOI,517312,,0,0,dd26f1f93c5130ee,standalone,Windows,,WinSock_IOCP,,2208,19c1e3dbd6a9ad48f81c3af87ddb714081a60d17,12483352,77,Communications
8/1/2020 19:34,125.234.102.148,tcp,6379,125.234.102.148.hcm.viettel.vn,redis,3.0.504,7552,VN,HA NOI,HANOI,0,,0,0,a4f7a6e86f2d60b3,standalone,Windows,,WinSock_IOCP,,2804,0c504cccc93ddff4e91aa1443ed9a620fc7c3238,6862748,27,Communications
8/1/2020 19:34,14.225.3.139,tcp,6379,,redis,3.0.504,45899,VN,HA NOI,HANOI,517311,,0,0,a4f7a6e86f2d60b3,standalone,Windows,,WinSock_IOCP,,1708,f2b0361d20f92f7af8ec5906ff512d7f72adad4e,32252634,92,Communications
8/1/2020 19:34,103.226.249.132,tcp,6379,,redis,3.0.504,135905,VN,HA NOI,HANOI,0,,0,0,a4f7a6e86f2d60b3,standalone,Windows,,WinSock_IOCP,,2328,d6ff4f33f715d5d2fedd41d20cec8d92253a1d9c,2806674,11,Communications
8/1/2020 19:34,103.104.123.23,tcp,6379,static-ptr.vndata.vn,redis,6.0.4,135932,VN,HA NOI,HANOI,0,,0,0,d5d470262d47f1a0,standalone,Linux 3.10.0-957.12.2.el7.x86_64 x86_64,,epoll,8.3.0,1,335fe5b3a366df29638c44b76edafa6026888b2f,159878,11,Communications
8/1/2020 19:34,124.158.4.11,tcp,6379,,redis,3.2.11,38732,VN,HA NOI,HANOI,0,,0,0,ef08edc3eb2339c3,standalone,Linux 3.10.0-693.5.2.el7.x86_64 x86_64,,epoll,4.9.2,1,bece26d09692f37738f03a36bf526d5f6cf2ff2d,57491,1,Communications
8/1/2020 19:34,171.244.143.201,tcp,6379,,redis,3.0.503,7552,VN,HA NOI,HANOI,517312,,0,0,d14575c6134f877,standalone,Windows,,WinSock_IOCP,,1488,7a59025bcaa12dc8d1419bdcf96a482fa80beacb,2549518,10,Communications
8/1/2020 19:34,118.70.183.110,tcp,6379,,redis,3.2.100,18403,VN,HA NOI,HANOI,517311,,0,0,dd26f1f93c5130ee,standalone,Windows,,WinSock_IOCP,,2440,360cf42917e74db1513a415ed3008c34fe848f31,1013978,8,Communications
8/1/2020 19:34,150.95.109.60,tcp,6379,v150-95-109-60.a00b.g.han1.static.cnode.io,redis,3.0.504,131392,VN,HA NOI,HANOI,0,,0,0,a4f7a6e86f2d60b3,standalone,Windows,,WinSock_IOCP,,1216,c42ca932dea0dae8ba1681d182d165c929ad2c82,1359007,10,Communications
8/1/2020 19:34,103.1.238.12,tcp,6379,mx23812.superdata.vn,redis,6.0.5,45544,VN,HA NOI,HANOI,0,,0,0,db63ea56716d515f,standalone,Linux 4.15.0-22-generic x86_64,,epoll,8.3.0,1,aee1986d6e152b6485e2c2529b1b3f247ab70128,211843,38,Communications
8/1/2020 19:34,125.212.254.43,tcp,6379,,redis,6.0.5,3873,VN,BA RIA-VUNG TAU,VUNG TAU,517312,,0,0,db63ea56716d515f,standalone,Linux 3.10.0-1062.12.1.el7.x86_64 x86_64,,epoll,8.3.0,1,cb3437f8daa3281f81cfbb9494c7ec26ad9335b8,995992,1,Communications
8/1/2020 19:34,103.9.159.42,tcp,6379,,redis,6.0.5,63730,VN,HO CHI MINH,THANH PHO HO CHI MINH,0,,0,0,db63ea56716d515f,standalone,Linux 3.10.0-1127.el7.x86_64 x86_64,,epoll,8.3.0,1,7280a76627721dd78ab10477226a8726c8ccc337,1228709,1,Communications
8/1/2020 19:34,103.137.4.77,tcp,6379,,redis,3.2.100,18403,VN,HA NOI,HANOI,0,,0,0,dd26f1f93c5130ee,standalone,Windows,,WinSock_IOCP,,2192,e43e1533f2f323e50f0434da2a003d07fcbc0050,1704682,18,Communications
8/1/2020 19:34,112.78.1.98,tcp,6379,veganmart.vn,redis,3.2.12,45538,VN,HO CHI MINH,THANH PHO HO CHI MINH,0,,0,0,7897e7d0e13773f,standalone,Linux 3.10.0 x86_64,,epoll,4.8.5,716,e32faf8635afd15e4362bf9053f22e0a13884dca,6555208,34,Communications
8/1/2020 19:34,14.232.244.163,tcp,6379,static.vnpt.vn,redis,3.0.503,45899,VN,HA NOI,HANOI,517311,,0,0,d14575c6134f877,standalone,Windows,,WinSock_IOCP,,4476,60e435c63f5b93b390e886199b2162d3c12c0e7a,232436,1,Communications
8/1/2020 19:35,42.118.166.42,tcp,6379,,redis,5.0.6,18403,VN,HA NOI,HANOI,517311,,0,0,c33a24c35f10df99,standalone,Linux 3.10.0-1127.8.2.el7.x86_64 x86_64,,epoll,8.3.0,1,23a0449ffa12e58aba594ba76c5431f193db08e4,813706,1,Communications
8/1/2020 19:35,61.28.235.160,tcp,6379,,redis,5.0.7,38244,VN,HO CHI MINH,THANH PHO HO CHI MINH,0,,0,0,91145edf25c40cd7,standalone,Linux 3.10.0-1062.1.2.el7.x86_64 x86_64,,epoll,4.8.5,1472,19b05d3bba4079dff628d99f334aab1393a9da56,2734560,1,Communications
8/1/2020 19:35,112.78.8.137,tcp,6379,,redis,3.0.504,45538,VN,HO CHI MINH,THANH PHO HO CHI MINH,0,,0,0,a4f7a6e86f2d60b3,standalone,Windows,,WinSock_IOCP,,1948,6c702963c31be1953f821ac099dd87973744d9c4,15937301,55,Communications
8/1/2020 19:35,103.104.123.134,tcp,6379,static-ptr.vndata.vn,redis,6.0.1,135932,VN,HA NOI,HANOI,0,,0,0,4935af324665042b,standalone,Linux 3.10.0-1062.12.1.el7.x86_64 x86_64,,epoll,8.3.0,1,fcd3a73102f172f39d98833ffaf3d84973d4b674,3271874,4,Communications
8/1/2020 19:36,123.31.30.110,tcp,6379,static.vnpt.vn,redis,3.2.12,45899,VN,HA NOI,HANOI,517311,,0,0,b2d74fe5fff7657d,standalone,Linux 2.6.32-754.6.3.el6.x86_64 x86_64,,epoll,4.4.7,2658,7487896a5657b14a1e14732ead8b46e6b3093e25,23363486,1,Communications
8/1/2020 19:36,124.158.10.214,tcp,6379,,redis,3.0.504,38733,VN,HO CHI MINH,THANH PHO HO CHI MINH,0,,0,0,a4f7a6e86f2d60b3,standalone,Windows,,WinSock_IOCP,,2024,44174cc2c7fe8eed72e66005a89a5c6d0345a515,1724021,11,Communications
8/1/2020 19:36,123.31.30.108,tcp,6379,static.vnpt.vn,redis,3.2.12,45899,VN,HA NOI,HANOI,517311,,0,0,b2d74fe5fff7657d,standalone,Linux 2.6.32-754.6.3.el6.x86_64 x86_64,,epoll,4.4.7,2658,7487896a5657b14a1e14732ead8b46e6b3093e25,23363490,1,Communications
8/1/2020 19:36,202.134.19.105,tcp,6379,static.cmcti.vn,redis,3.0.504,45903,VN,HA NOI,HANOI,0,,0,0,a4f7a6e86f2d60b3,standalone,Windows,,WinSock_IOCP,,3200,3336e793cb06cf44f32994ce4c49d82ff280c262,8327068,42,Communications
8/1/2020 19:36,103.146.22.210,tcp,6379,,redis,5.0.9,131366,VN,HA NOI,HANOI,0,,0,0,599348814c01830d,standalone,Linux 4.15.0-22-generic x86_64,,epoll,9.3.0,1,81ecc15a0087050e6007ce2943b9899c53779030,621146,1,Communications
8/1/2020 19:36,123.31.30.62,tcp,6379,static.vnpt.vn,redis,3.0.501,45899,VN,HA NOI,HANOI,517311,,0,0,ba05b51e58eb9205,standalone,Windows,,WinSock_IOCP,,27124,31c167f6ee92797bd166e9d2100172b7406eee07,3928375,16,Communications
8/1/2020 19:36,103.35.65.31,tcp,6379,,redis,6.0.0,18403,VN,HA NOI,HANOI,517311,,0,0,206b049ab77cda74,standalone,Linux 4.15.0-72-generic x86_64,,epoll,8.3.0,1,415c891532bbf506c88e5deca7271ac78e1c9376,2031448,3,Communications
8/1/2020 19:36,113.162.190.197,tcp,6379,static.vnpt.vn,redis,4.0.9,45899,VN,HO CHI MINH,THANH PHO HO CHI MINH,517311,,0,0,76095d16786fbcba,standalone,Linux 4.4.59+ x86_64,,epoll,7.3.0,1,52a8f7b73a039220ffb1340d83034af5f2ae0809,272485,1,Communications
8/1/2020 19:37,103.68.68.14,tcp,6379,,redis,3.0.503,18403,VN,HO CHI MINH,THANH PHO HO CHI MINH,0,,0,0,d14575c6134f877,standalone,Windows,,WinSock_IOCP,,1224,a23f01e039db39e0ac923b198b5adfe632862d30,925010,4,Communications
8/1/2020 19:37,103.42.57.67,tcp,6379,grimpoor.org,redis,3.0.504,45899,VN,HA NOI,HANOI,0,,0,0,a4f7a6e86f2d60b3,standalone,Windows,,WinSock_IOCP,,2284,fae1ca8a36a7181ca8fe6544e14eac2a74ef8408,3208022,13,Communications
8/1/2020 19:37,101.53.13.45,tcp,6379,mail.tdt.edu.vn,redis,3.0.504,24173,VN,HO CHI MINH,THANH PHO HO CHI MINH,0,,0,0,a4f7a6e86f2d60b3,standalone,Windows,,WinSock_IOCP,,7884,ea4f8cd1dbb16e7837e8cb34f68e560431718110,2302217,7,Communications
8/1/2020 19:37,27.72.56.116,tcp,6379,dynamic-ip-adsl.viettel.vn,redis,5.0.9,7552,VN,HA NOI,HANOI,517312,,,,,standalone,Windows Server 6.3.9600,,WinSock_IOCP,,1720,0a092532aaffeb0a97df4987a62b98bcadfe633c,498341,1,Communications
8/1/2020 19:37,171.244.9.248,tcp,6379,,redis,3.2.100,38731,VN,HA NOI,HANOI,517312,,0,0,dd26f1f93c5130ee,standalone,Windows,,WinSock_IOCP,,2084,84644378a7fc262e2d0383f0514df2764658d5fb,986495,65,Communications
8/1/2020 19:37,103.107.183.225,tcp,6379,,redis,3.2.12,45899,VN,HA NOI,HANOI,0,,0,0,7897e7d0e13773f,standalone,Linux 3.10.0-1127.13.1.el7.x86_64 x86_64,,epoll,4.8.5,912,ab43e9876987c8af8e60166a2a9f612b9bd83601,159185,1,Communications
8/1/2020 19:37,123.31.17.114,tcp,6379,static.vnpt.vn,redis,3.0.504,45899,VN,HA NOI,HANOI,517311,,0,0,a4f7a6e86f2d60b3,standalone,Windows,,WinSock_IOCP,,2308,526a93d6f26247448aca4e4ee402e40a31578b1c,1358181,6,Communications
8/1/2020 19:37,27.118.16.107,tcp,6379,,redis,3.2.12,55313,VN,HO CHI MINH,THANH PHO HO CHI MINH,0,,0,0,7897e7d0e13773f,standalone,Linux 3.10.0-957.10.1.el7.x86_64 x86_64,,epoll,4.8.5,5198,83b1fc95f49187231b80a772576637b312110e26,6005705,1,Communications
8/1/2020 19:37,171.244.33.2,tcp,6379,,redis,3.0.503,38731,VN,HA NOI,HANOI,517312,,0,0,d14575c6134f877,standalone,Windows,,WinSock_IOCP,,5348,0a9f89a317812a11ab917c8a1e08bffdcc33bc70,3334469,6,Communications
8/1/2020 19:37,123.31.17.59,tcp,6379,static.vnpt.vn,redis,3.2.12,45899,VN,HA NOI,HANOI,517311,,0,0,7897e7d0e13773f,standalone,Linux 3.10.0-957.27.2.el7.x86_64 x86_64,,epoll,4.8.5,27876,2484286c7940d3934941e6e7106c3148c1ff23ef,12239826,2,Communications
8/1/2020 19:38,103.92.31.26,tcp,6379,,redis,6.0.5,56150,VN,HA NOI,HANOI,0,,0,0,db63ea56716d515f,standalone,Linux 4.15.0-101-generic x86_64,,epoll,8.3.0,1,f2d5cd071d6a9dd06603573e459cffd5216bc0d8,565211,1,Communications
8/1/2020 19:38,123.30.128.28,tcp,6379,static.vnpt.vn,redis,5.0.7,7643,VN,HA NOI,HANOI,517311,,0,0,5f6bfe2b13cc4617,standalone,Linux 3.13.0-32-generic x86_64,,epoll,8.3.0,1,8a0bfb3203040aa0c3430533b87f94d58fbd43a6,14718541,14,Communications
8/1/2020 19:38,103.104.123.98,tcp,6379,static-ptr.vndata.vn,redis,6.0.5,135932,VN,HA NOI,HANOI,0,,0,0,db63ea56716d515f,standalone,Linux 4.15.0-52-generic x86_64,,epoll,8.3.0,8,39cd61e5948aa159b0fbcda4400278a72a247ace,2908062,1,Communications
8/1/2020 19:38,118.69.169.209,tcp,6379,,redis,3.0.7,18403,VN,HA NOI,HANOI,517311,,0,0,869e89100d5ea8c2,standalone,Linux 3.13.0-116-generic x86_64,,epoll,4.8.4,1366,68e26bb45a7251d4cdf3605da5d3cd50646c82e0,38247792,1,Communications
8/1/2020 19:38,125.212.239.226,tcp,6379,,redis,4.0.6,38731,VN,HA NOI,HANOI,517312,,0,0,f1060815dd32471a,standalone,Linux 3.10.0-1062.9.1.el7.x86_64 x86_64,,epoll,4.9.2,1,be55c18c44e491060b819d7b8ffc8513a5e72bab,726790,1,Communications
8/1/2020 19:38,125.212.254.25,tcp,6379,,redis,3.0.504,3873,VN,BA RIA-VUNG TAU,VUNG TAU,517312,,0,0,a4f7a6e86f2d60b3,standalone,Windows,,WinSock_IOCP,,8508,c1a7e717450b14350c48150b1659917e9f60a454,3850363,9,Communications
8/1/2020 19:40,203.162.241.90,tcp,6379,static.vnpt.vn,redis,3.0.504,45899,VN,HAI PHONG,HAI PHONG,517311,,0,0,a4f7a6e86f2d60b3,standalone,Windows,,WinSock_IOCP,,3416,5b9cf0d3729d2a235656293934ef84b2790ff9de,5052620,16,Communications
8/1/2020 19:40,210.211.96.156,tcp,6379,,redis,3.0.6,38731,VN,HO CHI MINH,THANH PHO HO CHI MINH,0,,0,0,28b6715d3583bf8e,standalone,Linux 4.4.0-154-generic x86_64,,epoll,5.4.0,1321,83d3973be36f906fe7964c1145cb0381913151b6,491806,2,Communications
8/1/2020 19:40,203.171.27.178,tcp,6379,static.cmcti.vn,redis,3.2.6,45903,VN,HA NOI,HANOI,0,,0,0,a2cab475abc2115e,standalone,Linux 4.9.0-8-amd64 x86_64,,epoll,6.3.0,707,229ff683fe8f26b4de608ef27fef6c0496b3fd84,1593570,71,Communications
8/1/2020 19:40,123.31.12.87,tcp,6379,static.vnpt.vn,redis,3.2.9,135905,VN,HA NOI,HANOI,517311,,0,0,7dd72c12d1824a7b,standalone,Linux 3.10.0-957.1.3.el7.x86_64 x86_64,,epoll,6.3.0,1,5797340dfb682ae5ed0271f849419d35d6970aa9,17336930,1,Communications
8/1/2020 19:40,27.71.237.45,tcp,6379,,redis,6.0.5,7552,VN,HO CHI MINH,THANH PHO HO CHI MINH,517312,,0,0,10b0cab5645d1a8c,standalone,Linux 3.10.0-1127.10.1.el7.x86_64 x86_64,,epoll,9.3.0,1,877d0c742d2679da5525460ffdade51155055a82,1274613,1,Communications
8/1/2020 19:40,171.244.37.51,tcp,6379,,redis,2.8.4,38731,VN,HA NOI,HANOI,517312,,0,0,645b61b5aa39f6b1,standalone,Linux 4.4.0-130-generic x86_64,,epoll,4.8.4,68358,7a6e1f7299c140483c6d892b9205ad22cb8eae56,4571819,10,Communications
8/1/2020 19:40,171.231.129.149,tcp,6379,dynamic-ip-adsl.viettel.vn,redis,3.0.504,7552,VN,BINH DINH,QUI NHON,517312,,0,0,a4f7a6e86f2d60b3,standalone,Windows,,WinSock_IOCP,,9004,ad42b7e071189f67d8401a1f91c711b42a490cfb,159829,1,Communications
8/1/2020 19:40,118.69.184.110,tcp,6379,,redis,3.2.12,18403,VN,HO CHI MINH,THANH PHO HO CHI MINH,517311,,0,0,7897e7d0e13773f,standalone,Linux 3.10.0-957.12.2.el7.x86_64 x86_64,,epoll,4.8.5,5676,26aadf8893cafe9dc391e60fcf41d7b72c1ba774,1530395,1,Communications
8/1/2020 19:40,14.161.31.27,tcp,6379,static.vnpt.vn,redis,3.2.12,45899,VN,HO CHI MINH,THANH PHO HO CHI MINH,517311,,0,0,7897e7d0e13773f,standalone,Linux 3.10.0-229.el7.x86_64 x86_64,,epoll,4.8.5,19814,82d5aab02271b0293a3b0a7779bbc92ed958d82e,14188156,1,Communications
8/1/2020 19:40,116.110.54.46,tcp,6379,,redis,5.0.7,24086,VN,DA NANG,DA NANG,517312,,0,0,825c96d6c798641,standalone,Linux 5.4.0-42-generic x86_64,,epoll,8.3.0,1,79b73f8739928430f1ff9429f09185d29e833d2c,386213,3,Communications
8/1/2020 19:40,103.139.102.95,tcp,6379,,redis,3.2.12,18403,VN,HA NOI,HANOI,0,,0,0,7897e7d0e13773f,standalone,Linux 3.10.0-1127.el7.x86_64 x86_64,,epoll,4.8.5,25505,bd8a201a60dc4fe8f5fa3e75f1bd64c411a8aa10,908195,9,Communications
8/1/2020 19:40,103.142.139.80,tcp,6379,,redis,6.0.6,63731,VN,HA NOI,HANOI,0,,0,0,97204d6a2bf74d2c,standalone,Linux 4.15.0-55-generic x86_64,,epoll,8.3.0,1,5c60853c7e417e4d0ee7ff029df3489847df7c1f,281138,7,Communications
8/1/2020 19:40,123.30.154.132,tcp,6379,static.vnpt.vn,redis,3.0.504,45899,VN,HA NOI,HANOI,517311,,0,0,a4f7a6e86f2d60b3,standalone,Windows,,WinSock_IOCP,,17364,84cff1aea36d507a5e25af2300ca8085bec7cbc6,261249,2,Communications
8/1/2020 19:40,171.245.136.245,tcp,6379,dynamic-ip-adsl.viettel.vn,redis,6.0.4,7552,VN,HO CHI MINH,THANH PHO HO CHI MINH,517312,,0,0,d5d470262d47f1a0,standalone,Linux 5.4.0-42-generic x86_64,,epoll,8.3.0,1,fa5295cd722c6afea383ee82fd8e1a0b353e2397,175645,2,Communications
8/1/2020 19:40,103.69.193.77,tcp,6379,,redis,5.9.102,45899,VN,HA NOI,HANOI,0,,0,0,7f5a2ba249a2dec5,standalone,Linux 4.15.0-46-generic x86_64,,epoll,9.2.0,1,cd46c383474ccd21f750b0ad0a0874d736f7b585,2626795,1,Communications
8/1/2020 19:40,125.212.226.146,tcp,6379,,redis,3.2.100,38731,VN,HA NOI,HANOI,517312,,0,0,dd26f1f93c5130ee,standalone,Windows,,WinSock_IOCP,,6492,3e600979e03b91674cdd1eb88f05bfbbef5c92bb,1701583,21,Communications
8/1/2020 19:41,14.241.251.17,tcp,6379,static.vnpt.vn,redis,3.0.504,45899,VN,HO CHI MINH,THANH PHO HO CHI MINH,517311,,0,0,a4f7a6e86f2d60b3,standalone,Windows,,WinSock_IOCP,,5812,0c50c58bd096714ef621c117d347670d9c4289d7,217781,2,Communications
8/1/2020 19:41,103.74.122.113,tcp,6379,sv122113.bkns.vn,redis,3.0.501,135967,VN,HA NOI,HANOI,0,,0,0,ba05b51e58eb9205,standalone,Windows,,WinSock_IOCP,,7984,2e4bd6a171dc59f945815d640c937af478f662c5,3252331,21,Communications
8/1/2020 19:41,42.118.242.157,tcp,6379,,redis,6.0.1,18403,VN,HO CHI MINH,THANH PHO HO CHI MINH,517311,,0,0,4935af324665042b,standalone,Linux 3.10.0-1062.12.1.el7.x86_64 x86_64,,epoll,8.3.0,1,f9b0ae0e5148852e5170a357ebd1f932c7baf6f1,1681978,5,Communications
8/1/2020 19:41,171.244.50.207,tcp,6379,,redis,3.0.504,38731,VN,HA NOI,HANOI,517312,,0,0,a4f7a6e86f2d60b3,standalone,Windows,,WinSock_IOCP,,3872,7644c62e4f91e3ac70abdfa69f02093f24549b78,5708252,11,Communications
